Property_ID,City,Location,BHK,Bathrooms,Size_in_SqFt,Age_of_Property,Parking,Floor,Total_Floors,Furnishing,Distance_to_Metro_km,School_Rating,Hospital_Distance_km,Crime_Index,Price_in_Lakhs
1,Hyderabad,Gachibowli,3,3,1807,4,0,23,26,Furnished,1.5,3.6,0.5,3,207.1
2,Hyderabad,Miyapur,2,3,1125,14,2,27,30,Unfurnished,12.1,4.2,2.9,2.4,84.5
3,Chennai,OMR,1,2,499,11,2,8,24,Furnished,11,3.8,7.8,4.4,37.3
4,Chennai,Porur,2,1,946,21,1,9,29,Furnished,12.9,4.7,3.2,5.1,63.5
5,Bengaluru,Electronic City,3,3,1896,22,0,20,24,Unfurnished,11,2.9,3.2,9.9,125.8
6,Bengaluru,Electronic City,1,1,870,1,2,8,17,Unfurnished,13.7,3.9,5.8,2.9,60.7
7,Pune,Wakad,3,3,1855,23,2,18,28,Semi-Furnished,8.8,3.4,8,2.2,125.7
8,Hyderabad,Gachibowli,2,2,1711,21,3,2,24,Semi-Furnished,9,3.7,2.2,6,160.3
9,Hyderabad,Miyapur,3,3,1578,9,3,7,10,Unfurnished,10.9,4.3,7.8,7.9,103.2
10,Hyderabad,Kondapur,5,5,2876,11,1,16,22,Furnished,9.1,3.7,1.2,4.3,291.9
11,Chennai,Velachery,1,1,899,18,0,7,7,Furnished,14.7,3.8,1.3,6.9,58.1
12,Bengaluru,Electronic City,5,6,3117,17,1,9,27,Semi-Furnished,10.1,3.4,7.2,5.1,255
13,Hyderabad,Kondapur,1,1,751,7,0,0,7,Unfurnished,13.6,4.6,0.8,3.1,58.2
14,Bengaluru,Marathahalli,2,3,1148,25,3,13,30,Unfurnished,1.6,3.6,3.6,5.2,106.7
15,Hyderabad,Gachibowli,4,4,3439,3,1,3,11,Semi-Furnished,2.3,3,3.9,8.9,318.7
16,Hyderabad,Gachibowli,5,4,2632,24,1,6,10,Semi-Furnished,3.4,3.5,0.8,4.4,272.8
17,Chennai,Tambaram,3,4,2488,21,3,3,9,Unfurnished,14.5,3.9,4.5,7.7,112.3
18,Pune,Hadapsar,5,5,2482,16,0,1,10,Semi-Furnished,10.2,3.1,1.2,9,168.3
19,Hyderabad,Miyapur,1,2,786,18,2,3,13,Semi-Furnished,4.8,3.2,1.3,6.8,49
20,Hyderabad,Gachibowli,4,3,1950,17,1,8,21,Unfurnished,5.4,2.7,2.2,3.6,176.6
21,Chennai,Porur,5,4,3476,21,0,4,9,Unfurnished,1.8,3.9,2.4,6.4,216.8
22,Bengaluru,Electronic City,5,6,3278,1,0,13,25,Furnished,0.9,3.3,1.3,9.8,307.7
23,Pune,Hadapsar,4,3,2029,2,1,1,22,Furnished,8.8,2.9,1.3,3.8,170.2
24,Hyderabad,Kondapur,2,2,1582,3,2,17,29,Furnished,6.2,4.1,1.5,9.4,158
25,Bengaluru,Indiranagar,1,1,827,10,3,21,30,Furnished,12.2,3.2,6.4,2,99.6
26,Pune,Wakad,2,3,1258,9,1,0,12,Semi-Furnished,6.1,3.2,0.8,8,90
27,Pune,Hadapsar,3,2,1586,8,1,8,23,Unfurnished,9,3.4,6.4,4.9,109.3
28,Hyderabad,Kukatpally,5,5,3293,1,3,4,5,Furnished,8.2,4.3,6,7,277.3
29,Hyderabad,Kondapur,5,5,2760,23,2,9,21,Semi-Furnished,5,4.2,4.6,2.7,258.6
30,Pune,Wakad,5,5,3913,17,0,4,14,Unfurnished,11.8,4,2.8,5,250.1
31,Pune,Wakad,1,1,713,21,2,3,7,Semi-Furnished,3.5,3,0.5,3.2,47.5
32,Hyderabad,Kukatpally,4,4,3271,22,3,12,20,Unfurnished,9.9,2.5,6.1,7.9,193.5
33,Pune,Wakad,2,3,951,17,1,7,8,Unfurnished,7.1,3.8,4.6,3.9,72.9
34,Pune,Hadapsar,5,6,4494,14,1,27,28,Semi-Furnished,4,3.1,5.2,7.9,299
35,Bengaluru,Electronic City,4,3,3261,9,1,5,13,Semi-Furnished,8.2,2.8,2.1,7.2,261.2
36,Hyderabad,Kukatpally,4,4,2911,14,3,1,6,Furnished,6,4.4,7.6,1.2,250.6
37,Pune,Kharadi,1,1,602,24,3,17,18,Semi-Furnished,8.3,4,2,3,42.2
38,Hyderabad,Kukatpally,3,4,1688,14,1,17,24,Unfurnished,6,3.9,0.5,6.8,119.5
39,Pune,Wakad,1,1,644,10,1,10,19,Semi-Furnished,13.2,3.2,7.6,4.8,35.2
40,Pune,Hinjewadi,5,4,3683,7,0,20,29,Unfurnished,0.7,3.1,6.8,6.6,258.6
41,Pune,Hinjewadi,5,5,4154,22,2,11,29,Unfurnished,9.2,4.4,1.2,8.4,293.8
42,Hyderabad,Miyapur,1,1,744,21,3,6,17,Unfurnished,10.4,4.1,1.1,8,41.5
43,Hyderabad,Miyapur,1,1,722,13,2,5,7,Unfurnished,6.4,3.7,3.6,4.3,51.2
44,Pune,Wakad,4,4,3302,16,2,17,24,Semi-Furnished,7.1,4.6,4.9,3.9,230.2
45,Hyderabad,Kondapur,4,4,3336,14,3,0,15,Semi-Furnished,5,3.7,3,3.3,287.2
46,Chennai,Porur,1,1,493,7,3,17,20,Semi-Furnished,10.4,4.1,4.1,8.1,22.6
47,Bengaluru,Indiranagar,2,2,1579,18,2,17,20,Semi-Furnished,6.5,4.4,2.8,7.3,170.7
48,Chennai,Velachery,1,1,611,3,1,3,11,Semi-Furnished,4.3,4,6.2,6.4,61
49,Bengaluru,Electronic City,2,2,1083,9,0,17,27,Unfurnished,0.9,2.6,2.5,9.5,86.6
50,Pune,Hinjewadi,1,1,690,15,3,5,15,Furnished,3.9,4.7,1.2,1.6,70.1
51,Hyderabad,Madhapur,2,2,987,7,0,13,22,Semi-Furnished,11.9,3.1,4.3,5.1,83.8
52,Pune,Baner,5,4,2656,24,1,6,25,Unfurnished,1.4,3.1,4.6,2.4,212.7
53,Pune,Baner,1,1,597,22,2,27,27,Semi-Furnished,10.4,4.8,6.4,6.6,40.6
54,Bengaluru,Indiranagar,1,1,781,4,2,1,9,Unfurnished,11.9,4,6.6,9.3,68.7
55,Pune,Baner,4,4,2824,17,3,2,19,Semi-Furnished,13.4,4.3,4.9,1.2,228.4
56,Hyderabad,Kondapur,5,4,2967,15,3,2,13,Furnished,6.7,4.5,7.8,5.2,286.1
57,Chennai,OMR,2,2,1321,22,3,10,14,Furnished,12.2,3.9,3.8,3.8,92
58,Pune,Hadapsar,1,2,661,1,1,11,21,Semi-Furnished,7.6,3.6,0.7,3.4,48.1
59,Chennai,Tambaram,4,3,1859,20,1,5,27,Semi-Furnished,0.4,3.5,2,8.6,115.9
60,Hyderabad,Madhapur,4,4,2842,22,2,15,18,Furnished,3.8,3.9,3.3,9.3,282.1
61,Bengaluru,Whitefield,3,4,2046,25,2,2,5,Semi-Furnished,12.6,3.9,5.4,8.8,188.4
62,Pune,Baner,3,4,2282,10,1,7,27,Semi-Furnished,3.7,4.4,0.6,7.7,204
63,Pune,Kharadi,2,3,937,4,2,7,8,Unfurnished,13.7,2.5,1.4,8.8,75.2
64,Hyderabad,Kukatpally,3,3,2626,22,3,2,25,Furnished,12.8,4.6,3.2,3.8,202.1
65,Pune,Hadapsar,1,1,570,20,2,11,12,Unfurnished,14.7,4.4,5.7,1.9,20
66,Chennai,OMR,1,1,857,1,2,11,16,Semi-Furnished,3.8,3.5,5.5,2.6,64.8
67,Pune,Hadapsar,2,3,1497,4,1,8,19,Semi-Furnished,10.1,4.7,3.9,3.6,111.2
68,Hyderabad,Kukatpally,3,3,2658,13,2,9,19,Unfurnished,5.9,3.7,2.1,6.1,178.9
69,Chennai,OMR,4,4,1816,18,0,23,24,Semi-Furnished,13.6,3.2,6.5,6.5,124.6
70,Bengaluru,Marathahalli,3,3,2636,3,0,12,14,Semi-Furnished,8.8,4.3,1,3.7,242.9
71,Bengaluru,HSR Layout,2,2,1443,16,2,4,10,Furnished,14.2,4.9,2.6,8.8,161.3
72,Pune,Hinjewadi,2,2,1780,21,3,17,30,Semi-Furnished,11.9,2.5,4.4,5.1,116.8
73,Chennai,Porur,4,4,2021,21,1,0,20,Semi-Furnished,14.2,3.3,5,6.8,126.4
74,Pune,Baner,4,3,2086,1,0,7,14,Unfurnished,3.7,3.8,3.3,4.3,188.7
75,Pune,Hadapsar,2,3,1570,3,3,13,24,Furnished,4.3,4.2,2,5,127.9
76,Chennai,OMR,3,3,1474,12,2,1,11,Furnished,12.4,2.7,1.9,6.8,123.7
77,Hyderabad,Kondapur,2,2,1705,18,1,3,7,Semi-Furnished,12.2,3.1,6.3,8.1,121.8
78,Chennai,Velachery,2,2,1717,5,0,0,26,Unfurnished,5.5,4.5,4.8,1.1,122.9
79,Bengaluru,Indiranagar,5,4,2510,15,3,11,29,Semi-Furnished,1.8,3.8,7.6,1.4,317.9
80,Chennai,Tambaram,1,1,695,12,3,3,26,Semi-Furnished,13.7,2.7,0.9,6.5,20
81,Chennai,Porur,5,5,3810,19,2,16,19,Semi-Furnished,1.7,4.3,6.9,6.9,259.8
82,Bengaluru,Indiranagar,4,4,2647,10,3,13,17,Semi-Furnished,4.8,3.3,2.3,9.6,312.7
83,Pune,Hinjewadi,1,1,497,13,0,23,28,Semi-Furnished,2.1,2.6,7.7,6.1,34.2
84,Pune,Baner,4,3,2389,19,2,3,16,Semi-Furnished,3.3,4.1,2,2,218.7
85,Chennai,OMR,3,3,2228,17,0,21,24,Furnished,4.2,3,5.7,3.8,167.7
86,Hyderabad,Madhapur,2,3,971,4,0,3,7,Semi-Furnished,6.9,2.9,2.7,3.9,107.9
87,Hyderabad,Gachibowli,2,2,1672,19,0,2,26,Unfurnished,10,3.7,3.7,3.5,136
88,Hyderabad,Kondapur,4,3,2380,21,3,21,21,Semi-Furnished,3.5,5,0.7,2.8,233.2
89,Bengaluru,Electronic City,3,3,1595,0,3,13,28,Unfurnished,5.8,4.3,4.2,8.5,147.4
90,Hyderabad,Kukatpally,1,2,459,14,0,13,15,Semi-Furnished,10.7,3.5,1.2,1.2,29.6
91,Pune,Baner,1,2,882,3,1,18,18,Semi-Furnished,1.4,4.7,6,3,95.6
92,Hyderabad,Miyapur,1,1,847,11,2,26,28,Semi-Furnished,2.4,2.8,2.3,2.6,53
93,Hyderabad,Madhapur,4,5,3345,18,3,18,26,Semi-Furnished,14.8,3.3,7.8,3.8,291.4
94,Pune,Kharadi,3,3,2561,1,2,2,21,Semi-Furnished,6.9,2.6,6.7,1.7,211.9
95,Hyderabad,Miyapur,5,6,4145,18,0,18,19,Semi-Furnished,5,3.7,1.5,1.6,277.6
96,Chennai,OMR,5,5,2410,7,3,16,19,Semi-Furnished,2.5,3.4,2.5,4.7,208.9
97,Hyderabad,Kondapur,1,1,498,17,3,4,14,Semi-Furnished,9.9,4.8,7,4,42.7
98,Bengaluru,Electronic City,3,4,1614,19,0,8,14,Semi-Furnished,11.9,4.5,5.5,8.5,133.4
99,Hyderabad,Kukatpally,5,5,2324,11,2,3,10,Semi-Furnished,11.5,3,8,2.4,181.6
100,Hyderabad,Miyapur,5,4,3629,24,1,12,24,Unfurnished,2.9,4.2,5.1,9.1,226.5
101,Hyderabad,Kukatpally,3,3,2259,19,2,23,29,Semi-Furnished,3.7,3.1,7.7,8.1,165.8
102,Bengaluru,Electronic City,5,6,4141,24,2,12,29,Semi-Furnished,6.4,2.9,1.8,6.4,341.4
103,Hyderabad,Kukatpally,3,2,2406,3,2,2,7,Unfurnished,13.6,2.9,3.7,9.5,140.1
104,Pune,Baner,1,2,477,12,2,6,12,Furnished,5.7,2.6,7.5,8.6,38.9
105,Bengaluru,HSR Layout,1,1,874,15,1,22,29,Semi-Furnished,9.3,4.8,0.4,2.9,84.5
106,Pune,Hinjewadi,3,3,1966,3,0,6,12,Semi-Furnished,9.4,2.7,6.7,5.5,147
107,Bengaluru,HSR Layout,3,4,1353,19,2,9,12,Semi-Furnished,10,2.7,7.8,1.6,148.1
108,Hyderabad,Kukatpally,4,3,3101,12,2,11,13,Unfurnished,11.9,3.4,5.9,6.7,201.5
109,Chennai,Velachery,1,1,729,10,1,21,29,Semi-Furnished,10.5,4.1,6.5,1.6,56.1
110,Pune,Hinjewadi,3,3,1439,25,1,2,6,Furnished,7.8,5,4.5,3.3,131.4
111,Bengaluru,Electronic City,3,2,2692,10,2,5,8,Semi-Furnished,6.1,3.6,7.7,4.1,207.1
112,Pune,Baner,5,5,2588,23,3,6,7,Semi-Furnished,12.4,3.9,2.8,1.7,229.1
113,Chennai,Tambaram,5,6,2932,22,3,14,16,Unfurnished,13.1,3.4,8,3.5,174.7
114,Hyderabad,Gachibowli,4,4,2850,25,1,1,5,Furnished,10.2,3.6,1.3,3.1,288.9
115,Chennai,Tambaram,5,4,2878,21,3,11,16,Semi-Furnished,1.3,2.8,3.1,3.8,182.1
116,Hyderabad,Gachibowli,2,3,1430,12,0,12,13,Unfurnished,6.8,5,2.5,9.2,127.1
117,Hyderabad,Madhapur,1,2,538,22,3,5,7,Semi-Furnished,10.7,3.9,2.5,3.7,39.2
118,Bengaluru,Electronic City,5,5,2747,6,1,12,12,Semi-Furnished,5.5,3.9,3.9,9.8,237.1
119,Hyderabad,Gachibowli,3,4,2330,16,3,13,29,Furnished,1.3,4.9,5.2,5,259.7
120,Chennai,Velachery,5,5,2778,13,0,8,8,Unfurnished,2.6,3.3,5.8,4.1,221.3
121,Chennai,OMR,3,3,2650,17,2,4,9,Semi-Furnished,1.6,4.1,4.9,6.2,188.2
122,Chennai,Porur,1,1,491,1,2,6,25,Semi-Furnished,6.4,4.1,4.1,6.6,36.4
123,Chennai,Tambaram,2,3,1204,14,0,1,27,Unfurnished,6.4,3.7,2.9,2.3,80
124,Chennai,Anna Nagar,4,4,3357,11,0,7,15,Semi-Furnished,4.2,3.1,1,3.6,290.7
125,Pune,Wakad,2,2,1491,23,2,2,11,Semi-Furnished,7.8,3.7,2.7,1.2,110.1
126,Pune,Wakad,2,2,949,1,2,19,20,Furnished,9.9,3.7,4.4,8.6,75.8
127,Chennai,Anna Nagar,4,4,1892,12,0,17,23,Unfurnished,8.4,2.7,4.2,7.9,150
128,Hyderabad,Madhapur,1,2,641,25,2,11,22,Semi-Furnished,3.1,3.8,4.2,1.4,55.1
129,Chennai,Tambaram,5,6,2860,19,1,10,15,Unfurnished,14.9,4.3,2.6,4,172.2
130,Pune,Hadapsar,3,4,1384,11,2,3,26,Furnished,8.8,4.5,5.9,7.2,105.9
131,Pune,Baner,5,5,2460,18,3,8,10,Semi-Furnished,9.4,4.6,1.4,7.1,213.8
132,Hyderabad,Madhapur,1,2,610,13,1,6,18,Semi-Furnished,11.7,4.8,7,7.6,40
133,Bengaluru,Marathahalli,2,2,1578,15,3,5,15,Semi-Furnished,8.1,3.9,5.5,8.8,135.8
134,Chennai,Porur,4,4,2304,8,2,4,12,Semi-Furnished,10.6,4.2,4.1,5.3,163.2
135,Chennai,Anna Nagar,1,2,652,11,1,0,14,Unfurnished,10.8,3.4,3.7,3.3,47.5
136,Bengaluru,Marathahalli,3,3,1631,3,1,0,12,Semi-Furnished,8.1,4.1,0.7,4.7,166.7
137,Hyderabad,Madhapur,1,1,658,20,3,20,20,Unfurnished,14.5,3.3,5.3,9.2,22.2
138,Bengaluru,Marathahalli,1,1,663,5,0,15,17,Unfurnished,11.3,4.7,2.5,1.3,53.2
139,Hyderabad,Kondapur,3,4,2663,17,3,8,9,Semi-Furnished,3.1,2.8,1.6,5.1,225
140,Bengaluru,Whitefield,3,3,2512,21,1,9,10,Furnished,13.5,4.6,4.3,1.8,262.2
141,Bengaluru,HSR Layout,4,4,2308,0,2,7,17,Semi-Furnished,4.2,3.3,4.8,6.2,262.1
142,Chennai,Velachery,1,1,688,9,1,16,17,Furnished,13.3,4.4,5.6,6.7,53.6
143,Chennai,Porur,2,2,1036,15,1,19,19,Semi-Furnished,10.6,4.8,6.1,8.2,69.4
144,Bengaluru,Marathahalli,1,2,720,22,2,1,7,Unfurnished,8.3,3.8,4.7,2.3,50.9
145,Pune,Hinjewadi,2,3,993,16,3,1,30,Semi-Furnished,7.8,3.6,0.7,5.2,91.5
146,Hyderabad,Kukatpally,3,2,1796,18,0,3,6,Semi-Furnished,1.1,5,7.5,1.6,152.4
147,Hyderabad,Kondapur,4,4,3374,4,3,12,16,Semi-Furnished,13.8,3.4,0.9,9.7,288.1
148,Bengaluru,Electronic City,1,1,725,12,1,7,28,Furnished,11.4,4.9,3.9,7.5,54.4
149,Pune,Wakad,2,3,1254,4,2,11,11,Semi-Furnished,0.7,4.2,5,9.4,114.1
150,Bengaluru,HSR Layout,1,1,754,1,3,21,24,Semi-Furnished,0.9,4.4,3.4,3.1,96.4
151,Hyderabad,Madhapur,5,5,3209,23,2,19,23,Semi-Furnished,12.3,3.1,7,9.9,280.9
152,Pune,Baner,3,2,2490,18,1,21,25,Semi-Furnished,7.5,4.9,7.6,7,198.4
153,Chennai,Tambaram,4,4,2414,12,1,17,29,Semi-Furnished,12.8,3.3,5.7,8.3,145.2
154,Pune,Kharadi,5,5,3840,7,2,5,11,Semi-Furnished,13.8,4.6,1,7.5,300.4
155,Chennai,Tambaram,5,4,2548,6,1,6,20,Furnished,5.1,4.9,0.4,9.4,198.4
156,Hyderabad,Kukatpally,2,2,1306,7,2,9,29,Semi-Furnished,8.1,3.4,2.3,5.6,98.5
157,Hyderabad,Kukatpally,3,3,2109,10,3,4,6,Furnished,11.2,2.5,4.6,6.3,163.9
158,Chennai,Velachery,2,2,1135,12,1,17,20,Semi-Furnished,10.3,3.1,6.6,9.7,75.2
159,Pune,Kharadi,2,2,1073,4,3,8,10,Furnished,14.4,3.8,6.8,1.7,101.5
160,Hyderabad,Gachibowli,4,4,3525,20,1,2,7,Unfurnished,7.7,3.4,5.1,7,292.4
161,Pune,Kharadi,1,1,722,17,3,0,5,Semi-Furnished,4.3,4.9,0.4,8.3,65.3
162,Bengaluru,Whitefield,1,1,573,6,2,8,16,Semi-Furnished,1.4,4.9,3.8,3.2,80.9
163,Chennai,OMR,1,1,657,12,3,15,22,Unfurnished,0.3,2.9,4.1,4.9,56.1
164,Hyderabad,Miyapur,1,1,558,22,3,0,13,Furnished,10.3,3.2,4.5,6.9,20
165,Chennai,OMR,2,2,1670,22,3,4,7,Unfurnished,3.8,4.6,3.3,9.1,106.2
166,Bengaluru,Whitefield,5,5,2469,3,3,1,12,Semi-Furnished,11.6,4.9,3.4,8,263.1
167,Chennai,Tambaram,4,4,2528,17,3,5,18,Semi-Furnished,10,2.7,5.1,8.2,148.8
168,Hyderabad,Kondapur,2,3,1628,25,1,12,28,Semi-Furnished,1.8,2.5,2.7,4.2,129
169,Bengaluru,Whitefield,2,3,1359,17,3,0,8,Unfurnished,8.4,4,6.3,8.8,110.7
170,Pune,Kharadi,1,1,742,16,1,12,26,Unfurnished,4.2,3.2,1.4,2.5,48.5
171,Chennai,Tambaram,1,1,578,7,3,19,24,Unfurnished,1.8,3.3,7.6,4,42.8
172,Chennai,Tambaram,3,4,2683,19,1,5,14,Semi-Furnished,10.5,3.7,1.7,4.6,146.1
173,Pune,Hadapsar,2,2,1285,8,3,3,16,Furnished,3.2,5,1.7,7.9,101.5
174,Pune,Wakad,4,4,3502,22,0,25,30,Semi-Furnished,7.6,4.1,2.2,6.9,238.2
175,Pune,Hinjewadi,4,5,2992,12,3,1,22,Semi-Furnished,5.5,4.7,4.4,6.7,235.1
176,Bengaluru,Electronic City,2,1,1476,20,3,10,29,Furnished,6.6,2.5,2.3,5.6,118.4
177,Bengaluru,Indiranagar,3,4,2298,24,1,0,16,Semi-Furnished,4.6,4.8,1,8.5,266.8
178,Chennai,Anna Nagar,3,4,1773,16,3,15,16,Unfurnished,10.9,3.6,0.8,1.4,157.2
179,Hyderabad,Kondapur,1,1,829,7,1,5,22,Semi-Furnished,6.5,3.7,6.4,6.7,58.7
180,Pune,Kharadi,1,1,680,18,3,0,17,Semi-Furnished,3.2,4.4,6.5,1.6,52.7
181,Bengaluru,Electronic City,3,3,2287,3,2,15,26,Semi-Furnished,9.7,4,5,6.3,187.2
182,Pune,Hadapsar,2,2,1529,18,0,4,26,Semi-Furnished,3.7,2.8,3.2,2.3,96.2
183,Bengaluru,Marathahalli,4,5,2180,15,1,5,22,Semi-Furnished,2.3,3.3,3.8,1.5,215.1
184,Hyderabad,Kukatpally,2,2,1734,12,3,15,18,Semi-Furnished,12.6,3.7,0.9,1.3,129.3
185,Chennai,OMR,3,3,2451,9,1,14,29,Semi-Furnished,11.6,3.7,4.2,6.2,165.3
186,Chennai,Porur,1,2,729,6,3,3,8,Unfurnished,15,3.6,3,8.4,34
187,Hyderabad,Madhapur,2,2,1781,22,3,9,10,Unfurnished,3.3,3,0.8,4.2,141.6
188,Bengaluru,Electronic City,3,3,2522,8,0,6,9,Furnished,14.9,4.7,1.3,8.8,206.4
189,Chennai,Velachery,4,5,2091,18,2,13,25,Semi-Furnished,1.3,4.5,6.2,4.6,190.4
190,Chennai,Tambaram,4,4,2991,0,0,14,28,Semi-Furnished,10.5,4.6,6.4,4.6,193.5
191,Bengaluru,Indiranagar,3,3,1930,10,1,15,23,Semi-Furnished,13.4,4.4,0.7,6.6,225.1
192,Hyderabad,Gachibowli,2,3,1367,0,3,11,11,Furnished,13.3,3.3,7,8.9,128.7
193,Chennai,Anna Nagar,1,1,790,20,1,3,6,Semi-Furnished,10.9,4.4,3.6,1.8,51
194,Bengaluru,Indiranagar,1,1,753,7,3,0,5,Semi-Furnished,12.3,5,3.6,2.2,81.2
195,Pune,Hinjewadi,1,1,610,11,2,6,9,Semi-Furnished,11.3,2.8,7.9,2.3,35.6
196,Hyderabad,Miyapur,2,3,1259,23,1,23,25,Unfurnished,6.3,4.2,6.9,1.8,71.9
197,Hyderabad,Miyapur,4,4,2679,10,1,4,12,Semi-Furnished,3.9,4,5.9,3.6,203.1
198,Hyderabad,Kondapur,2,2,1665,12,2,1,25,Semi-Furnished,11.9,3.1,3.3,3.2,134.7
199,Hyderabad,Miyapur,1,1,612,4,3,13,23,Semi-Furnished,10.3,4.4,7.6,7.9,29.9
200,Hyderabad,Gachibowli,3,3,1431,1,3,9,21,Semi-Furnished,7.6,3.5,5.7,1.7,158.7
201,Bengaluru,Electronic City,1,1,490,16,1,4,30,Semi-Furnished,6,4.1,6.7,7.1,25.7
202,Pune,Wakad,1,1,494,13,0,19,19,Semi-Furnished,4.8,4.4,6,2.1,43.1
203,Hyderabad,Madhapur,4,4,2871,16,2,5,10,Unfurnished,11.8,3.2,7.1,7.9,219.3
204,Pune,Baner,5,4,3327,22,0,14,20,Semi-Furnished,1,4.6,1.6,2.4,294
205,Hyderabad,Madhapur,5,4,2430,0,1,3,6,Semi-Furnished,13.8,2.9,7.7,1.3,241.7
206,Pune,Wakad,3,3,2202,23,2,13,13,Unfurnished,5.7,3.8,7.2,2.6,146.6
207,Hyderabad,Kukatpally,1,2,893,9,2,2,15,Semi-Furnished,0.3,3,4.6,3.7,76.7
208,Pune,Baner,5,6,3050,23,1,0,9,Furnished,0.6,3.9,5.2,7.2,277.4
209,Chennai,OMR,4,4,2012,6,1,15,18,Furnished,14.6,2.9,2.5,1.4,162.3
210,Pune,Baner,4,3,2989,3,1,12,25,Unfurnished,8.6,3.6,7.7,3.1,221.8
211,Chennai,Tambaram,3,3,2277,8,1,3,7,Unfurnished,11.6,2.8,1.1,5,114.5
212,Hyderabad,Miyapur,3,3,2275,9,3,13,13,Unfurnished,2.5,4.2,6.7,7.3,142
213,Chennai,Velachery,1,1,632,12,0,9,26,Unfurnished,14.9,2.6,3.4,5.1,26.4
214,Bengaluru,Whitefield,4,3,3446,25,1,0,8,Unfurnished,11.8,3.1,1.8,4.6,293.1
215,Hyderabad,Miyapur,5,5,2557,0,0,10,11,Semi-Furnished,2.1,4.8,6.7,4,201.1
216,Pune,Hinjewadi,2,3,1741,23,3,0,20,Semi-Furnished,6.5,3.4,7.3,3.5,124.6
217,Bengaluru,Whitefield,5,5,3458,15,3,15,22,Unfurnished,4.3,2.8,1.8,9,322.3
218,Hyderabad,Kukatpally,3,4,2465,25,3,16,16,Semi-Furnished,4.2,2.6,4.9,1.3,185.4
219,Chennai,OMR,4,4,3370,18,1,1,10,Unfurnished,3.8,3.8,6.4,7.6,225.7
220,Bengaluru,Marathahalli,4,4,3518,5,1,9,12,Semi-Furnished,11.1,3.4,4.9,7.3,299.4
221,Bengaluru,Marathahalli,2,3,1455,9,1,1,20,Unfurnished,3.6,3,4.4,1,137.3
222,Bengaluru,HSR Layout,3,3,2012,1,0,9,9,Semi-Furnished,2.3,2.8,4.4,4.3,216.9
223,Pune,Hadapsar,1,1,604,10,1,6,10,Semi-Furnished,14.4,4.1,1.6,9.7,30
224,Chennai,Velachery,5,5,3799,9,2,2,9,Semi-Furnished,14.2,4.9,3.3,9.9,295.4
225,Hyderabad,Madhapur,5,5,3154,20,0,4,20,Semi-Furnished,1.4,3.4,2.8,6.7,308.5
226,Chennai,Tambaram,1,1,557,7,0,8,16,Semi-Furnished,10.9,2.6,3.7,4.8,20
227,Pune,Kharadi,4,4,2918,12,0,18,20,Semi-Furnished,10.4,2.9,0.9,8.6,217.1
228,Chennai,Anna Nagar,1,1,625,5,3,1,10,Semi-Furnished,13.5,2.7,4.9,6.5,42
229,Hyderabad,Kukatpally,2,3,1060,1,0,6,15,Furnished,6.3,3.9,7.4,5.9,98
230,Chennai,Velachery,1,1,651,18,3,0,9,Semi-Furnished,6.5,3.2,5.4,6.4,34.7
231,Hyderabad,Madhapur,2,2,983,15,0,12,14,Semi-Furnished,7.4,4.2,1,5.9,86.7
232,Pune,Baner,2,3,945,8,3,8,19,Unfurnished,4.2,2.7,6.1,7,73.3
233,Chennai,Porur,4,4,2933,1,3,13,21,Furnished,10.4,4.8,4.7,3.1,217.6
234,Pune,Hinjewadi,5,5,2742,24,3,2,10,Furnished,12.2,2.8,3.6,9.9,219.6
235,Bengaluru,Marathahalli,3,3,1487,2,3,12,22,Semi-Furnished,12.9,3.8,7.4,1.1,150.4
236,Pune,Hinjewadi,4,4,2103,18,0,1,8,Semi-Furnished,13,4.7,7.1,3.4,166.3
237,Pune,Hinjewadi,2,2,1312,4,3,3,6,Furnished,5.1,3.1,6,9.3,118.3
238,Hyderabad,Kondapur,3,3,1924,15,0,2,12,Semi-Furnished,11.2,4.4,2.8,7.6,161.4
239,Hyderabad,Madhapur,4,4,3487,13,3,16,29,Furnished,12.4,3.8,1.5,3.8,340.7
240,Bengaluru,Marathahalli,5,4,2961,6,1,1,6,Unfurnished,0.9,3.4,1.8,4.3,266.4
241,Pune,Hinjewadi,1,1,640,15,3,7,10,Semi-Furnished,5.4,2.9,7.2,7.7,43.3
242,Chennai,OMR,4,3,2133,18,1,10,12,Unfurnished,3.3,4.1,4.3,8.8,160.8
243,Hyderabad,Kukatpally,2,2,1515,25,0,4,12,Semi-Furnished,14.2,4.3,5.8,3.5,97.6
244,Chennai,Tambaram,3,3,2305,9,3,3,23,Unfurnished,15,4.9,6.8,6.1,124.1
245,Chennai,Anna Nagar,1,2,482,10,2,10,25,Furnished,4.1,4.3,7.2,3.7,50.2
246,Bengaluru,Whitefield,5,6,3559,21,1,0,28,Semi-Furnished,15,3.1,3.5,4.5,335.1
247,Bengaluru,Electronic City,2,3,1587,11,2,10,10,Furnished,2.9,2.7,1.3,3.3,155.1
248,Bengaluru,Electronic City,1,1,631,7,2,10,18,Semi-Furnished,8.9,3.7,1.2,1.5,59.9
249,Hyderabad,Kukatpally,2,1,1788,21,3,9,21,Semi-Furnished,13.1,2.9,7.9,4.1,113.1
250,Pune,Wakad,3,3,1515,15,2,5,25,Semi-Furnished,1.1,3.6,1.9,8,123.7
251,Bengaluru,Indiranagar,1,1,764,13,3,13,17,Furnished,5.9,2.6,1.8,4.4,80.7
252,Chennai,Porur,2,1,1592,0,1,11,12,Furnished,4.8,2.8,4.2,3.8,103.1
253,Hyderabad,Kondapur,3,4,2415,19,2,4,18,Semi-Furnished,13.5,3.4,1.8,9.5,198.7
254,Pune,Hinjewadi,2,2,1644,4,1,0,28,Semi-Furnished,2.7,3.4,5.3,1.3,142.3
255,Chennai,Porur,5,4,2446,21,0,0,25,Unfurnished,1.9,3.6,1.3,3.3,170.8
256,Bengaluru,Whitefield,3,4,1556,21,2,19,24,Semi-Furnished,6.4,4.7,4.2,6.6,162.4
257,Hyderabad,Kukatpally,2,2,1696,8,1,13,16,Unfurnished,0.8,3.7,1.9,9.4,114.6
258,Hyderabad,Gachibowli,1,1,877,18,3,1,9,Semi-Furnished,1.3,4.3,7.3,6.8,81.9
259,Chennai,Anna Nagar,4,3,2004,5,0,5,14,Furnished,4.8,4.3,1,7.8,198.1
260,Bengaluru,HSR Layout,3,3,2246,19,2,2,28,Semi-Furnished,5.3,2.8,3.4,5.1,240.7
261,Pune,Kharadi,2,1,1035,22,0,1,10,Semi-Furnished,8.9,4.5,5.5,2.6,72.6
262,Chennai,Porur,1,1,697,15,0,14,18,Unfurnished,4.1,3.3,5.7,7.1,37
263,Bengaluru,Electronic City,5,4,4022,21,1,11,20,Semi-Furnished,9.7,2.9,6.7,9,308.1
264,Hyderabad,Madhapur,5,6,4280,5,0,15,29,Semi-Furnished,5.1,3.2,4.2,6,393.2
265,Bengaluru,Whitefield,4,5,3440,18,3,7,7,Semi-Furnished,2,3.7,5.3,1.9,350.6
266,Hyderabad,Gachibowli,5,5,4332,17,1,21,25,Semi-Furnished,5.2,4.6,6.6,8.6,401
267,Pune,Baner,4,3,1999,24,1,2,5,Semi-Furnished,9.6,4.5,4.5,4.4,159.1
268,Bengaluru,Indiranagar,2,3,1009,8,1,1,11,Furnished,6,3.6,6.3,7.5,122.6
269,Pune,Hinjewadi,5,4,4095,14,1,0,20,Semi-Furnished,0.9,4.8,6.8,5.3,319.4
270,Bengaluru,Marathahalli,2,2,1006,12,2,12,21,Semi-Furnished,9.2,4.2,2.2,4.6,93.1
271,Chennai,Tambaram,2,2,1322,19,2,17,27,Furnished,10.7,4.8,5.2,2.8,85.1
272,Chennai,Anna Nagar,2,2,1415,17,2,3,27,Semi-Furnished,8.5,4,7.6,7.4,116.7
273,Chennai,Tambaram,1,1,462,12,1,5,6,Unfurnished,4.2,4.5,7.9,7.2,20
274,Hyderabad,Kondapur,2,1,1267,14,0,21,24,Semi-Furnished,13,4.4,4.6,3.1,103.2
275,Chennai,OMR,4,5,2653,25,2,1,22,Unfurnished,3.9,4.1,6.3,8.8,189
276,Chennai,Porur,5,5,3042,9,3,10,10,Unfurnished,14.4,4.3,1.2,1.4,196
277,Chennai,Velachery,2,2,905,10,3,4,27,Unfurnished,13.9,4,6.3,6.6,67.7
278,Chennai,Tambaram,5,5,2548,25,2,7,21,Furnished,7.9,4.5,1.5,5.9,177.1
279,Chennai,Velachery,2,2,1239,11,2,9,11,Semi-Furnished,15,4.6,7.9,1.1,94.7
280,Pune,Wakad,5,5,2413,21,2,3,17,Semi-Furnished,8.2,3.2,7.3,8.4,173.9
281,Pune,Kharadi,1,1,783,6,2,2,21,Furnished,2.7,4.9,4.4,1.1,75.7
282,Bengaluru,Indiranagar,1,1,725,22,3,2,25,Semi-Furnished,2.5,3.6,2.9,1.8,76.3
283,Chennai,Porur,1,1,582,13,3,12,19,Semi-Furnished,0.4,4.2,4.4,6.8,50.3
284,Hyderabad,Gachibowli,3,2,1943,25,2,2,24,Unfurnished,13.9,3.5,6.6,1.3,145.3
285,Bengaluru,HSR Layout,4,4,3098,4,2,25,26,Furnished,9.8,4.9,0.4,8.9,358.3
286,Hyderabad,Gachibowli,5,6,4450,17,0,3,14,Semi-Furnished,13.6,3.4,3.5,6.8,402.3
287,Bengaluru,HSR Layout,2,2,1098,3,1,25,26,Semi-Furnished,1,4.4,7.9,5.9,136.6
288,Hyderabad,Kondapur,1,1,500,6,3,11,15,Unfurnished,9.9,2.8,5.1,9.1,27.2
289,Pune,Baner,5,5,2874,18,2,10,30,Furnished,2.7,3.3,6.3,7.4,270.9
290,Chennai,Anna Nagar,2,2,1798,15,3,11,19,Semi-Furnished,7.4,2.8,5.3,1.7,144.9
291,Bengaluru,Marathahalli,2,2,1651,20,0,2,28,Furnished,12.8,4.1,6.6,6.2,141.8
292,Bengaluru,Whitefield,5,5,4476,17,3,24,25,Unfurnished,6,4.7,4.8,8.7,397.8
293,Hyderabad,Kukatpally,3,2,1839,25,1,16,29,Unfurnished,2.6,3.9,4.7,8.8,111.6
294,Pune,Baner,1,1,839,15,1,4,7,Semi-Furnished,0.8,3,7.3,4.3,63.8
295,Pune,Hinjewadi,1,1,502,22,2,8,28,Semi-Furnished,8.6,3.4,3.2,6.3,34.4
296,Hyderabad,Miyapur,3,4,1806,16,3,11,16,Semi-Furnished,7.3,4,4.2,2.3,129.6
297,Hyderabad,Miyapur,3,3,1657,5,1,3,16,Semi-Furnished,6.3,3.3,1.2,7.1,122.1
298,Bengaluru,Indiranagar,1,1,472,4,1,8,9,Unfurnished,8.7,2.6,2.3,2.6,58.3
299,Hyderabad,Kondapur,1,1,679,19,3,5,20,Unfurnished,6.3,2.9,4.8,7.9,43.6
300,Chennai,Velachery,3,4,2571,18,0,6,12,Semi-Furnished,1.8,3,6.9,5.5,188.2
301,Bengaluru,Marathahalli,1,1,693,19,0,17,30,Semi-Furnished,1.9,3.7,1.3,6.4,65
302,Pune,Hadapsar,4,4,3591,1,3,12,12,Semi-Furnished,11.6,3.4,6.5,9.2,240.4
303,Hyderabad,Kukatpally,2,2,1388,24,1,4,7,Semi-Furnished,8.2,3.1,0.3,7.7,77.2
304,Hyderabad,Miyapur,1,2,785,6,2,11,18,Unfurnished,6.5,4,2.3,5.8,57.3
305,Chennai,Tambaram,2,3,1465,25,3,5,10,Semi-Furnished,7.4,5,4.7,8,83.3
306,Bengaluru,Whitefield,2,3,1701,22,1,3,8,Semi-Furnished,11.8,4.5,5,7.2,145.2
307,Pune,Hinjewadi,1,1,691,19,3,1,7,Unfurnished,5.7,4,5.9,9.4,37.9
308,Chennai,Porur,1,1,777,15,3,1,5,Furnished,14,3.8,1.8,8.1,38.9
309,Bengaluru,Marathahalli,2,1,1268,7,0,1,10,Furnished,11.7,3.4,3.3,6.3,110.6
310,Hyderabad,Gachibowli,5,5,3675,11,2,9,12,Furnished,6.9,3.5,0.3,2.6,389.7
311,Hyderabad,Miyapur,3,3,1589,25,2,18,22,Unfurnished,6.8,3.4,4,3.2,97.5
312,Pune,Kharadi,5,4,4224,3,2,6,7,Semi-Furnished,14.9,4.2,2.1,3.8,339.9
313,Hyderabad,Kondapur,2,2,995,12,2,2,7,Semi-Furnished,5.4,4.7,2.4,9.5,97.7
314,Bengaluru,Indiranagar,2,2,1653,7,2,3,11,Unfurnished,3.9,4,1.5,2,192.3
315,Pune,Hadapsar,1,1,884,15,2,10,24,Semi-Furnished,14.8,4.7,7,5.4,52.9
316,Chennai,Tambaram,2,2,955,16,3,17,20,Unfurnished,5.3,4.7,6.3,5.1,55.9
317,Pune,Baner,1,1,795,6,3,3,23,Semi-Furnished,9.3,3.1,4.5,3.1,62.6
318,Chennai,Anna Nagar,2,3,1334,6,3,24,27,Semi-Furnished,12.8,3.2,1.7,2.2,122.9
319,Bengaluru,Whitefield,3,3,2487,13,3,2,11,Furnished,11.1,3.7,0.4,4.8,257.3
320,Chennai,Tambaram,3,3,2501,18,0,3,17,Semi-Furnished,1.1,4.5,4,6.7,148.6
321,Chennai,Anna Nagar,3,3,2497,17,2,0,16,Semi-Furnished,5.4,4.2,5,6.2,217.5
322,Bengaluru,Electronic City,3,3,2395,15,3,6,7,Semi-Furnished,7.1,4.9,7,6.8,206.1
323,Pune,Hadapsar,5,6,2542,2,1,7,15,Semi-Furnished,9.9,4.3,5,4.6,208.9
324,Chennai,Porur,5,6,3945,5,1,1,5,Semi-Furnished,10,4.9,5.7,1.7,264.3
325,Hyderabad,Gachibowli,1,2,730,1,0,12,29,Semi-Furnished,14.9,2.8,5.1,1.8,69.1
326,Pune,Baner,2,2,1655,9,3,4,25,Unfurnished,12.6,2.6,5.4,8.7,103.3
327,Pune,Kharadi,5,5,4496,14,1,17,27,Unfurnished,9,4.1,5.2,6.1,318.3
328,Chennai,Anna Nagar,4,4,3448,2,3,5,14,Semi-Furnished,2.5,2.5,4.3,7.8,296.6
329,Chennai,Tambaram,5,4,4264,24,3,0,14,Semi-Furnished,12,4,6.4,5.9,227.6
330,Pune,Kharadi,2,2,1632,23,3,7,17,Unfurnished,6.4,3.1,6.2,9.2,108
331,Chennai,Anna Nagar,5,5,3941,6,0,2,10,Unfurnished,9.6,4,2.4,6.6,309.4
332,Hyderabad,Madhapur,1,1,545,3,2,2,13,Semi-Furnished,11,3.1,1.5,5.4,45
333,Chennai,Tambaram,3,4,1414,10,0,4,29,Unfurnished,11.7,2.7,3.9,2.7,89.1
334,Pune,Hinjewadi,1,1,647,24,3,11,12,Furnished,3.1,4.3,1,7,48
335,Pune,Baner,3,3,2638,23,0,17,28,Semi-Furnished,3.9,4.1,1.8,9,212.4
336,Bengaluru,Whitefield,2,3,1232,0,1,8,30,Semi-Furnished,6.1,3.1,7.8,6.2,133.2
337,Bengaluru,Electronic City,1,1,530,15,0,19,26,Semi-Furnished,14.6,4.4,0.8,4.2,25.7
338,Hyderabad,Madhapur,4,4,2448,17,2,28,30,Semi-Furnished,3.1,4.2,3.1,2.2,252.3
339,Pune,Kharadi,5,5,4473,22,3,9,11,Unfurnished,5.3,4.3,2.4,8.5,329.1
340,Bengaluru,Whitefield,5,5,4090,9,2,11,22,Semi-Furnished,11.7,3.8,5.9,8.9,400.4
341,Chennai,Porur,2,2,1638,2,3,8,11,Semi-Furnished,11.5,2.9,2.5,4.7,100
342,Hyderabad,Miyapur,1,1,877,4,1,1,6,Unfurnished,3,2.6,5.2,4.5,53.2
343,Chennai,OMR,3,3,2590,22,0,1,5,Semi-Furnished,13.9,4.6,3.9,6.8,165
344,Pune,Baner,1,1,720,1,0,1,14,Furnished,14.4,2.7,5.9,5.8,40
345,Bengaluru,Marathahalli,2,3,1664,3,2,14,26,Semi-Furnished,6.5,2.8,6.4,5.9,148.9
346,Bengaluru,Marathahalli,5,6,3693,10,2,13,16,Semi-Furnished,6.6,4.3,5,6.1,337.1
347,Chennai,Anna Nagar,4,5,2613,0,0,9,14,Unfurnished,2.2,4.7,0.4,9.9,229.4
348,Chennai,OMR,3,3,1543,1,3,4,16,Unfurnished,5.6,4,2.1,8.3,117.3
349,Pune,Hadapsar,2,1,1640,10,3,7,10,Furnished,10.4,3.9,7.3,6.4,103.9
350,Pune,Hinjewadi,1,1,628,13,3,3,8,Semi-Furnished,12.8,4.8,5.2,6.7,32.5
351,Hyderabad,Kondapur,5,5,3588,16,1,0,9,Semi-Furnished,15,4.9,6.1,6.2,293.4
352,Pune,Baner,4,4,2070,10,0,18,20,Semi-Furnished,8.3,3.2,3.4,4.9,183.4
353,Bengaluru,Indiranagar,5,5,4248,12,1,19,22,Furnished,8,3.1,2.4,4.9,520.5
354,Hyderabad,Gachibowli,4,5,2548,11,1,11,15,Semi-Furnished,0.6,3.3,7.9,6.5,266.2
355,Pune,Hadapsar,2,3,945,7,1,11,26,Unfurnished,11,2.7,6,3.2,62.8
356,Bengaluru,Electronic City,1,1,805,25,0,7,14,Semi-Furnished,5.1,4.4,1.9,5.9,61
357,Pune,Hadapsar,2,1,1285,18,0,2,13,Unfurnished,3.2,4.2,2.4,5.2,88.1
358,Hyderabad,Kukatpally,3,3,1570,0,2,12,25,Unfurnished,5.8,4.9,1.1,3.8,143.8
359,Hyderabad,Madhapur,2,3,1474,22,0,1,6,Furnished,4.7,3.7,6,1.2,148.8
360,Chennai,Anna Nagar,2,2,1731,1,2,0,17,Furnished,14.2,3.1,2.9,4.5,146.9
361,Pune,Hadapsar,5,5,3959,7,1,9,18,Furnished,5.1,3.9,1.9,2.2,303.5
362,Bengaluru,HSR Layout,3,3,2230,24,1,18,25,Furnished,4.9,3.9,7.6,2.1,249.6
363,Bengaluru,Whitefield,3,4,2192,9,3,26,28,Furnished,14,3.2,6.3,2,228.9
364,Chennai,Porur,5,5,3201,7,0,2,16,Semi-Furnished,7.3,3.8,5,7.4,214.6
365,Pune,Kharadi,4,4,2135,6,1,3,6,Semi-Furnished,0.4,3.2,3.5,7.7,200.7
366,Bengaluru,Whitefield,2,3,1787,19,3,10,27,Furnished,13.3,3.6,6.3,6.5,181.9
367,Chennai,Tambaram,5,4,4382,3,3,1,19,Furnished,3.8,3.8,7.9,1.4,286.8
368,Hyderabad,Madhapur,3,4,2165,9,2,5,19,Semi-Furnished,9.3,2.6,4.3,2.3,207.8
369,Pune,Hinjewadi,5,4,2986,24,1,13,17,Semi-Furnished,0.6,3.6,7.2,9.1,239
370,Hyderabad,Kondapur,3,3,1603,2,0,14,27,Semi-Furnished,1.5,4.3,5.9,9.8,156.3
371,Bengaluru,Indiranagar,5,6,2429,24,1,4,15,Unfurnished,2.3,4.4,0.7,3.8,288.1
372,Pune,Baner,2,1,1034,6,0,24,24,Unfurnished,7,4.6,4.5,1.1,95.9
373,Bengaluru,HSR Layout,5,6,4108,13,3,0,7,Unfurnished,8.3,4,4.6,8.4,393.4
374,Bengaluru,Whitefield,3,2,1647,1,2,2,15,Unfurnished,6.4,2.9,5.5,6.5,160.9
375,Bengaluru,Indiranagar,5,5,2396,2,2,11,15,Furnished,12.3,4.4,6.8,1.6,321.9
376,Hyderabad,Kondapur,3,4,2424,6,1,1,24,Unfurnished,11,4.1,7.9,5.4,192.4
377,Chennai,Tambaram,5,5,3313,16,2,9,9,Semi-Furnished,7.9,4.1,4.1,2.6,211.7
378,Chennai,Velachery,1,1,462,14,0,27,28,Unfurnished,9.3,3.5,0.7,4.1,32.8
379,Bengaluru,Whitefield,2,2,1160,25,0,4,14,Semi-Furnished,5,2.5,5.6,4.1,107.1
380,Hyderabad,Madhapur,2,2,1753,10,3,1,20,Semi-Furnished,7.3,4.1,7.2,5.8,154.7
381,Pune,Hinjewadi,5,5,3542,17,0,9,11,Semi-Furnished,12,4.7,3,9.7,260.2
382,Hyderabad,Kondapur,4,4,2969,19,3,9,10,Unfurnished,11.8,3.3,6.9,7.4,216
383,Hyderabad,Kukatpally,2,2,1362,9,1,9,21,Unfurnished,5.7,2.6,1.9,1.8,95.3
384,Pune,Hadapsar,2,2,1248,15,2,10,29,Unfurnished,13.1,4.6,7.5,7.1,60.9
385,Hyderabad,Kukatpally,4,3,1808,9,0,19,26,Furnished,5.1,4.7,1.1,7.9,168.2
386,Hyderabad,Miyapur,3,3,2007,6,1,4,14,Semi-Furnished,11.6,4.2,2.4,2.4,134.4
387,Hyderabad,Madhapur,5,5,4500,10,2,4,9,Semi-Furnished,2.7,3.3,7.2,5.9,402.4
388,Hyderabad,Kukatpally,1,1,646,1,0,12,18,Unfurnished,9,4,6.7,7.3,41.4
389,Chennai,Anna Nagar,2,1,1673,24,3,4,23,Unfurnished,12.1,4.2,1,3.8,121.7
390,Pune,Kharadi,2,2,1047,19,2,12,16,Unfurnished,13.8,3.3,6.9,3.9,63
391,Hyderabad,Kukatpally,1,1,695,14,1,12,14,Semi-Furnished,8.7,3.8,3.4,7.4,32.8
392,Hyderabad,Kondapur,5,6,3891,18,3,9,12,Unfurnished,2.6,3.7,0.8,2.9,327.9
393,Pune,Kharadi,5,5,4480,22,1,10,10,Semi-Furnished,11.1,4.3,6.7,2,343.1
394,Chennai,Porur,1,2,540,9,3,1,7,Semi-Furnished,9,4.5,2.8,6.8,33.7
395,Bengaluru,HSR Layout,5,4,2850,21,1,17,19,Unfurnished,9.3,3.6,1.9,8.9,272.4
396,Chennai,Tambaram,3,2,2543,0,3,4,9,Unfurnished,13.5,4.9,0.3,6,151.7
397,Hyderabad,Kondapur,1,1,671,22,3,10,25,Semi-Furnished,6.2,3.6,1.9,2.6,48.3
398,Pune,Baner,4,4,2390,21,1,0,9,Unfurnished,0.4,4.3,4,4.9,206.8
399,Hyderabad,Madhapur,4,5,3415,22,3,5,24,Semi-Furnished,6.5,4.6,3.3,3,317.3
400,Hyderabad,Miyapur,4,4,3258,16,2,17,18,Semi-Furnished,0.7,2.6,4,4.3,223.8
401,Hyderabad,Madhapur,5,5,4154,16,0,19,21,Unfurnished,7.2,4.4,7.7,1.7,350.7
402,Chennai,Porur,1,1,723,24,0,14,20,Semi-Furnished,7.1,4.3,3.5,9.6,35.4
403,Chennai,Velachery,1,1,822,25,2,5,6,Semi-Furnished,2.7,2.6,7.9,8.3,45.5
404,Chennai,Tambaram,1,1,708,2,2,2,13,Semi-Furnished,4.3,3.1,6,6.4,52.4
405,Bengaluru,Indiranagar,3,3,1885,25,1,5,20,Semi-Furnished,13,3.4,0.9,2.3,212.6
406,Bengaluru,Indiranagar,4,5,2287,21,3,20,28,Unfurnished,8.8,4.6,0.7,3.4,262.8
407,Hyderabad,Madhapur,4,5,2775,9,3,24,28,Furnished,3.7,4.2,3.3,3.4,300.6
408,Pune,Hinjewadi,3,4,2132,21,2,21,21,Furnished,1.6,3.8,3,8.6,183.7
409,Chennai,Anna Nagar,3,3,1551,8,3,7,19,Semi-Furnished,8.9,3,2.9,7.2,135.6
410,Hyderabad,Gachibowli,1,1,660,3,0,14,26,Semi-Furnished,10.9,3.1,0.6,6.6,45.8
411,Bengaluru,Marathahalli,1,1,494,19,1,5,17,Furnished,10.5,3.1,3.9,9.4,30.1
412,Chennai,Tambaram,3,3,1681,24,0,12,13,Unfurnished,6,5,2.3,8.3,87.9
413,Hyderabad,Kukatpally,2,3,1082,20,3,2,8,Semi-Furnished,6.6,4,1.1,5,84
414,Hyderabad,Gachibowli,1,1,847,14,0,4,20,Semi-Furnished,0.2,2.6,3.3,2.4,75.3
415,Pune,Hadapsar,1,2,694,13,3,24,28,Furnished,1.2,3.1,3.3,7.2,62.6
416,Hyderabad,Miyapur,5,5,3615,21,2,1,17,Semi-Furnished,14.4,2.7,4.4,9.6,215.1
417,Pune,Baner,2,2,1467,1,3,6,26,Unfurnished,6,2.8,5.6,5.4,123
418,Pune,Wakad,2,1,1097,0,1,12,20,Unfurnished,8.2,3.3,4.4,8.5,68.8
419,Hyderabad,Gachibowli,3,2,2041,25,0,3,17,Unfurnished,9.9,3.8,7.5,8.8,154
420,Bengaluru,Whitefield,1,1,700,20,0,19,20,Unfurnished,10.6,2.8,1.6,1.4,44.1
421,Hyderabad,Kukatpally,5,5,2511,3,0,19,20,Semi-Furnished,3.5,4.5,3.6,8.3,224.2
422,Pune,Baner,1,1,614,25,1,1,29,Semi-Furnished,5.2,2.8,1.4,4.7,42.4
423,Bengaluru,Indiranagar,2,1,1036,3,3,5,29,Unfurnished,7.4,2.5,1.7,1.8,119
424,Chennai,Tambaram,4,4,2222,4,2,14,21,Semi-Furnished,14.1,4,0.6,2.6,148.1
425,Hyderabad,Kondapur,3,4,1359,17,1,1,11,Furnished,14.7,4,6.9,9.9,119.1
426,Pune,Wakad,3,2,1746,3,1,15,26,Semi-Furnished,2.6,4.8,0.7,4.3,141.3
427,Chennai,Anna Nagar,5,6,2427,3,0,5,22,Unfurnished,0.6,3.8,0.8,3.1,237.2
428,Chennai,Tambaram,2,2,1135,24,0,7,15,Unfurnished,11.1,4.7,3.2,3,55.2
429,Pune,Hinjewadi,4,4,2242,19,3,6,10,Semi-Furnished,7,3,3.1,3.4,177.8
430,Hyderabad,Miyapur,1,1,519,3,3,13,19,Unfurnished,5.3,4.7,4.9,8.1,46.2
431,Bengaluru,Marathahalli,5,5,2604,13,3,9,11,Semi-Furnished,7,2.5,3.6,8.9,238.8
432,Pune,Hadapsar,2,2,1487,0,3,0,6,Furnished,11.1,3.8,3.6,4.5,119.6
433,Hyderabad,Kukatpally,4,4,1970,17,0,23,27,Semi-Furnished,3.4,3.4,2.1,10,144.1
434,Chennai,Velachery,4,3,2731,14,1,12,27,Unfurnished,13.1,4.1,5.7,1,189.7
435,Pune,Baner,5,4,3464,13,2,19,27,Semi-Furnished,12,4.5,0.9,8.9,288.8
436,Hyderabad,Miyapur,3,2,1577,12,2,19,19,Unfurnished,5.6,4.1,5.7,6,111.3
437,Bengaluru,Electronic City,2,1,1564,15,1,23,29,Semi-Furnished,4.9,4.7,4.2,4.8,118
438,Chennai,Anna Nagar,4,5,2826,16,0,17,20,Semi-Furnished,8.1,3.2,5.1,8.2,248.9
439,Hyderabad,Madhapur,4,3,1964,12,1,1,14,Unfurnished,4.3,4.2,4.1,8.9,178.7
440,Hyderabad,Kondapur,4,4,2770,11,3,0,19,Unfurnished,1.1,4.7,2.1,9.5,240.3
441,Pune,Hadapsar,3,3,2345,18,3,9,19,Semi-Furnished,13.5,3.3,6.4,3,143
442,Chennai,OMR,2,2,1191,14,1,5,24,Semi-Furnished,4.4,4.9,6.8,7.2,95.2
443,Bengaluru,HSR Layout,2,1,942,10,1,8,19,Semi-Furnished,3.2,4.3,5.4,9.8,96.7
444,Pune,Hadapsar,2,2,1024,0,3,4,20,Furnished,13.9,2.9,7.8,5.9,72
445,Chennai,Tambaram,3,3,2507,23,3,3,15,Semi-Furnished,13.5,2.8,4.5,3.8,126.4
446,Bengaluru,Indiranagar,3,2,2018,1,1,16,23,Unfurnished,14,3.2,0.5,5.8,203.3
447,Hyderabad,Miyapur,4,4,2804,10,0,11,26,Semi-Furnished,10.8,3.6,3.3,1.1,188.8
448,Chennai,Tambaram,5,4,3133,23,3,13,28,Furnished,4.5,4.5,7.8,4.8,217.6
449,Bengaluru,Marathahalli,5,4,2838,6,2,16,20,Furnished,1.2,4.9,6.1,1.8,306.6
450,Chennai,Tambaram,2,3,1627,18,1,2,11,Furnished,4.5,3.7,6.6,3.7,104.2
451,Pune,Hadapsar,4,4,1854,25,0,4,9,Semi-Furnished,9.7,4.1,1.3,7,124.5
452,Bengaluru,Indiranagar,2,1,1022,24,2,2,20,Semi-Furnished,5.6,3.7,3.7,3.3,116.8
453,Hyderabad,Kondapur,5,4,3313,5,0,5,9,Semi-Furnished,10.5,3.4,0.7,4.3,291.8
454,Chennai,OMR,3,3,2434,20,0,6,21,Semi-Furnished,2.9,2.7,6.1,5.9,173.5
455,Chennai,Anna Nagar,3,2,2444,18,2,0,9,Unfurnished,4.4,4.4,3.5,9.3,181.9
456,Bengaluru,HSR Layout,5,5,3021,25,0,14,18,Furnished,1.9,2.8,0.4,4.1,361.8
457,Bengaluru,Indiranagar,5,5,2955,22,2,5,5,Furnished,3.5,4.6,1.4,3,379.3
458,Bengaluru,Whitefield,4,3,1959,0,3,13,29,Unfurnished,1.8,4.5,4.3,1.5,210.5
459,Chennai,OMR,1,1,791,0,0,3,30,Furnished,3.2,4.8,1.7,4.2,68.9
460,Chennai,Porur,3,3,1678,16,1,18,21,Unfurnished,12.3,4.4,4.4,7.4,106.4
461,Bengaluru,Marathahalli,1,1,559,16,3,5,16,Semi-Furnished,14.4,3,3,4.4,29.4
462,Bengaluru,Indiranagar,1,1,513,14,0,4,21,Semi-Furnished,5.5,3.2,5.9,1.7,54.6
463,Pune,Baner,4,4,3207,14,1,13,22,Unfurnished,12.9,3,0.8,8.6,225.5
464,Chennai,Velachery,1,2,794,3,3,16,19,Semi-Furnished,1.5,2.9,3.4,6.3,64
465,Bengaluru,Whitefield,3,3,2043,6,3,3,8,Furnished,10.9,3.2,5.8,6.2,214.7
466,Pune,Baner,4,5,2792,16,2,7,9,Unfurnished,3.9,3.7,5.1,2.2,217.8
467,Hyderabad,Gachibowli,4,3,2166,12,2,4,9,Semi-Furnished,1.6,2.7,6.1,7.9,219.5
468,Bengaluru,Electronic City,4,5,2833,8,2,27,30,Semi-Furnished,0.5,4.4,7.9,8.9,243.4
469,Pune,Baner,4,5,2741,1,0,8,10,Semi-Furnished,11.7,4.7,1.6,4.9,236.3
470,Pune,Kharadi,1,2,787,17,3,17,20,Furnished,7.7,3.5,4.1,9.7,60.7
471,Chennai,Anna Nagar,3,2,1407,18,0,5,9,Semi-Furnished,11.2,2.6,7.2,4.1,101.1
472,Chennai,Anna Nagar,4,4,1915,21,1,3,12,Semi-Furnished,9,4.8,0.8,3.7,179.3
473,Hyderabad,Miyapur,3,2,2293,21,3,16,23,Furnished,4.1,4.2,4.8,9.9,157
474,Pune,Baner,5,4,4250,3,1,15,15,Semi-Furnished,11.5,3.3,5,4.3,339.2
475,Pune,Hinjewadi,5,5,3427,8,0,9,14,Semi-Furnished,3.5,4.4,1,8.6,269.6
476,Chennai,Anna Nagar,1,2,668,6,2,2,30,Semi-Furnished,4.7,4.5,3.6,5.9,64.8
477,Pune,Baner,5,6,4492,5,0,22,25,Semi-Furnished,3,3.7,5.4,8.4,380.2
478,Chennai,Porur,5,6,2495,16,1,14,16,Unfurnished,2.4,4.2,2.6,4.9,178.3
479,Hyderabad,Madhapur,4,4,3486,9,1,10,13,Semi-Furnished,6.2,2.8,1.8,3.2,324.5
480,Pune,Kharadi,5,6,3978,20,0,2,11,Unfurnished,0.6,4.5,2.4,6,304.4
481,Hyderabad,Kukatpally,1,1,890,2,2,9,24,Furnished,13.5,3.5,3.1,6.9,52
482,Bengaluru,HSR Layout,1,1,717,21,2,2,20,Unfurnished,2,4.5,2.8,6.3,69.5
483,Bengaluru,Indiranagar,2,2,1009,5,1,7,13,Semi-Furnished,13,2.6,4.4,7.3,97.4
484,Pune,Kharadi,2,2,1800,25,1,15,16,Semi-Furnished,12.4,2.6,7.7,6.5,115.3
485,Hyderabad,Madhapur,3,4,1983,20,2,21,30,Unfurnished,13,4.6,3.3,9.2,159.1
486,Chennai,Anna Nagar,1,1,602,6,1,10,19,Furnished,11.5,3.5,0.6,8.8,54.3
487,Pune,Kharadi,4,4,3269,13,0,4,10,Semi-Furnished,5.4,4,6.6,7.6,252.6
488,Hyderabad,Gachibowli,2,3,1710,20,1,3,5,Unfurnished,4.7,3.9,1.2,3.2,154.6
489,Bengaluru,Marathahalli,4,4,2724,15,1,2,13,Semi-Furnished,12.4,4.5,1.8,4.7,237.6
490,Pune,Hadapsar,2,1,923,17,1,7,7,Unfurnished,10.6,2.9,3.4,4.9,41.1
491,Hyderabad,Kondapur,2,1,914,22,3,29,29,Furnished,12.4,3.7,2,2.8,87.3
492,Chennai,Anna Nagar,4,5,2066,13,1,6,24,Furnished,4.4,4.2,3.5,4.7,211.4
493,Chennai,Anna Nagar,2,3,1154,11,3,0,7,Semi-Furnished,13.1,4.9,3.4,2.9,108.1
494,Pune,Hadapsar,3,2,1545,17,0,2,6,Furnished,7.2,3.4,5,7,112.8
495,Hyderabad,Gachibowli,3,4,1969,12,2,8,9,Unfurnished,2.9,2.9,4.1,4.1,182.7
496,Hyderabad,Kondapur,5,6,2830,8,0,1,15,Furnished,7.6,4.9,2.5,4.2,288.6
497,Chennai,Porur,3,3,2242,5,2,15,28,Semi-Furnished,2.4,4.6,5.4,8.2,149.7
498,Bengaluru,Whitefield,2,2,936,15,2,7,10,Semi-Furnished,14.9,4.8,0.6,4.2,98.9
499,Pune,Kharadi,4,3,3532,23,1,5,8,Unfurnished,13,3,1.6,5.6,225.1
500,Bengaluru,Marathahalli,1,1,663,2,1,15,29,Semi-Furnished,13.3,2.6,5.5,7.1,41.2
501,Hyderabad,Kondapur,2,1,983,14,3,8,19,Semi-Furnished,0.3,4.9,5.4,9.6,92.4
502,Bengaluru,HSR Layout,1,1,615,25,0,2,28,Semi-Furnished,9.1,2.7,2.3,3.2,51.6
503,Pune,Hinjewadi,1,1,533,12,3,10,14,Semi-Furnished,9.9,2.8,4.1,4.9,39.6
504,Chennai,Porur,2,2,1581,3,2,6,21,Semi-Furnished,13.3,3.7,4.6,4.8,102.5
505,Chennai,Porur,2,3,1545,13,0,4,6,Semi-Furnished,7.1,3.1,5.6,2.4,96.8
506,Hyderabad,Kondapur,4,5,1962,25,3,2,14,Furnished,10.3,3.3,2.2,4.8,191.8
507,Hyderabad,Gachibowli,5,4,4341,13,3,7,8,Semi-Furnished,8.6,3.1,2.3,1.7,407
508,Hyderabad,Kukatpally,2,2,1763,12,0,6,7,Furnished,4.6,4,3.8,7,136.8
509,Chennai,Anna Nagar,2,2,1089,2,2,3,26,Semi-Furnished,0.5,3.5,0.4,6.9,114.6
510,Pune,Hadapsar,4,4,3066,19,2,21,27,Furnished,10.2,4.5,1,2.2,220.5
511,Hyderabad,Madhapur,1,1,696,20,1,7,25,Semi-Furnished,9.5,4.5,1.8,3.7,56.5
512,Pune,Kharadi,1,1,535,4,3,15,20,Unfurnished,6.9,3.1,2.6,8.5,38.1
513,Chennai,OMR,1,2,662,15,2,3,6,Semi-Furnished,7.8,4.3,7.5,9.1,49.7
514,Bengaluru,Whitefield,5,4,3978,18,2,2,22,Unfurnished,9.8,4.7,1.2,6.6,362
515,Pune,Kharadi,1,1,597,23,1,11,20,Semi-Furnished,7.7,4,5.6,9.3,37.4
516,Pune,Wakad,3,4,2203,21,2,15,30,Semi-Furnished,12.7,4.1,2.5,7.7,150.1
517,Bengaluru,HSR Layout,2,2,1520,15,0,13,30,Furnished,7.5,3.1,4.6,10,155
518,Chennai,Anna Nagar,2,2,1747,16,0,2,30,Semi-Furnished,1.9,3.1,4.6,5.4,154.6
519,Chennai,OMR,5,5,2869,22,0,1,27,Furnished,6.7,3.6,6.8,2,226.5
520,Hyderabad,Miyapur,1,1,535,20,0,5,11,Unfurnished,4.5,3.6,4.2,7.6,20
521,Chennai,Anna Nagar,2,1,1768,6,3,0,18,Unfurnished,12.2,3.4,4.2,1.8,130.9
522,Pune,Baner,2,2,1671,24,3,7,30,Unfurnished,6.5,4.8,7.2,9.6,115.3
523,Chennai,OMR,4,4,3377,0,0,5,7,Semi-Furnished,14.7,2.9,0.8,7.8,237.5
524,Bengaluru,Marathahalli,1,1,664,12,2,23,28,Semi-Furnished,5.3,4.6,7.2,6.5,52.6
525,Pune,Kharadi,2,3,1614,11,3,6,29,Furnished,1.4,3.8,3.3,7.5,156.6
526,Chennai,Velachery,1,1,716,10,1,0,5,Furnished,8.2,3.1,6.7,3.7,48.3
527,Hyderabad,Gachibowli,3,3,2634,16,2,0,8,Semi-Furnished,14.1,3.6,4.7,1,233.1
528,Bengaluru,Marathahalli,5,5,3684,9,2,25,26,Furnished,8.7,2.8,3.2,7.6,346.7
529,Bengaluru,Electronic City,4,3,2100,22,3,2,18,Unfurnished,6.5,2.8,2,1.7,170.4
530,Pune,Hadapsar,5,6,3330,18,3,13,25,Furnished,10.4,4.9,5.9,4.8,249.2
531,Bengaluru,Indiranagar,4,4,3242,16,0,6,27,Semi-Furnished,0.7,2.9,4.6,9.3,353.6
532,Pune,Hinjewadi,1,1,742,9,0,4,21,Unfurnished,4.7,3.4,2.6,1.3,47.5
533,Pune,Hinjewadi,3,3,1791,5,3,0,5,Semi-Furnished,1.2,2.6,4,3.8,154.8
534,Chennai,Tambaram,4,4,3360,4,3,14,29,Semi-Furnished,2.4,4.3,1,6.6,219.5
535,Pune,Wakad,4,4,2907,1,3,8,28,Semi-Furnished,13,4.3,4.7,8.2,213.7
536,Hyderabad,Miyapur,1,1,766,17,0,16,23,Unfurnished,7.2,4.7,1.2,9.4,32
537,Hyderabad,Kondapur,2,2,1749,22,3,5,7,Semi-Furnished,0.9,4.7,0.5,4.9,156
538,Chennai,Tambaram,3,2,1584,3,1,2,14,Unfurnished,11.6,2.9,7.6,7.1,72.4
539,Chennai,Velachery,1,1,602,12,0,4,15,Semi-Furnished,5,3.4,6.7,2.1,37.3
540,Bengaluru,Indiranagar,5,6,2721,8,0,14,15,Semi-Furnished,1.2,2.6,5.2,9.2,318.2
541,Hyderabad,Madhapur,5,5,3497,18,3,2,19,Furnished,7.6,4.5,1.4,5.9,351.6
542,Bengaluru,Marathahalli,4,5,1885,0,3,9,24,Semi-Furnished,2.7,2.7,7.4,3.5,196
543,Pune,Baner,2,2,946,5,0,1,14,Semi-Furnished,2,2.8,4.6,3.5,87.8
544,Chennai,Anna Nagar,3,4,1909,7,2,6,15,Semi-Furnished,9.1,2.5,5.6,6.8,156.7
545,Pune,Hinjewadi,1,1,661,17,3,12,29,Semi-Furnished,11.9,4.1,0.9,1.3,55.1
546,Pune,Hinjewadi,3,4,2581,11,3,0,10,Unfurnished,5.7,3,0.4,7.7,188.7
547,Chennai,Velachery,1,1,863,22,1,7,12,Furnished,0.7,3.7,5.7,6.5,53.5
548,Pune,Hinjewadi,3,4,1699,17,1,23,26,Semi-Furnished,10.3,3.9,0.8,2.2,130.1
549,Chennai,Porur,2,2,1096,21,0,21,27,Semi-Furnished,3.9,3.9,3.8,9.4,68.6
550,Hyderabad,Kondapur,4,5,2361,3,3,11,20,Semi-Furnished,0.8,4.3,0.7,9.3,236.9
551,Chennai,OMR,4,4,2485,2,0,7,28,Furnished,6.5,2.7,2.2,2.5,206.1
552,Hyderabad,Gachibowli,4,5,3454,0,2,3,13,Unfurnished,3.7,3.4,0.7,4,323.8
553,Hyderabad,Miyapur,5,6,2641,20,3,3,23,Unfurnished,1.1,2.6,2.7,8.6,176.6
554,Bengaluru,Whitefield,4,3,2417,19,3,1,7,Semi-Furnished,8.5,3.2,3.2,1.9,249.5
555,Bengaluru,Marathahalli,5,4,4107,12,3,13,30,Furnished,9.4,3.3,7.5,8,382.4
556,Chennai,Porur,2,1,1005,0,0,6,23,Furnished,2.1,3.8,3,5.3,86.9
557,Bengaluru,HSR Layout,2,1,961,4,2,13,23,Semi-Furnished,9.8,3.4,4.8,5.9,95.4
558,Pune,Baner,5,5,3442,11,0,18,21,Semi-Furnished,2.3,3.1,6.6,6,281.5
559,Chennai,Velachery,2,2,1704,2,2,10,11,Semi-Furnished,10.4,3.7,5.6,8.7,123.4
560,Chennai,Porur,3,4,2023,5,0,1,19,Semi-Furnished,13.8,4.1,5.6,5.2,125.3
561,Pune,Baner,4,4,2619,5,0,0,16,Unfurnished,0.6,2.8,2.5,2.7,218.3
562,Chennai,OMR,1,1,551,9,1,4,12,Semi-Furnished,5.2,3.9,1.7,1.2,56.7
563,Hyderabad,Gachibowli,2,3,1570,25,0,6,15,Semi-Furnished,3.8,4.5,5.4,9.5,149.6
564,Pune,Hinjewadi,1,1,516,25,1,8,11,Semi-Furnished,5.7,4,7.8,3.2,21.6
565,Bengaluru,Marathahalli,3,3,2021,7,0,25,25,Unfurnished,2.1,3.8,4.8,5.4,180.6
566,Pune,Hadapsar,1,1,710,12,2,16,20,Semi-Furnished,5,3.4,5.6,7.4,42.6
567,Chennai,Porur,4,3,2224,7,1,7,19,Semi-Furnished,4.7,4.7,4.7,9.4,155.9
568,Hyderabad,Madhapur,1,1,677,16,2,9,12,Unfurnished,7.8,3.3,3.8,4.9,46.3
569,Pune,Baner,3,4,1400,5,3,4,12,Semi-Furnished,5.5,2.7,6.8,5.6,135.5
570,Chennai,Velachery,1,1,486,11,0,6,22,Semi-Furnished,10.2,3.1,6,7.9,27.8
571,Bengaluru,Marathahalli,2,2,908,24,2,13,14,Semi-Furnished,15,4.9,6.6,7.8,58
572,Bengaluru,Indiranagar,2,2,1640,23,1,7,20,Semi-Furnished,11.8,4.4,5.9,5.2,173.9
573,Chennai,Velachery,4,5,2229,14,3,0,22,Semi-Furnished,8.7,2.8,7.6,1.1,188.6
574,Chennai,Anna Nagar,2,3,1335,21,3,24,29,Semi-Furnished,4.6,4,4.7,1.3,118.7
575,Chennai,Porur,5,6,3811,6,3,6,7,Unfurnished,1.8,3.9,3.8,9.1,240.2
576,Hyderabad,Miyapur,2,1,1746,22,3,1,5,Unfurnished,13.7,3.5,1.9,3.6,88.4
577,Pune,Hinjewadi,3,2,1701,10,3,5,17,Furnished,2.1,3.5,6,4.5,161.6
578,Bengaluru,HSR Layout,2,2,1342,22,3,9,10,Semi-Furnished,4.8,3,5.8,5.1,131.2
579,Bengaluru,Indiranagar,1,2,759,25,1,10,21,Furnished,13.2,3.7,4.7,7.6,65.6
580,Pune,Baner,3,4,2605,25,1,7,18,Unfurnished,9.3,3.6,3.3,6.9,184.9
581,Hyderabad,Kukatpally,1,1,895,5,2,17,25,Unfurnished,13.8,4.2,5.9,3,53.5
582,Hyderabad,Kondapur,1,1,708,24,2,14,18,Unfurnished,3.3,2.6,0.5,6.7,48.9
583,Pune,Kharadi,3,4,1748,12,0,2,5,Unfurnished,13.8,3.3,6.1,5.4,112.4
584,Bengaluru,Indiranagar,2,3,1740,8,1,0,10,Semi-Furnished,2.8,2.8,6,2.5,204.7
585,Hyderabad,Kondapur,2,3,1266,5,1,1,27,Furnished,8.1,3.6,0.7,6.7,125.1
586,Hyderabad,Kukatpally,3,4,1457,19,0,6,6,Semi-Furnished,3.2,3.1,7.3,2.8,106.9
587,Hyderabad,Gachibowli,3,3,1479,7,0,26,30,Furnished,2.7,2.9,3.5,2,165.5
588,Bengaluru,Marathahalli,2,3,1338,3,1,1,11,Semi-Furnished,2.8,3.5,2.7,4.5,134.8
589,Hyderabad,Kondapur,5,5,2429,2,1,9,18,Semi-Furnished,7.6,5,5.8,8.1,245
590,Bengaluru,Electronic City,1,1,773,22,3,24,26,Semi-Furnished,5.1,4.1,7.1,3.9,65.7
591,Pune,Hinjewadi,3,2,2596,18,3,16,17,Semi-Furnished,3.6,4,7.9,3.1,197.2
592,Hyderabad,Kondapur,2,3,1675,7,0,1,6,Semi-Furnished,4.6,2.9,1.9,1.3,158
593,Pune,Baner,2,2,1225,20,0,13,21,Semi-Furnished,4.5,2.6,6.8,4,85.7
594,Hyderabad,Madhapur,2,3,1433,10,1,0,19,Unfurnished,7.5,4.9,0.7,9.9,134.8
595,Bengaluru,Whitefield,2,2,1141,16,0,14,18,Semi-Furnished,10.9,3.1,1.7,3.2,101.3
596,Pune,Wakad,3,4,1513,11,3,5,17,Semi-Furnished,6.5,4,3.6,2.4,139.2
597,Pune,Hinjewadi,4,5,3549,2,2,17,24,Unfurnished,11,3.1,3.9,5.1,245.8
598,Pune,Hinjewadi,3,3,2311,6,1,0,11,Unfurnished,7.6,4.3,4.1,9.3,171.1
599,Chennai,Tambaram,4,4,3112,18,0,1,18,Furnished,2,4.8,1.6,7.9,213.7
600,Chennai,Porur,4,4,3226,1,3,7,18,Unfurnished,0.7,4.5,5.2,7.1,218.1
601,Bengaluru,Electronic City,5,6,2853,8,1,18,24,Furnished,12.7,2.5,6.2,6.8,265.6
602,Pune,Hadapsar,1,1,898,13,1,8,18,Semi-Furnished,7.6,3.8,7.1,6.3,53.2
603,Hyderabad,Gachibowli,5,5,2834,8,1,12,28,Semi-Furnished,0.3,2.9,4.1,1.9,302.4
604,Pune,Hadapsar,4,4,3301,13,1,5,10,Unfurnished,2.2,3.7,4.2,2,215.5
605,Bengaluru,HSR Layout,2,1,1667,5,1,13,13,Semi-Furnished,9.5,4.1,7,2.5,168
606,Pune,Hinjewadi,3,2,2050,0,1,15,20,Semi-Furnished,1.7,2.7,6.1,1.1,170.6
607,Hyderabad,Gachibowli,2,1,1284,19,2,15,20,Semi-Furnished,9.1,3.3,5.6,4.1,105.6
608,Bengaluru,Electronic City,4,5,3050,1,2,3,15,Unfurnished,13.1,3.5,6.7,9.3,218.4
609,Hyderabad,Miyapur,3,3,2104,14,3,13,21,Semi-Furnished,0.2,4.1,7.6,3.9,159.1
610,Hyderabad,Kondapur,4,4,3042,15,3,19,28,Semi-Furnished,5.4,4.8,7.5,5.3,271.6
611,Hyderabad,Kukatpally,3,3,1643,16,0,7,9,Semi-Furnished,4.7,4.2,4.5,8.9,117.5
612,Pune,Hinjewadi,4,4,2298,6,1,21,29,Semi-Furnished,1.8,5,0.5,9.4,198.9
613,Pune,Baner,2,2,1581,15,0,4,26,Furnished,9.6,3.7,6.4,4,122.2
614,Hyderabad,Kondapur,4,5,3139,20,3,7,30,Unfurnished,1.9,2.7,1,7.7,260
615,Hyderabad,Miyapur,3,3,1991,12,0,0,14,Semi-Furnished,3,3.5,3.6,7.9,142.8
616,Bengaluru,Marathahalli,5,5,2686,12,0,14,22,Semi-Furnished,12.3,3.2,2,7.1,236.7
617,Chennai,Velachery,1,1,608,16,0,13,13,Semi-Furnished,7.3,4.6,4.1,7.3,36.7
618,Chennai,Velachery,2,2,1617,23,0,5,29,Furnished,11,3.2,6.6,9.2,96
619,Hyderabad,Miyapur,4,4,2665,21,3,12,16,Semi-Furnished,8,3.2,5.7,2.8,187.9
620,Pune,Hinjewadi,2,2,1670,25,0,9,27,Semi-Furnished,2.6,2.8,5.7,3.6,106.7
621,Bengaluru,HSR Layout,1,1,821,18,0,25,26,Furnished,2.4,4.9,3.6,8.6,99.7
622,Hyderabad,Kondapur,4,4,1907,3,2,13,23,Furnished,9.5,3.5,0.6,3.2,200.6
623,Bengaluru,Indiranagar,1,2,892,20,3,10,13,Semi-Furnished,5.6,2.8,0.9,5.4,99.4
624,Bengaluru,Whitefield,5,6,3371,22,0,18,30,Unfurnished,7.4,4.1,3.6,6.1,304
625,Hyderabad,Miyapur,2,3,1732,22,0,17,17,Furnished,11.8,3.8,0.8,8.5,107.4
626,Hyderabad,Madhapur,1,1,891,19,1,4,5,Semi-Furnished,4.9,2.6,4.7,6.9,56.3
627,Chennai,OMR,1,1,709,9,2,5,22,Semi-Furnished,14.2,2.5,2.6,9.5,30.6
628,Chennai,Porur,4,4,2981,15,2,11,21,Semi-Furnished,7.8,4.2,5.4,1.4,190.9
629,Bengaluru,Electronic City,2,2,1516,17,1,11,23,Unfurnished,11,3.6,4.5,3.3,106.1
630,Bengaluru,Indiranagar,4,3,2320,21,3,4,27,Semi-Furnished,1.2,4.3,8,7.3,266.8
631,Chennai,Porur,5,5,3969,4,2,13,30,Semi-Furnished,14.5,3.1,2.4,5.8,256.6
632,Pune,Hinjewadi,3,2,2093,10,2,3,9,Unfurnished,1.6,4.9,2,9.6,163.9
633,Hyderabad,Madhapur,5,5,4255,3,2,18,27,Furnished,8.4,4,7.2,2.5,436.8
634,Pune,Wakad,3,4,2326,18,1,0,13,Semi-Furnished,10.8,4.1,1.4,6.1,154.9
635,Chennai,Velachery,5,6,4125,5,3,14,16,Semi-Furnished,4.3,3.6,7.6,8.9,327.8
636,Chennai,OMR,3,4,1990,2,0,3,7,Furnished,2.6,2.6,6,6,167.1
637,Hyderabad,Kukatpally,5,5,4214,15,0,0,17,Semi-Furnished,13.7,4.4,5.8,7.3,298.1
638,Bengaluru,Marathahalli,5,4,4087,5,1,1,10,Semi-Furnished,2.2,3.4,0.7,5.5,366
639,Hyderabad,Kondapur,2,1,1197,9,3,4,14,Unfurnished,11.1,3.9,2,3.7,104
640,Hyderabad,Kukatpally,5,6,2485,11,0,14,24,Semi-Furnished,5.4,2.5,7.2,2.7,199.5
641,Hyderabad,Kukatpally,4,4,1973,16,1,3,18,Furnished,0.3,4.4,2.2,5.2,180.9
642,Chennai,Tambaram,2,2,1011,14,3,2,10,Semi-Furnished,6.6,3.4,7,2.8,59.3
643,Hyderabad,Madhapur,4,5,3323,10,0,10,10,Unfurnished,7.3,4.2,2.3,4.8,285.5
644,Bengaluru,Electronic City,4,5,2069,3,0,0,30,Unfurnished,5.3,2.5,5.6,1.5,184.5
645,Pune,Hadapsar,1,2,695,9,2,2,20,Semi-Furnished,3.9,2.9,4.2,3.2,58.6
646,Chennai,Velachery,4,4,2770,22,0,23,27,Semi-Furnished,2.9,5,4.9,6.7,210.6
647,Bengaluru,Indiranagar,1,1,548,4,3,4,5,Unfurnished,13,3.5,4.3,7.3,60.4
648,Bengaluru,Electronic City,4,5,1925,16,3,1,25,Semi-Furnished,4.2,3.2,3,4.8,178.1
649,Hyderabad,Madhapur,1,1,476,21,2,4,11,Semi-Furnished,13.6,2.8,1.7,9.5,20
650,Chennai,OMR,1,1,799,17,1,11,15,Semi-Furnished,5.5,4.4,4.4,4.3,58.4
651,Bengaluru,Marathahalli,4,3,2017,4,0,4,6,Furnished,13.3,4.5,1.8,5,196.7
652,Chennai,Anna Nagar,4,4,2892,23,1,1,6,Unfurnished,8.3,3.1,7.1,8.7,222.8
653,Chennai,Anna Nagar,4,3,2693,2,3,16,18,Furnished,7.7,2.6,4.9,7.3,248.4
654,Hyderabad,Miyapur,1,1,829,12,3,17,26,Furnished,14.6,2.9,6.1,4.5,47.1
655,Pune,Hadapsar,3,3,1726,0,1,6,23,Semi-Furnished,0.3,4.8,4.2,5.5,150.7
656,Chennai,Anna Nagar,2,2,1625,8,0,3,10,Unfurnished,3.7,2.6,1.4,9,131.4
657,Chennai,OMR,2,2,1447,3,0,11,25,Semi-Furnished,14.6,3.3,7.6,9,82.2
658,Bengaluru,Indiranagar,5,5,3579,1,0,7,16,Semi-Furnished,4.3,3.1,0.4,6.9,426.7
659,Hyderabad,Kukatpally,3,3,2255,7,2,3,13,Semi-Furnished,12.2,4.4,1.5,3.1,175.1
660,Chennai,Velachery,4,3,2815,5,3,2,10,Unfurnished,7.5,4.3,5.3,1.2,205
661,Bengaluru,Indiranagar,5,5,2534,4,0,7,18,Semi-Furnished,9.7,3.5,5.9,2.2,312.4
662,Hyderabad,Miyapur,1,2,646,0,0,5,5,Furnished,2.2,4.4,2.4,9.4,62.1
663,Hyderabad,Gachibowli,5,5,2598,6,1,18,20,Furnished,12.3,3.3,4,3.2,282.6
664,Chennai,Porur,1,1,872,1,0,9,22,Unfurnished,13.3,3.5,0.3,3,40.7
665,Pune,Wakad,3,3,1812,21,3,22,26,Furnished,1.9,2.9,1.1,1.9,159.5
666,Chennai,OMR,5,5,2734,11,0,4,6,Unfurnished,6.5,3.3,1.7,4.8,209.1
667,Chennai,Porur,3,3,1562,8,3,11,26,Furnished,12.2,4.3,0.9,1,135.5
668,Bengaluru,HSR Layout,3,3,2149,14,3,1,7,Semi-Furnished,14.4,3.2,1,10,208.5
669,Pune,Baner,3,4,2218,15,3,20,24,Semi-Furnished,12.1,4.1,2.2,4.8,184
670,Pune,Hadapsar,5,5,3825,2,3,18,21,Semi-Furnished,12.2,3,1,4.3,259.3
671,Hyderabad,Kondapur,5,6,2797,3,0,11,16,Furnished,13,4.5,2.6,2.3,290
672,Pune,Wakad,2,2,957,23,1,2,8,Semi-Furnished,0.6,4.9,3.2,7.3,80.7
673,Hyderabad,Kukatpally,5,5,2373,4,2,1,9,Unfurnished,0.4,4.6,3.5,7.9,200.9
674,Bengaluru,Marathahalli,3,4,2192,23,2,0,19,Unfurnished,2.5,4.7,0.5,7.8,189.1
675,Hyderabad,Kukatpally,4,5,2934,22,2,16,23,Semi-Furnished,3.6,4.8,2.4,1.8,230.6
676,Bengaluru,HSR Layout,4,3,2248,12,1,17,28,Semi-Furnished,1.3,4.2,4,6.9,253.6
677,Pune,Wakad,1,1,781,13,1,1,13,Unfurnished,5.6,4.4,2.9,3.2,46.4
678,Hyderabad,Gachibowli,2,1,1674,9,1,6,22,Semi-Furnished,0.7,3.2,7.8,6.1,155.4
679,Pune,Hinjewadi,1,1,497,9,0,9,16,Furnished,7.6,3.3,3.3,4.2,30.3
680,Hyderabad,Kondapur,4,3,2828,25,1,4,5,Semi-Furnished,7.3,4.7,0.6,2.5,247
681,Hyderabad,Gachibowli,2,2,1726,21,1,22,29,Unfurnished,14.5,3.8,5.9,6.9,132
682,Chennai,Tambaram,2,2,1197,11,3,5,6,Semi-Furnished,5.9,3,5,1.7,71.3
683,Pune,Hinjewadi,1,1,842,9,0,3,20,Semi-Furnished,2.7,3.2,0.8,6.2,60.1
684,Hyderabad,Madhapur,4,4,2769,8,3,4,25,Furnished,14.6,3.7,3.1,3.6,275.4
685,Bengaluru,Indiranagar,3,3,2115,2,3,14,21,Unfurnished,13.2,4.2,5.1,6.8,226.7
686,Bengaluru,Marathahalli,1,1,886,3,2,5,17,Semi-Furnished,12.8,3.1,7,7,60.7
687,Pune,Hadapsar,4,3,1975,5,0,13,17,Unfurnished,5.1,3.3,8,5.4,138.5
688,Pune,Hinjewadi,3,4,1428,17,1,4,20,Semi-Furnished,4.9,2.6,4.9,4.4,126
689,Chennai,Tambaram,4,4,1910,6,0,21,29,Semi-Furnished,3.9,2.9,1.4,3.5,127.8
690,Pune,Kharadi,5,5,3312,5,0,6,7,Semi-Furnished,11.3,2.9,3,4.8,265.4
691,Bengaluru,Indiranagar,3,4,1370,17,1,2,7,Semi-Furnished,14.8,4.8,6,7.6,152
692,Bengaluru,Indiranagar,2,3,1785,10,0,21,30,Semi-Furnished,7.9,2.5,3.8,8.5,180.3
693,Pune,Hadapsar,1,1,561,23,1,17,18,Semi-Furnished,9.1,3,1.9,2.7,28.9
694,Hyderabad,Kondapur,3,2,1968,9,0,15,27,Semi-Furnished,6.9,3.5,3,5.9,167
695,Chennai,OMR,2,3,1338,11,1,19,22,Unfurnished,6.7,3.2,5.4,7.1,91.1
696,Hyderabad,Gachibowli,1,1,782,0,3,7,8,Semi-Furnished,9.4,3.9,5.2,5.5,82.8
697,Chennai,Tambaram,2,2,1695,14,3,3,8,Furnished,14.3,3.4,6.4,5.2,99.1
698,Pune,Hinjewadi,3,3,2389,9,2,8,26,Semi-Furnished,13.6,4.8,5.5,1,191.6
699,Hyderabad,Gachibowli,1,1,854,11,2,5,15,Furnished,14.9,3.1,7.8,2.7,71.4
700,Hyderabad,Miyapur,4,4,3103,12,1,10,17,Semi-Furnished,6.7,2.7,6.5,5.5,205.2
701,Pune,Baner,5,5,3570,6,0,0,7,Semi-Furnished,9.5,4,0.5,7.4,308.1
702,Hyderabad,Miyapur,4,3,3320,23,1,11,19,Unfurnished,9.9,3.1,1.8,8.6,187.2
703,Pune,Baner,1,1,492,4,0,18,25,Furnished,1.8,4.8,1.2,2.3,59.4
704,Bengaluru,Whitefield,1,2,882,11,1,3,17,Semi-Furnished,0.5,2.7,7.7,1.7,95
705,Pune,Baner,4,4,2168,9,0,10,10,Semi-Furnished,9.2,2.6,7.8,9.9,172.7
706,Hyderabad,Madhapur,5,5,2748,6,0,0,22,Semi-Furnished,11.5,3,3.1,9.1,247.4
707,Bengaluru,HSR Layout,1,1,587,8,3,1,11,Semi-Furnished,8.4,3.2,6,5.5,59.6
708,Pune,Wakad,3,3,1755,21,2,3,17,Semi-Furnished,11.5,3.3,6.4,9.6,109
709,Pune,Kharadi,5,5,3555,19,0,12,24,Semi-Furnished,8.6,3.4,5.2,1.6,274.2
710,Hyderabad,Miyapur,3,4,1951,19,2,0,17,Unfurnished,12.2,3.6,1.7,3.2,115.8
711,Chennai,Anna Nagar,2,2,1025,0,2,0,27,Semi-Furnished,3.4,3.9,2.8,3.1,103.7
712,Chennai,Porur,2,2,1005,17,2,19,27,Furnished,12.1,4.2,4.7,6.8,68
713,Pune,Baner,3,3,1753,1,3,1,20,Furnished,6.4,2.8,1.6,3.9,170.4
714,Hyderabad,Kondapur,1,1,686,9,1,1,17,Furnished,13.8,2.6,5.3,1.6,40.4
715,Pune,Baner,3,3,2058,12,0,10,22,Semi-Furnished,0.9,3.2,7.9,5.4,174.9
716,Hyderabad,Kondapur,5,4,2369,7,0,1,5,Unfurnished,5,4.2,3.7,2.5,208.4
717,Chennai,Porur,1,1,582,25,0,0,8,Furnished,1.3,3.3,5,8.3,23.7
718,Bengaluru,HSR Layout,5,6,2741,4,2,9,9,Furnished,14.5,3.5,3.7,2.1,336.9
719,Pune,Kharadi,3,3,2338,7,0,12,13,Unfurnished,1.4,3.9,7,6.9,179.8
720,Bengaluru,Whitefield,1,2,480,6,0,6,26,Semi-Furnished,5.9,3.7,2.9,8.3,56
721,Chennai,Anna Nagar,4,4,3536,16,0,3,9,Furnished,5.9,3.6,5.1,2.8,323.3
722,Hyderabad,Kondapur,4,4,3205,9,0,7,9,Furnished,11.2,3.1,7.2,2.7,277.4
723,Pune,Baner,3,2,2477,2,2,6,18,Unfurnished,7.6,3.8,0.7,3.5,184.7
724,Pune,Kharadi,2,2,1093,12,1,8,24,Semi-Furnished,7.5,3.6,5.5,6.8,93.6
725,Bengaluru,Whitefield,1,1,744,8,1,1,7,Unfurnished,13.3,4.2,3.4,4.5,54
726,Chennai,Tambaram,2,2,1704,6,2,9,25,Semi-Furnished,4.5,2.5,1.7,9.2,99.1
727,Chennai,Velachery,2,2,1597,2,1,5,10,Furnished,2.3,2.5,4,4,129.6
728,Chennai,OMR,2,1,1508,11,3,0,23,Semi-Furnished,3.9,2.8,6.6,6.1,114.7
729,Bengaluru,Marathahalli,5,5,2850,24,0,4,8,Furnished,5.2,3.7,3,5.9,285.6
730,Chennai,Anna Nagar,4,3,3495,11,2,10,27,Furnished,11.7,4.6,7.2,6.4,308.1
731,Hyderabad,Madhapur,4,4,3150,4,2,0,20,Unfurnished,11.2,4.9,3.1,7.7,263.7
732,Pune,Hinjewadi,3,4,2429,5,2,11,26,Furnished,6,3.5,8,3.8,197.9
733,Chennai,Porur,1,2,857,14,2,1,14,Furnished,7.6,4.2,3.9,2.4,72.1
734,Bengaluru,Electronic City,4,4,1932,25,2,3,5,Unfurnished,4.4,4,0.7,3.8,162.5
735,Hyderabad,Gachibowli,3,3,2067,9,1,4,7,Unfurnished,11,3.6,7.4,3.6,166.7
736,Chennai,Velachery,4,5,2617,3,2,9,14,Semi-Furnished,8.5,4.2,2.8,6.2,221.2
737,Bengaluru,Electronic City,2,3,1467,6,2,1,14,Unfurnished,13.9,3.7,1.7,8,113.1
738,Hyderabad,Madhapur,5,6,3533,16,2,11,19,Semi-Furnished,6.4,3.5,0.5,6,344.8
739,Pune,Hinjewadi,2,2,1705,7,2,9,9,Semi-Furnished,8.6,3.2,6.1,4.5,122.3
740,Hyderabad,Kukatpally,5,6,2472,2,0,13,13,Furnished,1.8,4,6.6,6.1,235.3
741,Hyderabad,Gachibowli,5,4,3089,16,1,15,22,Unfurnished,13.4,4.1,1.5,6.7,271.1
742,Hyderabad,Kukatpally,5,5,2719,2,0,9,9,Furnished,7.9,3.1,1.1,1.2,240.6
743,Pune,Hinjewadi,1,1,657,15,1,8,12,Unfurnished,9.3,3.6,5.4,2.1,31.4
744,Hyderabad,Madhapur,2,2,1074,16,1,15,20,Unfurnished,10.1,4.9,4.1,7,86.9
745,Hyderabad,Kukatpally,4,5,2103,0,2,3,19,Semi-Furnished,0.4,3.3,5.3,9,186.8
746,Hyderabad,Kondapur,2,3,1640,14,2,1,5,Semi-Furnished,12.9,3.8,3,7.4,127.7
747,Hyderabad,Madhapur,2,2,1571,23,2,4,19,Unfurnished,11.5,3.3,3.3,9.2,112.4
748,Pune,Kharadi,5,5,4326,24,2,5,9,Semi-Furnished,8.8,4,6.7,1.6,324.6
749,Bengaluru,HSR Layout,1,1,705,21,3,7,15,Furnished,12.2,4.3,2.1,9.1,59.6
750,Pune,Kharadi,1,1,763,8,0,6,6,Semi-Furnished,6.7,3.4,5.2,1.3,51.8
751,Hyderabad,Kukatpally,4,4,3105,18,1,4,11,Semi-Furnished,10.2,3.1,6,4.9,215.8
752,Bengaluru,Whitefield,5,4,2644,6,0,4,30,Furnished,5.5,3.5,4.5,1.6,300.1
753,Pune,Wakad,2,3,1412,11,2,17,24,Furnished,12.1,3.6,5.1,8.9,100.1
754,Bengaluru,Marathahalli,3,2,1591,15,1,4,6,Semi-Furnished,0.5,4.6,2.5,8.5,152.6
755,Chennai,OMR,2,2,976,17,1,19,21,Semi-Furnished,6.1,2.6,5.7,2,69.3
756,Chennai,OMR,1,1,665,8,1,1,15,Unfurnished,8.3,4.3,7.4,7,47
757,Bengaluru,Indiranagar,1,1,627,2,3,23,24,Semi-Furnished,1.4,3.9,7.6,3.4,77.7
758,Hyderabad,Kukatpally,5,5,3684,13,3,12,14,Furnished,14.6,2.6,0.7,8,288.7
759,Pune,Hinjewadi,5,6,2463,12,3,4,27,Semi-Furnished,6.5,2.8,3.7,9.1,218.1
760,Chennai,Anna Nagar,2,2,1347,1,1,1,12,Semi-Furnished,3.6,4.4,7.1,8.1,127.6
761,Hyderabad,Madhapur,1,1,479,4,3,4,10,Unfurnished,5.4,4.1,2.2,3.6,57.8
762,Pune,Hinjewadi,1,1,578,17,1,11,20,Furnished,12.9,3.6,2.6,4.3,34.8
763,Bengaluru,Marathahalli,3,3,2458,16,0,2,6,Furnished,10.6,4.1,2.5,2.8,222
764,Bengaluru,Electronic City,5,5,2752,11,1,1,6,Semi-Furnished,9.8,3.6,1.2,5.5,231.4
765,Chennai,Porur,4,4,3494,2,0,13,13,Semi-Furnished,7.5,4.7,3.3,1.4,230.7
766,Bengaluru,Indiranagar,5,4,3499,1,2,4,5,Semi-Furnished,5.2,4.6,2.3,7.8,409.2
767,Hyderabad,Kondapur,5,6,4001,25,0,3,30,Semi-Furnished,14.3,4.8,2.5,9.9,327
768,Pune,Hadapsar,5,5,2915,12,3,7,28,Unfurnished,0.4,4.5,7.6,1.8,211
769,Chennai,Anna Nagar,5,6,2408,19,2,8,16,Semi-Furnished,11.8,4.5,5,2.1,232.7
770,Chennai,Anna Nagar,2,3,1373,0,3,3,5,Unfurnished,5.5,4.1,4.6,4.7,130.5
771,Hyderabad,Kondapur,5,5,2512,14,1,12,13,Semi-Furnished,4,3.7,2.1,2.6,250.1
772,Hyderabad,Madhapur,1,1,544,21,3,10,23,Unfurnished,10.8,2.7,5.8,3.3,25.9
773,Chennai,Porur,1,1,629,3,0,14,21,Unfurnished,1.3,3,4.7,8.5,42.3
774,Hyderabad,Kukatpally,3,3,1400,10,2,13,15,Furnished,5.7,4.9,2.6,1.3,135.7
775,Chennai,Velachery,5,4,2685,19,1,10,30,Semi-Furnished,11.8,3.8,4.8,4.1,200.9
776,Hyderabad,Madhapur,4,3,1958,7,3,3,22,Furnished,8,2.6,3.9,5.7,204
777,Chennai,Velachery,5,5,3249,10,1,24,30,Furnished,3.6,3.3,7.8,7.2,274.6
778,Pune,Baner,1,1,736,16,0,15,16,Semi-Furnished,6.8,3.5,4.7,8.4,37.8
779,Bengaluru,Indiranagar,5,5,3316,25,2,10,15,Unfurnished,6.2,3.8,1.4,5.4,357.7
780,Bengaluru,HSR Layout,4,3,2141,3,3,12,13,Semi-Furnished,14,4.4,1.3,1.3,245.2
781,Bengaluru,Whitefield,2,3,1332,11,1,17,17,Unfurnished,4.5,3.3,6.7,4,128.5
782,Hyderabad,Gachibowli,1,1,679,13,3,26,28,Semi-Furnished,11.4,4.3,5.9,7.5,57
783,Hyderabad,Madhapur,1,1,795,20,3,10,17,Semi-Furnished,7.7,4,7.6,1.9,62.7
784,Chennai,OMR,5,6,3418,10,3,5,15,Furnished,0.8,4.9,7.1,7.6,296
785,Chennai,Porur,5,5,2657,11,2,1,10,Unfurnished,7.4,3.1,1.6,9.5,168.5
786,Hyderabad,Madhapur,3,3,1546,6,1,4,5,Furnished,14.4,3.8,6.5,1.1,164.8
787,Hyderabad,Kondapur,2,2,1484,13,3,4,21,Furnished,4.6,2.8,5.7,8.6,130.3
788,Pune,Kharadi,3,2,1630,8,0,2,16,Semi-Furnished,3.5,2.7,1.5,4,136
789,Hyderabad,Kondapur,1,2,501,22,2,8,11,Semi-Furnished,13.2,2.6,5.2,1.1,21.5
790,Pune,Wakad,2,2,1381,4,3,7,10,Unfurnished,3.1,4.7,7.6,8.7,106.7
791,Hyderabad,Kukatpally,1,2,735,19,1,5,27,Unfurnished,10.4,4,5.2,3.1,38.5
792,Bengaluru,Electronic City,2,2,1584,15,3,20,30,Semi-Furnished,5.5,3.7,1,2,143.9
793,Chennai,Tambaram,4,4,2306,21,3,2,8,Semi-Furnished,4.9,2.8,5.7,7.3,145.6
794,Pune,Kharadi,5,6,3211,0,2,8,13,Unfurnished,12.8,3.5,4.6,3.9,254.4
795,Pune,Kharadi,4,5,2616,8,0,7,13,Semi-Furnished,5.2,4.5,2.7,4.7,228.5
796,Bengaluru,Marathahalli,2,1,1528,19,2,9,9,Semi-Furnished,14.3,2.6,3.2,8,103.2
797,Chennai,Porur,1,1,715,6,2,6,22,Furnished,12.6,3.5,5.8,3.6,35.5
798,Chennai,Anna Nagar,4,4,2932,23,1,0,5,Furnished,11.4,3.8,4.2,8.1,251.4
799,Chennai,Anna Nagar,1,1,773,24,1,2,6,Semi-Furnished,12.2,3.4,3.4,8.4,47.9
800,Hyderabad,Gachibowli,1,2,460,0,1,6,8,Unfurnished,9.2,3.3,2.8,5.6,36.3
801,Chennai,Tambaram,2,1,1170,20,3,9,17,Semi-Furnished,3.5,3.5,2.4,3.6,76.6
802,Bengaluru,Indiranagar,1,2,822,12,2,17,29,Semi-Furnished,6.9,3.9,0.5,7.9,92.4
803,Pune,Hadapsar,1,1,620,4,0,8,8,Unfurnished,13,3.7,2.2,2.3,36.8
804,Pune,Hadapsar,5,5,2491,24,3,6,13,Semi-Furnished,5.2,2.9,2.8,6.1,181.1
805,Hyderabad,Kondapur,2,3,1458,15,2,7,25,Semi-Furnished,10.7,3.8,6.9,9.9,104.8
806,Hyderabad,Kukatpally,1,2,515,24,0,8,10,Semi-Furnished,2.7,3.6,7.8,1.4,34.9
807,Bengaluru,Marathahalli,4,4,3333,17,3,0,17,Unfurnished,6.6,3.2,7.4,7.1,264.1
808,Chennai,Porur,2,2,1197,16,1,19,30,Furnished,5.7,4,3.9,2.9,84.6
809,Bengaluru,HSR Layout,5,6,2290,10,3,2,10,Semi-Furnished,14.9,2.5,5.7,2.8,251.3
810,Pune,Baner,1,1,769,14,1,5,7,Semi-Furnished,13.3,3.4,0.4,2.7,46.7
811,Pune,Hadapsar,3,3,2628,24,3,8,13,Semi-Furnished,10,2.7,1.5,7.6,153.2
812,Chennai,Porur,1,1,858,16,3,8,15,Furnished,11.1,4,7.3,2.9,39.9
813,Bengaluru,HSR Layout,1,1,523,5,3,2,5,Unfurnished,14.6,2.8,6.5,4.8,39.3
814,Chennai,Porur,1,1,736,12,3,12,29,Semi-Furnished,5.5,4.6,2.7,1.7,60.6
815,Bengaluru,HSR Layout,3,3,2245,17,3,8,20,Semi-Furnished,8.5,3.6,3,1.2,238.9
816,Pune,Baner,4,4,3063,17,1,11,17,Unfurnished,11.3,2.5,3.7,5.7,206
817,Chennai,Anna Nagar,1,1,579,16,0,8,24,Unfurnished,4.3,3.7,0.6,7.3,37.5
818,Hyderabad,Miyapur,1,2,761,20,3,5,20,Semi-Furnished,13.1,4.4,6.5,1.3,35.7
819,Bengaluru,HSR Layout,2,1,1329,3,0,1,19,Semi-Furnished,12.9,3.2,6.9,6.9,129.8
820,Chennai,Anna Nagar,2,2,1428,0,3,1,18,Unfurnished,12.4,3.8,5.9,1.8,118.1
821,Chennai,Porur,2,3,1077,20,0,4,14,Semi-Furnished,1.9,3.7,6.7,1.8,86.9
822,Hyderabad,Gachibowli,1,1,823,2,1,0,15,Semi-Furnished,11.9,3,3.2,1.7,77
823,Bengaluru,Electronic City,2,2,1217,1,3,9,27,Unfurnished,2.3,3.3,2,2.7,121.5
824,Bengaluru,Electronic City,3,4,1891,2,3,11,16,Semi-Furnished,9.7,3.6,5.2,8.5,155.5
825,Pune,Wakad,5,5,4027,11,2,5,11,Semi-Furnished,7.7,4.6,6.4,1.8,298.5
826,Chennai,Velachery,4,4,1864,3,1,4,20,Semi-Furnished,5,3.9,5.4,9.1,158.7
827,Hyderabad,Kondapur,1,1,665,15,2,3,15,Unfurnished,5.5,2.9,4.5,7.8,41.4
828,Pune,Hadapsar,5,6,3885,15,1,11,13,Semi-Furnished,5.2,4.2,2.6,9.7,275.7
829,Hyderabad,Kukatpally,4,4,2982,12,0,8,10,Unfurnished,4.6,4,5.7,5.7,213.9
830,Bengaluru,HSR Layout,3,2,1535,9,1,11,30,Semi-Furnished,2.6,2.5,1.4,8.9,164.1
831,Hyderabad,Madhapur,2,2,1347,2,1,8,9,Furnished,5.7,3.7,3,5.2,145.9
832,Bengaluru,Indiranagar,4,5,3246,7,0,4,17,Semi-Furnished,14,3.5,2.8,3.5,366.8
833,Pune,Hadapsar,4,3,2510,15,0,9,12,Unfurnished,3.7,3.4,4.2,1,167
834,Pune,Hinjewadi,2,2,1411,6,0,4,11,Semi-Furnished,5.2,4.1,3.6,3.6,112.7
835,Pune,Hinjewadi,3,4,1717,5,3,16,26,Furnished,7.1,2.7,5.6,1.9,165.3
836,Hyderabad,Madhapur,3,3,2526,16,3,14,26,Unfurnished,9.9,4.2,3.6,1.5,210.9
837,Hyderabad,Miyapur,4,4,3399,15,2,11,22,Unfurnished,2.8,3.6,6.1,8.8,199.3
838,Hyderabad,Kondapur,5,5,3059,16,3,1,18,Semi-Furnished,0.8,4.7,3.8,1.5,296.8
839,Chennai,Anna Nagar,4,4,3182,9,0,8,22,Unfurnished,5.5,2.5,2.8,6.7,250.8
840,Chennai,OMR,5,6,3268,5,0,3,22,Unfurnished,2.3,3.7,7.2,4.1,242.5
841,Bengaluru,Marathahalli,5,6,2416,2,2,1,16,Unfurnished,14.7,4.1,7.1,4.4,230.3
842,Hyderabad,Kondapur,3,4,2170,0,1,8,28,Semi-Furnished,11.2,2.7,7.3,9.7,185
843,Chennai,Anna Nagar,5,5,2450,11,3,6,11,Unfurnished,10.4,3,4.2,1.4,214.8
844,Bengaluru,Electronic City,3,2,2183,6,0,13,30,Semi-Furnished,4.3,3.7,6.4,6.7,169.9
845,Bengaluru,Whitefield,3,3,1480,19,2,22,28,Semi-Furnished,7,3.6,4.9,5.9,150.9
846,Hyderabad,Kondapur,3,3,2059,14,1,15,19,Unfurnished,10.5,4.2,2.3,1.3,172.7
847,Hyderabad,Kukatpally,5,5,2590,6,2,4,14,Semi-Furnished,6.9,3.7,1.5,6.3,218.7
848,Pune,Kharadi,1,1,734,23,3,6,12,Furnished,2.1,4,6.8,1.9,58.8
849,Hyderabad,Miyapur,3,3,1675,24,3,13,22,Semi-Furnished,3.4,4.8,2.4,7.9,126.7
850,Chennai,Porur,5,6,3172,12,3,14,29,Unfurnished,13.9,2.9,7,4.6,183.8
851,Chennai,Tambaram,2,1,1292,18,3,13,18,Unfurnished,0.6,3.1,5,5.5,63.5
852,Pune,Hinjewadi,3,3,1690,18,3,2,26,Furnished,0.5,4,6.4,4.5,155.9
853,Bengaluru,HSR Layout,4,4,3280,7,1,6,20,Semi-Furnished,4.5,4.7,1.9,5.2,355.9
854,Pune,Wakad,2,3,1412,20,0,19,30,Furnished,13.1,4.8,2.2,7.5,88.3
855,Hyderabad,Kukatpally,5,6,3828,2,3,11,13,Semi-Furnished,10.8,4,7.9,7.4,288.1
856,Hyderabad,Kondapur,4,3,2544,12,3,3,18,Unfurnished,12.7,4.4,4.8,8.1,202.9
857,Chennai,Tambaram,3,3,1847,25,3,4,11,Unfurnished,9.7,2.7,7.2,5.4,84
858,Chennai,Anna Nagar,3,4,2027,25,3,8,27,Semi-Furnished,9,4.4,1.4,3.6,176.1
859,Chennai,Porur,3,3,1978,22,1,20,23,Semi-Furnished,10.8,4.2,1.5,8.2,112
860,Chennai,Tambaram,3,3,1407,6,2,9,9,Unfurnished,5.6,3.8,7,5.7,92.9
861,Bengaluru,Electronic City,2,2,1435,11,3,20,20,Unfurnished,8,2.9,7.2,1.1,116.6
862,Chennai,Velachery,3,3,1809,4,2,24,24,Semi-Furnished,2,3,4.1,6.1,155.5
863,Hyderabad,Miyapur,2,2,1272,21,0,3,17,Furnished,7.7,3.2,7.7,8.6,74.1
864,Hyderabad,Gachibowli,4,4,2301,8,1,20,27,Furnished,3.6,4.3,1.7,9.8,249
865,Chennai,OMR,2,1,1035,16,2,1,6,Unfurnished,8.9,4,3.9,5.8,71.5
866,Chennai,OMR,2,3,1019,14,0,6,20,Unfurnished,8.9,4,2.6,1.1,75.7
867,Hyderabad,Kukatpally,2,3,900,8,3,8,24,Semi-Furnished,2.8,3.8,4.3,9.6,78.8
868,Bengaluru,Electronic City,3,3,2631,14,0,5,29,Semi-Furnished,4.9,4.9,3.9,2.5,210.9
869,Pune,Baner,1,2,625,20,1,1,11,Semi-Furnished,3.4,3.8,2.8,5.8,44.1
870,Chennai,Porur,2,2,1231,5,1,12,29,Semi-Furnished,12.8,4,1.5,9.6,84.4
871,Pune,Baner,2,2,1383,9,2,4,9,Semi-Furnished,5.4,4.4,3.8,4.8,120.5
872,Pune,Hinjewadi,4,3,2637,11,1,8,19,Unfurnished,10.6,3,5.8,3.7,177.4
873,Chennai,Tambaram,4,4,2942,17,1,6,30,Semi-Furnished,6.7,3.2,0.9,2.4,182.1
874,Pune,Hinjewadi,4,5,2311,8,3,0,6,Unfurnished,5.3,3.8,3.7,3.6,188.4
875,Hyderabad,Kondapur,4,4,3589,4,2,6,23,Semi-Furnished,6.7,3.3,4.5,6.9,306.1
876,Chennai,OMR,2,1,1791,25,2,14,16,Semi-Furnished,3.4,3.3,2.1,4.3,113.1
877,Chennai,Anna Nagar,5,4,2824,3,3,12,18,Furnished,12,4.6,0.8,9.9,278.9
878,Pune,Hinjewadi,5,5,4456,15,2,10,23,Semi-Furnished,11.1,3.9,7.8,8,324.2
879,Hyderabad,Miyapur,4,4,3339,2,3,7,13,Semi-Furnished,13.2,4.3,5.3,1.7,233.2
880,Chennai,Tambaram,5,6,2337,12,2,4,5,Furnished,0.5,3.1,3.6,3.3,181.3
881,Chennai,Porur,4,4,3376,18,2,27,27,Semi-Furnished,3,2.9,2.7,1.9,221.6
882,Hyderabad,Madhapur,5,5,2533,10,2,10,12,Unfurnished,4.7,3.6,2.4,9.4,229.8
883,Chennai,OMR,2,3,1026,12,0,6,19,Semi-Furnished,6.8,3.5,1.9,4.4,88.3
884,Hyderabad,Madhapur,5,4,2917,24,1,7,8,Semi-Furnished,5.5,5,3.5,2.9,273.4
885,Chennai,Tambaram,3,2,2285,0,0,13,17,Semi-Furnished,12.9,3.4,7.6,8.5,118.6
886,Chennai,Velachery,1,2,898,15,0,11,13,Semi-Furnished,5,2.9,2.2,6.1,52.6
887,Bengaluru,HSR Layout,4,3,1925,19,1,21,28,Unfurnished,9.3,4.6,3.5,2.6,199.1
888,Bengaluru,HSR Layout,3,2,1682,0,3,4,11,Semi-Furnished,5.7,4.6,5.1,1.3,194.7
889,Hyderabad,Kukatpally,1,1,658,1,3,19,29,Semi-Furnished,2.7,2.8,3,3,59.5
890,Hyderabad,Gachibowli,4,5,2650,17,3,9,9,Furnished,0.2,3.7,7.2,3.3,288.6
891,Chennai,Porur,1,2,702,23,1,3,9,Semi-Furnished,12.1,2.9,5.4,7.7,25.6
892,Chennai,Porur,1,1,565,8,1,21,28,Semi-Furnished,10.7,3.7,4.8,5.7,39.4
893,Chennai,Velachery,3,4,2117,21,1,23,23,Furnished,0.7,4.8,3.3,1.4,186.2
894,Bengaluru,Whitefield,2,1,1755,25,1,6,10,Semi-Furnished,8.7,3.7,2.9,6.7,158
895,Pune,Kharadi,2,3,1536,8,3,4,8,Semi-Furnished,7.8,3.3,8,2.7,122.4
896,Pune,Hadapsar,4,3,3168,10,2,5,7,Semi-Furnished,0.6,3.9,1,9.8,227.4
897,Hyderabad,Miyapur,3,3,2061,9,3,17,18,Furnished,1.4,4.7,4.2,4.6,180.2
898,Bengaluru,HSR Layout,2,1,1103,23,2,19,21,Semi-Furnished,8.5,3.8,0.7,5.8,110.6
899,Bengaluru,Electronic City,2,1,1596,5,1,22,29,Unfurnished,14.1,4,6.9,3.5,116.9
900,Pune,Baner,4,5,2775,14,2,4,9,Unfurnished,3.9,3.9,2.7,9.3,222.8
901,Hyderabad,Gachibowli,4,4,2094,15,1,25,29,Furnished,14.7,3.5,1.5,4.8,217.6
902,Bengaluru,Electronic City,1,1,591,4,3,2,8,Unfurnished,2.3,3.2,2.8,6.7,54.9
903,Hyderabad,Miyapur,4,4,3152,14,2,8,8,Semi-Furnished,6.9,2.7,7.8,9.2,196.9
904,Chennai,OMR,4,4,2031,20,3,18,18,Unfurnished,10.7,4.7,4.1,3.6,151.2
905,Hyderabad,Miyapur,5,5,3238,21,3,13,27,Semi-Furnished,9.6,4.7,2.5,7.5,221.6
906,Chennai,Porur,3,4,1864,11,0,0,5,Semi-Furnished,7.4,4,2,4.9,126.2
907,Pune,Hadapsar,5,6,4375,21,3,4,6,Unfurnished,12.6,4.1,1.1,1.9,280.2
908,Bengaluru,Electronic City,5,6,3862,22,0,14,16,Furnished,8.7,3.8,7.5,8.3,334.3
909,Pune,Hinjewadi,2,2,924,20,2,4,8,Furnished,12.1,4.3,6.8,3.3,78.6
910,Chennai,Anna Nagar,2,2,1356,25,0,14,15,Semi-Furnished,9.6,4.4,1.5,6,113.4
911,Chennai,Tambaram,3,3,2373,2,2,7,16,Semi-Furnished,4.7,4.8,1,4.7,162.2
912,Bengaluru,Indiranagar,2,2,1776,22,3,10,16,Furnished,13.5,4.4,7.7,3.9,193.2
913,Chennai,Porur,5,5,4454,5,3,22,24,Unfurnished,1.6,4.3,7.3,7,284.4
914,Bengaluru,Electronic City,5,5,3875,4,3,4,8,Semi-Furnished,14.6,3.3,2,8.4,309.6
915,Bengaluru,Electronic City,1,2,564,22,1,3,12,Semi-Furnished,12.2,2.9,2.6,9.7,31.3
916,Pune,Kharadi,4,4,2644,5,3,18,25,Furnished,14.7,4.4,5.7,9.8,232.5
917,Chennai,Tambaram,3,3,1830,10,2,2,7,Semi-Furnished,12.4,4.3,6.4,6.2,100.6
918,Pune,Hadapsar,3,2,2587,7,2,22,27,Semi-Furnished,8.4,5,3.9,6.2,165.9
919,Pune,Kharadi,5,6,2514,5,0,14,22,Semi-Furnished,1.1,3.4,7,2.3,238.1
920,Hyderabad,Kondapur,5,5,2362,22,3,4,18,Furnished,3.4,3.6,4.4,7.1,236.3
921,Pune,Wakad,5,5,2277,19,0,24,27,Semi-Furnished,2,4.9,5,5.8,193.3
922,Bengaluru,HSR Layout,5,5,2992,0,3,3,28,Semi-Furnished,1.6,3.5,5.7,7.2,353.9
923,Pune,Kharadi,2,2,1087,3,2,5,16,Semi-Furnished,13.2,3.7,1.7,4.6,84.4
924,Hyderabad,Kondapur,4,3,2872,8,0,1,24,Furnished,1.1,3.4,1.6,9.7,270.3
925,Hyderabad,Kondapur,4,4,1856,25,2,2,7,Unfurnished,9.4,3,2,4.1,158.5
926,Bengaluru,Marathahalli,3,3,2252,22,1,4,21,Furnished,6.8,4.1,7.5,9,210
927,Hyderabad,Kondapur,3,2,2064,21,1,16,23,Unfurnished,1.7,3,1.5,6.5,155.4
928,Pune,Hadapsar,4,5,2038,21,0,7,15,Semi-Furnished,3.7,4.5,1.8,4.6,156.3
929,Pune,Hadapsar,1,1,789,20,2,18,21,Semi-Furnished,8.1,3.5,4.5,2.8,40.1
930,Pune,Wakad,3,4,2177,13,3,7,7,Unfurnished,1.7,3.9,5,3.8,168.9
931,Chennai,OMR,5,4,3020,2,2,23,23,Furnished,8.2,4.1,6,5.8,245.6
932,Chennai,Tambaram,2,2,1450,1,3,16,28,Semi-Furnished,2.8,3.4,5.7,9.2,86.1
933,Bengaluru,HSR Layout,3,2,1766,15,1,20,23,Semi-Furnished,0.9,3.5,7.2,2,192.5
934,Bengaluru,Electronic City,2,3,1746,7,2,1,17,Unfurnished,9.1,4.1,2.3,9.3,134
935,Chennai,Velachery,3,4,1370,13,3,8,17,Furnished,3,4.4,2.3,1.1,149.8
936,Hyderabad,Kukatpally,2,2,972,20,0,2,8,Furnished,7.4,3,2.8,9.5,59.9
937,Pune,Baner,5,5,3416,18,2,1,8,Semi-Furnished,13.3,3,1,8.6,266.1
938,Hyderabad,Kukatpally,4,3,2028,7,0,5,17,Unfurnished,10.5,2.7,3.7,4.3,144.8
939,Pune,Hadapsar,1,1,843,6,2,4,6,Unfurnished,2.5,4.6,2.2,2.6,67.3
940,Hyderabad,Kukatpally,4,4,2397,16,0,2,12,Semi-Furnished,5.2,4.3,0.5,5,196.3
941,Chennai,Porur,2,2,1460,10,0,1,8,Semi-Furnished,8.1,4,1.6,9.4,85.8
942,Bengaluru,Whitefield,2,1,1290,0,0,3,17,Furnished,11.5,2.6,4.5,1.2,139.6
943,Pune,Hadapsar,4,4,3204,19,3,7,19,Semi-Furnished,9.3,3.4,7.9,5.1,215.5
944,Bengaluru,Indiranagar,5,5,3166,4,2,23,25,Unfurnished,14.5,5,7.1,4.3,331.9
945,Chennai,Velachery,1,2,660,22,1,4,17,Furnished,5.4,4.9,3.5,4.8,60.7
946,Pune,Kharadi,4,4,2491,10,3,8,9,Unfurnished,3.4,3,1.8,8.9,197.6
947,Chennai,Tambaram,5,6,3785,20,2,6,11,Unfurnished,1.8,4.1,2.6,8.5,224.7
948,Pune,Hinjewadi,2,2,1245,17,1,12,26,Furnished,6.6,4.9,0.5,2.9,112.8
949,Bengaluru,Electronic City,5,5,3896,18,1,6,9,Semi-Furnished,3.8,4.3,6.2,5.4,326
950,Hyderabad,Gachibowli,1,1,460,0,0,2,15,Semi-Furnished,13.5,3,1.5,2.9,46.5
951,Chennai,Porur,3,4,2322,10,1,4,14,Unfurnished,8.5,4.8,1.5,4.7,149.6
952,Pune,Wakad,5,6,3401,22,1,2,8,Furnished,1.6,2.6,7.1,5.3,263.8
953,Hyderabad,Miyapur,3,4,2547,18,1,0,19,Furnished,14.2,3.9,7.1,9.9,170
954,Hyderabad,Madhapur,2,2,1593,12,1,3,8,Furnished,4.9,4.3,7.6,1.7,163.2
955,Pune,Hinjewadi,5,6,2942,11,2,8,11,Unfurnished,7.9,4.8,4.1,9.2,218.3
956,Bengaluru,Electronic City,3,4,2236,10,0,11,13,Furnished,9.9,4.1,2.9,1.3,211.9
957,Hyderabad,Miyapur,1,1,644,6,3,12,17,Unfurnished,10.1,4.2,2.9,8.2,46.4
958,Pune,Kharadi,3,3,2059,23,2,6,22,Semi-Furnished,4.1,4.8,7.4,1.8,173.7
959,Chennai,Porur,1,1,865,4,0,1,12,Unfurnished,1.2,3.9,2.1,1.8,55.4
960,Hyderabad,Kondapur,5,4,2889,18,3,10,25,Semi-Furnished,1.8,2.8,5.7,2.8,267.9
961,Hyderabad,Madhapur,1,1,451,13,1,0,11,Semi-Furnished,5.9,4.1,1.8,8.4,44.7
962,Pune,Hadapsar,2,3,1194,23,0,5,19,Semi-Furnished,1.4,4.9,2.3,8.9,88.8
963,Bengaluru,Whitefield,1,1,545,10,1,6,10,Semi-Furnished,9,4,4.2,3.6,51.6
964,Chennai,Velachery,5,4,3280,9,1,0,7,Unfurnished,5.3,4.3,5.1,8.4,229.9
965,Pune,Hinjewadi,1,1,751,24,2,21,27,Semi-Furnished,14.4,3.9,5.9,3.9,32.6
966,Pune,Baner,4,4,3363,15,2,6,22,Unfurnished,2.7,4.2,3.5,8.9,252.3
967,Pune,Kharadi,4,5,2112,4,3,0,18,Furnished,11.9,3.5,7,2.3,197.4
968,Pune,Wakad,2,2,1122,3,0,15,17,Unfurnished,5.2,2.6,3.3,3.7,87.7
969,Chennai,Velachery,2,3,1521,23,3,13,18,Furnished,2.6,4.9,0.8,9.7,122.7
970,Chennai,Tambaram,5,5,2829,7,3,6,30,Semi-Furnished,0.4,3.3,1.5,6.7,203.4
971,Pune,Hadapsar,1,1,721,9,2,11,28,Furnished,13,3.4,7.8,1.6,41.3
972,Pune,Wakad,2,2,1604,7,2,15,25,Semi-Furnished,8.4,3.9,2.8,2.7,109.7
973,Chennai,Porur,2,2,1732,7,3,15,23,Furnished,4.8,4.7,3.3,2.3,131.3
974,Pune,Kharadi,5,5,2524,14,3,6,29,Semi-Furnished,4.3,2.9,6.8,1.5,219.6
975,Hyderabad,Kondapur,3,4,2500,4,2,15,15,Furnished,9.2,3.8,6.6,6.8,241.4
976,Hyderabad,Kondapur,1,1,718,25,2,12,12,Semi-Furnished,10.6,4.6,2.6,2.8,48.3
977,Hyderabad,Kukatpally,1,1,688,24,1,12,19,Semi-Furnished,9,4.4,1.1,3.5,37.9
978,Pune,Baner,2,2,1230,0,0,6,6,Semi-Furnished,7.3,2.9,6.7,4.4,92.7
979,Pune,Baner,4,4,2468,19,0,9,25,Semi-Furnished,11.4,2.6,4.2,7.5,193.5
980,Pune,Hinjewadi,1,1,527,3,1,7,27,Unfurnished,5.5,3.4,0.9,4.1,36.7
981,Pune,Hadapsar,1,2,778,25,3,4,27,Semi-Furnished,1.5,3,1.5,7.9,56.6
982,Bengaluru,HSR Layout,1,1,476,20,1,1,20,Unfurnished,11.4,4.9,7.6,2.2,35.4
983,Pune,Kharadi,1,1,702,0,3,2,22,Unfurnished,8.9,3,4.8,1.1,60.7
984,Chennai,Porur,2,3,1117,4,0,23,25,Semi-Furnished,4.1,3.4,3.3,8.5,86.5
985,Chennai,Anna Nagar,2,2,1166,12,0,9,25,Semi-Furnished,6.8,4.9,5.5,7.9,96.5
986,Hyderabad,Gachibowli,4,3,3321,6,1,18,29,Semi-Furnished,4.6,4.2,2,6.3,314.7
987,Pune,Hinjewadi,2,2,1122,16,0,0,14,Unfurnished,2.9,3.3,4.1,7.5,81.6
988,Pune,Kharadi,5,5,4263,15,2,21,30,Furnished,3.9,4,7.1,8.7,364
989,Hyderabad,Kondapur,1,1,677,12,1,0,8,Semi-Furnished,9.8,4.9,6,4.4,50.2
990,Hyderabad,Kondapur,1,1,604,4,2,6,19,Unfurnished,9.6,4.9,6.4,8.9,55.9
991,Bengaluru,Whitefield,1,1,821,7,3,22,23,Semi-Furnished,4.2,4.3,4,7.6,80.2
992,Hyderabad,Kukatpally,4,3,1876,15,3,13,19,Unfurnished,0.4,4.7,5.4,9.6,157
993,Chennai,Tambaram,2,2,924,21,2,3,11,Semi-Furnished,12.2,5,0.6,6.1,62.4
994,Pune,Wakad,1,1,636,2,2,15,19,Semi-Furnished,5.7,4.8,5.9,5.9,51.4
995,Chennai,Tambaram,2,3,1281,14,2,9,29,Unfurnished,10.2,4.7,5.5,4.7,83.6
996,Hyderabad,Miyapur,3,3,2031,11,3,17,19,Furnished,2.6,2.6,4.2,8.7,153.5
997,Chennai,Porur,2,2,1735,25,1,12,27,Unfurnished,6.4,2.8,4.2,1.4,81.8
998,Hyderabad,Kondapur,5,5,3178,21,2,3,20,Semi-Furnished,12.6,3.4,7.5,5.7,272.2
999,Bengaluru,Marathahalli,3,4,1567,7,3,3,9,Semi-Furnished,13.4,4.9,6.5,5.5,161.5
1000,Chennai,Velachery,4,4,3490,6,0,0,11,Unfurnished,4.6,3,6.7,7.1,228.6
1001,Pune,Hinjewadi,4,4,3154,12,0,19,27,Semi-Furnished,5.9,3,3.6,6.3,235.2
1002,Hyderabad,Kukatpally,1,2,613,11,0,11,13,Semi-Furnished,12,4.4,6.2,4.8,40.5
1003,Chennai,Tambaram,1,2,469,15,0,8,20,Semi-Furnished,1.4,4.3,5.8,9.3,30.1
1004,Chennai,Velachery,5,6,2390,10,2,22,22,Furnished,3.4,3.5,0.4,2.2,242.8
1005,Hyderabad,Miyapur,4,3,2828,5,3,11,13,Semi-Furnished,12.1,3.8,5.9,3.3,185.4
1006,Pune,Wakad,4,4,3548,5,0,9,14,Semi-Furnished,1.8,2.9,6.7,2.8,252.2
1007,Hyderabad,Kukatpally,2,3,944,9,1,5,12,Furnished,8.8,3.7,5.8,8.3,86.1
1008,Hyderabad,Gachibowli,2,2,1035,23,0,15,19,Semi-Furnished,10.5,2.6,4.3,7.2,80.5
1009,Hyderabad,Kukatpally,4,3,2371,13,3,1,7,Unfurnished,13.2,4.2,4,5.6,157.1
1010,Bengaluru,Whitefield,1,1,494,18,1,6,26,Semi-Furnished,14.9,3.4,2.3,1.6,40.9
1011,Bengaluru,Marathahalli,4,3,2946,1,1,2,11,Semi-Furnished,11.3,3.5,3.2,5.6,251.4
1012,Chennai,Porur,5,4,3492,25,1,7,15,Furnished,12.1,3,4,5.3,219.1
1013,Pune,Hadapsar,5,4,2848,21,1,4,21,Furnished,1.2,3.8,7.9,6.1,212.9
1014,Pune,Baner,2,2,1316,1,3,6,6,Semi-Furnished,6,3,5.9,4.4,115.5
1015,Bengaluru,HSR Layout,4,5,3123,24,1,9,12,Semi-Furnished,7.6,2.7,4.9,4.8,323
1016,Bengaluru,Whitefield,3,3,2155,8,3,25,25,Furnished,5.3,4.6,5,9.3,247.9
1017,Pune,Hadapsar,4,5,3351,22,1,10,20,Unfurnished,7.4,3.4,4.3,6.7,194.4
1018,Chennai,Anna Nagar,3,3,1991,10,1,6,23,Semi-Furnished,4.7,4.6,4.3,4.7,180.6
1019,Pune,Wakad,5,5,3458,6,2,17,27,Semi-Furnished,3.2,3.7,4.3,2.1,271.7
1020,Chennai,Velachery,2,2,1087,20,3,7,16,Semi-Furnished,10.8,4.8,3.8,4.1,79.5
1021,Hyderabad,Kondapur,1,2,866,17,3,0,5,Unfurnished,14,4.8,3.8,9.9,56.9
1022,Chennai,Porur,5,6,3065,8,0,15,18,Semi-Furnished,7.3,3.5,1.2,2.6,217.8
1023,Hyderabad,Gachibowli,1,1,505,17,2,1,9,Furnished,10.4,3,7.2,6.1,25.9
1024,Chennai,Porur,3,3,2230,7,1,9,12,Semi-Furnished,11.3,4.8,3,3.1,140.7
1025,Chennai,Velachery,2,3,1108,17,0,1,10,Semi-Furnished,9.3,4.9,6.5,2.1,83.8
1026,Pune,Wakad,2,3,1524,5,1,4,12,Unfurnished,3.7,3.3,4.8,6.4,103.3
1027,Bengaluru,HSR Layout,1,1,659,22,3,4,19,Semi-Furnished,5.9,4,3.2,5.9,61.2
1028,Pune,Kharadi,5,5,3569,0,3,19,21,Semi-Furnished,6.7,3,1.4,1.7,311.6
1029,Pune,Wakad,4,4,2246,10,2,8,17,Unfurnished,4.5,3.1,4.9,5.2,151.4
1030,Bengaluru,Whitefield,4,3,2596,18,2,12,16,Unfurnished,6.7,3.6,3.6,4.9,235
1031,Chennai,Anna Nagar,3,4,1673,5,1,20,23,Semi-Furnished,8.1,3,0.6,4.4,150.5
1032,Bengaluru,Whitefield,2,1,1530,22,0,1,13,Semi-Furnished,4,2.9,1.4,4.9,146.1
1033,Bengaluru,HSR Layout,4,4,2141,16,0,1,12,Semi-Furnished,8.7,4.5,7,8.8,235.2
1034,Chennai,Porur,4,5,2143,7,0,30,30,Unfurnished,10.7,2.7,1.1,8.4,128.2
1035,Hyderabad,Kukatpally,5,5,2982,4,1,12,12,Unfurnished,12.9,4.4,4.3,1.2,220.7
1036,Hyderabad,Kukatpally,2,2,949,15,1,3,9,Furnished,12.5,3.9,2.5,3.2,66.9
1037,Hyderabad,Madhapur,2,1,968,12,1,2,5,Semi-Furnished,12,4.2,3.3,5.9,81.3
1038,Pune,Hadapsar,3,4,1864,16,3,8,10,Furnished,2.1,2.6,0.9,10,150.8
1039,Hyderabad,Miyapur,4,5,2569,9,2,2,5,Semi-Furnished,11.3,3,6.3,7.8,172.5
1040,Bengaluru,Electronic City,4,4,2091,0,1,8,19,Semi-Furnished,7.1,3.7,7.1,5.2,189.2
1041,Hyderabad,Madhapur,2,1,1202,11,0,14,16,Furnished,13.3,4.7,0.9,3.6,121
1042,Pune,Hinjewadi,4,3,2521,10,1,14,14,Semi-Furnished,0.4,2.8,6,6.1,191.6
1043,Bengaluru,Marathahalli,3,2,2268,12,2,19,30,Semi-Furnished,9.4,3.2,0.7,5.7,187.5
1044,Pune,Kharadi,4,3,3164,24,0,6,9,Semi-Furnished,10.8,4.3,5.2,2.3,241
1045,Bengaluru,Whitefield,5,6,3379,12,1,0,6,Semi-Furnished,14.3,3,4.7,4.8,340.9
1046,Bengaluru,Indiranagar,5,5,3112,0,0,0,10,Unfurnished,7.3,2.7,3.9,9.8,339.1
1047,Pune,Hinjewadi,1,2,865,10,2,8,20,Semi-Furnished,8.3,4.8,6,6.7,63.2
1048,Bengaluru,Marathahalli,5,5,3254,7,0,15,18,Unfurnished,14.1,3.3,7.8,9.9,247.8
1049,Chennai,Anna Nagar,1,1,734,7,1,7,12,Furnished,13.9,4.2,4.2,4.7,57.8
1050,Chennai,Anna Nagar,1,1,533,19,3,2,26,Semi-Furnished,13.9,2.6,3.4,4.9,26
1051,Hyderabad,Kondapur,3,2,1980,7,3,12,20,Semi-Furnished,6.2,4.6,2.5,6.5,174.4
1052,Bengaluru,Marathahalli,3,4,1519,3,0,0,7,Unfurnished,6.5,4.7,7.5,8.1,144.6
1053,Bengaluru,Whitefield,1,2,540,1,1,13,14,Semi-Furnished,10.3,4.6,3.1,6.1,52.6
1054,Chennai,Anna Nagar,1,1,748,2,0,0,24,Furnished,3,2.9,3.3,9.9,58.9
1055,Chennai,Porur,5,4,3415,4,0,19,19,Furnished,2.5,4.4,4.3,5.5,250.8
1056,Chennai,OMR,4,4,3161,5,3,14,30,Semi-Furnished,7.7,3.2,5.7,4.6,241.8
1057,Bengaluru,Electronic City,3,3,1842,14,1,4,27,Unfurnished,1.1,4.7,1.4,10,144.9
1058,Hyderabad,Kondapur,3,3,2536,7,3,13,18,Unfurnished,9.7,4.9,4.6,6.3,211.5
1059,Bengaluru,Indiranagar,1,1,530,12,1,2,16,Unfurnished,12.6,4.5,3.3,8.3,44.1
1060,Pune,Baner,4,4,3470,10,3,10,26,Furnished,11.3,4.7,1.7,8.8,298.3
1061,Chennai,Tambaram,1,2,898,10,1,1,6,Unfurnished,9.1,4.9,7.3,7.5,43.3
1062,Hyderabad,Kondapur,3,3,2040,0,0,16,20,Unfurnished,2.4,4.2,6.9,7.7,168.4
1063,Pune,Hadapsar,5,5,4031,24,0,18,19,Semi-Furnished,8.2,4.4,0.6,4,266.9
1064,Hyderabad,Kukatpally,4,5,3046,18,1,7,15,Semi-Furnished,4.6,4.1,0.6,3.1,243.6
1065,Chennai,Tambaram,3,2,2436,7,0,7,12,Unfurnished,0.2,2.6,0.9,8.2,132.7
1066,Pune,Hinjewadi,5,5,2459,15,1,21,22,Semi-Furnished,11.7,4.6,7.4,4.5,206.4
1067,Bengaluru,Marathahalli,2,1,1601,13,0,7,15,Furnished,0.5,2.8,6.1,3.3,152.1
1068,Chennai,Tambaram,2,3,1108,23,1,3,16,Semi-Furnished,4.5,5,5.6,6.8,62.7
1069,Bengaluru,Whitefield,1,1,483,24,2,1,10,Semi-Furnished,5.2,3.8,6.7,5.8,40.1
1070,Pune,Hadapsar,3,2,2079,25,0,5,16,Semi-Furnished,3,4.9,5.9,9.2,135.2
1071,Hyderabad,Gachibowli,2,2,1250,5,1,20,20,Semi-Furnished,5.2,3.5,6.1,1.9,127.6
1072,Pune,Wakad,2,2,1535,20,3,18,29,Semi-Furnished,1.2,5,2,6.9,126.2
1073,Pune,Hadapsar,4,5,2459,20,2,0,11,Unfurnished,3,3.9,0.4,7,167.8
1074,Chennai,Tambaram,1,1,891,14,0,1,9,Semi-Furnished,8.5,2.8,1.3,5.4,47.4
1075,Chennai,OMR,5,4,3548,7,2,13,22,Unfurnished,12.9,2.6,2.6,9.7,221.5
1076,Chennai,Tambaram,2,2,1248,13,0,11,21,Unfurnished,4.8,3.2,0.5,9.8,60.8
1077,Hyderabad,Madhapur,5,4,3734,3,0,12,13,Semi-Furnished,13.3,3,1.9,8.2,326.6
1078,Chennai,Anna Nagar,5,4,4498,18,2,21,22,Unfurnished,13.5,4.4,0.6,9.3,337.3
1079,Chennai,Anna Nagar,1,1,485,3,0,7,8,Unfurnished,12.2,3.5,1.1,2.4,46.6
1080,Bengaluru,Whitefield,3,3,1729,20,0,25,25,Unfurnished,3.4,4.3,1.6,9.6,168.4
1081,Bengaluru,Indiranagar,1,1,745,25,1,17,20,Unfurnished,6.6,4,3.3,8.4,57.5
1082,Bengaluru,Indiranagar,5,6,3428,8,1,3,24,Semi-Furnished,4,4,0.3,2,418
1083,Chennai,Velachery,5,5,2741,21,1,0,9,Unfurnished,3.9,2.6,0.9,4.6,214
1084,Chennai,OMR,5,4,3110,22,0,0,27,Semi-Furnished,5.3,3.6,1.4,6.8,221.5
1085,Chennai,Anna Nagar,4,5,3150,16,2,6,19,Furnished,2.4,3.5,1.7,7,313.4
1086,Bengaluru,Indiranagar,4,4,2695,1,2,3,5,Semi-Furnished,1.1,4.7,0.8,5.1,333
1087,Pune,Hinjewadi,3,3,1930,8,1,0,18,Semi-Furnished,11.5,2.7,3.8,3.7,138.3
1088,Bengaluru,Electronic City,4,5,2352,5,3,7,12,Furnished,0.5,3.1,4,3,249.9
1089,Bengaluru,Whitefield,3,3,2419,8,0,13,13,Semi-Furnished,12,4.4,0.5,6.1,243.9
1090,Bengaluru,Electronic City,3,3,2488,19,1,15,25,Furnished,0.2,4.9,2.8,7.2,227.9
1091,Chennai,OMR,4,4,2183,3,2,24,28,Semi-Furnished,10.5,3.2,1.8,4.6,181.8
1092,Chennai,OMR,4,5,3079,6,1,1,15,Furnished,5.5,4.4,4.4,5.4,255.7
1093,Hyderabad,Gachibowli,1,1,568,13,0,7,11,Semi-Furnished,14.9,2.7,5.5,9.8,23.2
1094,Bengaluru,HSR Layout,2,2,1279,3,0,0,13,Furnished,6.3,5,5.3,9,161.3
1095,Hyderabad,Kondapur,2,1,995,25,2,19,30,Semi-Furnished,9.5,4.4,0.6,7.2,78.4
1096,Hyderabad,Kukatpally,2,3,1238,3,0,18,21,Unfurnished,8.7,2.5,5.7,9.4,82.5
1097,Bengaluru,Whitefield,1,1,791,8,1,2,10,Unfurnished,0.9,2.9,6.7,2.8,70.7
1098,Hyderabad,Kukatpally,2,2,932,3,1,9,16,Furnished,6.6,4.2,6.7,2.4,86.2
1099,Bengaluru,Electronic City,1,1,800,13,0,2,7,Unfurnished,2.5,2.8,2.1,8.3,47
1100,Chennai,Tambaram,2,2,1359,13,1,14,24,Unfurnished,4.1,3,5.9,7.9,59.3
1101,Pune,Baner,4,5,1986,18,0,22,30,Unfurnished,1,4.3,4.4,8.7,171.2
1102,Pune,Hadapsar,2,1,1430,5,1,4,30,Unfurnished,1,4.6,4.5,1.7,106.1
1103,Hyderabad,Kondapur,5,4,3313,8,2,4,22,Furnished,0.9,3.7,6.8,2.3,333.2
1104,Hyderabad,Miyapur,2,3,973,13,0,24,28,Semi-Furnished,2.6,3.2,6.8,1.3,82.4
1105,Hyderabad,Gachibowli,1,1,615,5,0,3,7,Semi-Furnished,12.1,3.6,7.2,6.8,35.9
1106,Hyderabad,Madhapur,3,3,2126,21,0,29,30,Semi-Furnished,4.5,3.2,1.5,5.9,182.8
1107,Pune,Baner,4,3,2108,5,2,19,21,Semi-Furnished,4.8,3.7,4.2,5.2,183.2
1108,Hyderabad,Gachibowli,3,3,2123,11,2,5,7,Semi-Furnished,4.3,2.9,3.2,2.1,207.3
1109,Chennai,Porur,2,2,1278,21,0,9,16,Furnished,11.8,3.4,0.6,7.4,74.7
1110,Hyderabad,Kukatpally,2,2,1320,19,3,11,24,Semi-Furnished,0.5,4.1,5.2,9.4,109.5
1111,Bengaluru,HSR Layout,1,1,587,25,0,6,8,Unfurnished,8,4.7,7.3,7.6,36
1112,Chennai,Velachery,5,6,4291,7,1,6,17,Semi-Furnished,1.1,3.2,1.5,1.6,347
1113,Chennai,Velachery,5,5,3919,9,1,1,5,Furnished,11.4,2.8,5.9,8.6,307
1114,Hyderabad,Kondapur,3,2,2296,1,3,10,14,Semi-Furnished,5.4,4.4,6.1,8.8,193.7
1115,Pune,Wakad,3,3,2463,21,1,3,14,Furnished,13.7,2.6,1,4.4,163.7
1116,Chennai,Anna Nagar,5,4,3175,23,0,7,16,Semi-Furnished,7.6,2.9,7.9,4,276.5
1117,Pune,Hadapsar,1,1,469,9,0,3,14,Unfurnished,3.4,4.9,6.6,2.7,40.4
1118,Chennai,OMR,4,4,3452,4,0,1,7,Semi-Furnished,6.9,3.7,7.1,2.1,244.4
1119,Bengaluru,HSR Layout,5,4,3060,15,1,6,9,Semi-Furnished,15,2.6,3.4,1.3,311.5
1120,Hyderabad,Miyapur,5,6,3591,12,0,16,19,Furnished,11.7,4.3,4.3,1.1,277.7
1121,Bengaluru,Whitefield,1,1,621,24,3,8,8,Unfurnished,9,4.8,2.2,4.4,52.8
1122,Pune,Baner,3,2,2200,0,1,11,17,Semi-Furnished,5.3,4.7,0.9,6.4,199.8
1123,Chennai,OMR,5,5,3175,7,3,15,21,Semi-Furnished,0.6,2.8,8,2.8,262.3
1124,Bengaluru,HSR Layout,5,5,2551,7,3,5,13,Semi-Furnished,1.3,3.1,0.6,7.7,308.2
1125,Bengaluru,Marathahalli,5,6,2425,11,0,25,29,Semi-Furnished,7.5,3.5,3.7,8.1,225.7
1126,Hyderabad,Gachibowli,2,3,1699,0,0,0,11,Semi-Furnished,3.2,3.5,7.1,1.8,179.4
1127,Hyderabad,Kukatpally,2,3,974,10,1,2,8,Semi-Furnished,4,3.4,0.7,4.9,87.6
1128,Pune,Hadapsar,1,2,770,15,3,17,29,Semi-Furnished,2.3,3,4.3,3.4,62.8
1129,Hyderabad,Gachibowli,2,2,1467,0,3,6,29,Semi-Furnished,3.7,4.7,7.3,7.6,153.7
1130,Pune,Hinjewadi,2,2,1560,11,0,0,6,Semi-Furnished,6.9,4.2,5,1.4,117.7
1131,Hyderabad,Kondapur,3,3,1382,22,3,9,13,Furnished,6.2,4,4.7,9.5,130.7
1132,Pune,Baner,5,6,2617,16,2,8,9,Semi-Furnished,8.8,4.1,4.7,2.3,240.2
1133,Chennai,OMR,5,5,3046,5,1,2,8,Furnished,12.1,3.1,6.3,8,241.1
1134,Hyderabad,Kukatpally,5,4,4187,4,3,3,25,Semi-Furnished,6.4,4.7,5.2,2.6,314
1135,Bengaluru,Marathahalli,5,5,3584,21,2,7,25,Furnished,7.9,4.1,4.6,1.2,358.4
1136,Chennai,OMR,3,4,1591,4,3,0,15,Semi-Furnished,12.8,2.9,4.8,4.2,129.2
1137,Pune,Baner,1,2,743,12,2,2,18,Furnished,3.4,3.9,6.5,1.9,81.5
1138,Bengaluru,HSR Layout,5,5,3629,24,0,13,13,Unfurnished,4.2,3.9,2.2,8.2,348.2
1139,Chennai,OMR,1,1,694,24,1,0,5,Semi-Furnished,7.8,4,7.3,4.5,46.1
1140,Hyderabad,Kukatpally,5,5,2557,2,1,10,24,Furnished,12.4,2.6,7.6,4.4,204.6
1141,Chennai,OMR,3,2,2008,1,3,5,18,Furnished,7.9,4.7,7.6,6.8,170
1142,Hyderabad,Kondapur,2,2,1176,0,3,14,19,Semi-Furnished,6,2.6,7.6,9,107.2
1143,Pune,Wakad,5,5,3661,0,0,27,28,Semi-Furnished,9.5,3.7,3.3,1.4,264.6
1144,Hyderabad,Kondapur,1,2,718,21,2,3,7,Unfurnished,6.9,2.7,1.3,9.4,40.6
1145,Bengaluru,HSR Layout,3,4,1572,14,0,0,19,Unfurnished,14.9,4.8,5.5,1.7,151.7
1146,Pune,Hinjewadi,2,3,1143,16,2,7,9,Semi-Furnished,8.7,3.4,1.2,3,84.3
1147,Chennai,Anna Nagar,3,2,1695,18,2,1,6,Furnished,4.6,2.6,6.6,4.9,151.5
1148,Hyderabad,Madhapur,4,4,3196,8,0,15,17,Semi-Furnished,13.9,4.8,6,5.5,286.4
1149,Bengaluru,Whitefield,1,1,777,2,3,17,23,Furnished,1.7,3,4.3,9.8,81
1150,Chennai,Tambaram,5,6,3207,24,3,8,12,Unfurnished,1.9,3.8,4.5,10,187.2
1151,Chennai,Velachery,5,6,2343,15,3,3,17,Semi-Furnished,10.6,3.5,7.5,3.1,197.3
1152,Bengaluru,Whitefield,3,2,2120,17,1,2,7,Unfurnished,9.5,3.3,1.5,9.9,181
1153,Chennai,OMR,3,4,1564,21,2,4,17,Semi-Furnished,7.9,4.4,1.6,9.8,113.6
1154,Pune,Kharadi,5,4,4438,24,2,6,12,Semi-Furnished,8.2,4.5,7,9.6,323.6
1155,Hyderabad,Kondapur,1,1,789,17,3,19,28,Semi-Furnished,3.9,4.9,5.3,3.7,75.6
1156,Hyderabad,Gachibowli,3,3,2275,20,3,24,30,Furnished,10.5,3.6,3,2.6,236.6
1157,Pune,Kharadi,4,5,2201,17,1,4,5,Semi-Furnished,5.8,2.7,5,7.5,183.3
1158,Pune,Kharadi,5,6,3824,17,1,18,24,Furnished,7.7,4.3,1.5,8.5,327.2
1159,Bengaluru,Indiranagar,1,1,798,16,0,5,17,Semi-Furnished,11.9,3.4,5.7,8.9,68.2
1160,Chennai,Tambaram,4,4,3204,14,0,5,5,Unfurnished,4.3,3.9,6.3,4.1,174
1161,Chennai,Velachery,5,6,4136,18,3,2,11,Semi-Furnished,12.3,3.2,5.2,6.7,296.4
1162,Chennai,Tambaram,2,2,1459,18,0,12,15,Unfurnished,1.4,4.2,2.8,5.8,79.4
1163,Pune,Wakad,3,4,1693,18,1,7,17,Furnished,3.5,3.8,6.3,4.3,134.5
1164,Hyderabad,Miyapur,4,4,2549,0,3,8,21,Furnished,14.3,3.9,0.4,3.9,199.2
1165,Chennai,Anna Nagar,2,1,1098,9,0,16,26,Furnished,1.3,4.6,7.3,6.4,103.6
1166,Bengaluru,Marathahalli,3,3,1901,25,0,5,7,Unfurnished,4.8,3.3,3.8,3.9,147.7
1167,Hyderabad,Madhapur,2,2,1534,6,3,16,20,Unfurnished,12,3.6,2.7,1.1,134.1
1168,Bengaluru,Whitefield,3,2,1422,24,2,7,10,Semi-Furnished,8,5,5.7,5.7,145.2
1169,Bengaluru,Indiranagar,1,1,634,4,1,16,21,Semi-Furnished,11.6,3.5,7.2,9.4,59.1
1170,Pune,Kharadi,1,1,892,24,3,24,30,Semi-Furnished,6.7,3.2,1.6,5.4,55.4
1171,Chennai,Anna Nagar,5,5,3978,11,2,22,30,Furnished,4.5,3.8,2.6,6.5,373.7
1172,Hyderabad,Kukatpally,3,2,1628,0,0,1,6,Furnished,5.7,3.1,5.3,3.1,148.3
1173,Bengaluru,Whitefield,3,3,1491,6,0,10,15,Semi-Furnished,7.9,4.1,3.6,7.6,161.2
1174,Chennai,Anna Nagar,3,4,2140,18,3,7,9,Furnished,10.4,4.8,3.6,9.1,207.4
1175,Chennai,Tambaram,2,1,1032,11,1,9,16,Unfurnished,14.4,3.8,6.5,2.6,47.8
1176,Hyderabad,Madhapur,2,1,1029,6,1,0,25,Semi-Furnished,9.4,2.6,6,9,82.6
1177,Pune,Baner,4,4,2217,22,3,0,16,Semi-Furnished,11.6,3.5,5.7,7,172.9
1178,Bengaluru,Electronic City,4,5,2457,8,2,20,22,Unfurnished,2.2,2.9,4.7,1.3,203.2
1179,Hyderabad,Miyapur,4,5,3146,17,1,3,28,Semi-Furnished,8.3,3,3.7,2.1,210.2
1180,Hyderabad,Kukatpally,2,2,1353,25,1,20,23,Semi-Furnished,3,4.6,0.5,2.6,98.6
1181,Bengaluru,Indiranagar,2,1,1650,13,2,18,26,Unfurnished,4.7,3.9,1.4,9.1,161.8
1182,Chennai,Velachery,5,5,3561,17,2,6,13,Unfurnished,10.9,3.7,6,5.4,239.5
1183,Pune,Baner,2,1,1484,10,2,9,13,Furnished,11.7,4,5.9,2.6,123.2
1184,Pune,Hinjewadi,2,2,1350,2,1,2,6,Unfurnished,13.5,3.7,4.4,5.5,82.6
1185,Pune,Baner,2,2,1033,4,0,21,30,Semi-Furnished,1.7,4.5,3.4,8.1,107.6
1186,Bengaluru,HSR Layout,1,1,585,24,3,21,24,Furnished,7.9,3.8,4.7,4.1,53.8
1187,Chennai,Porur,3,3,1834,20,3,6,6,Furnished,11.3,5,6.2,2.8,128
1188,Chennai,Velachery,4,3,3468,18,2,7,8,Unfurnished,12.6,2.9,1.9,7.6,226.3
1189,Hyderabad,Gachibowli,2,2,1697,23,2,0,26,Unfurnished,3.1,3.2,7,5.6,127.8
1190,Bengaluru,Whitefield,5,6,4175,2,1,18,26,Semi-Furnished,9.2,2.8,3.4,6.7,420.3
1191,Hyderabad,Madhapur,2,1,1787,21,3,14,18,Semi-Furnished,2.3,2.8,6.2,7.1,141.6
1192,Pune,Kharadi,1,1,542,1,0,23,24,Unfurnished,2.2,3.4,6,5.8,44.6
1193,Bengaluru,HSR Layout,5,5,2401,9,1,12,18,Semi-Furnished,8.1,4.2,3.8,8.9,281.7
1194,Hyderabad,Madhapur,3,3,1555,2,2,4,5,Semi-Furnished,9.5,2.9,2.9,1.1,161.1
1195,Bengaluru,HSR Layout,5,5,3788,4,0,6,23,Semi-Furnished,5.6,4.9,5.9,8.6,404
1196,Hyderabad,Madhapur,5,5,2775,24,3,0,5,Unfurnished,6.9,2.9,1.8,9.4,239.5
1197,Chennai,Tambaram,3,3,1784,0,2,2,7,Unfurnished,14.9,4.8,3.6,4.3,102.1
1198,Bengaluru,Marathahalli,4,4,1923,5,0,2,19,Semi-Furnished,13,2.6,2.1,2.1,176
1199,Hyderabad,Kondapur,3,3,1674,21,0,11,12,Semi-Furnished,4.4,3.1,1.3,6.5,151.3
1200,Pune,Kharadi,5,6,3759,13,2,2,24,Semi-Furnished,8.9,4.4,3,3.6,317.3
1201,Bengaluru,Electronic City,4,3,2080,25,2,13,19,Unfurnished,0.9,2.6,1.2,8.1,154.3
1202,Bengaluru,Whitefield,4,4,2005,14,3,12,13,Furnished,7.4,3.6,0.6,1.1,231.5
1203,Chennai,Tambaram,1,1,753,0,0,1,15,Semi-Furnished,3.1,2.6,3.8,3.2,47.8
1204,Bengaluru,Electronic City,1,1,866,9,2,8,21,Semi-Furnished,3.2,3.5,1.2,2.8,68.4
1205,Pune,Wakad,3,3,2265,13,3,8,24,Semi-Furnished,3.2,3.9,2.9,10,170.2
1206,Bengaluru,Marathahalli,4,4,3484,25,3,13,13,Semi-Furnished,6,4.6,0.9,6.3,308.3
1207,Bengaluru,Indiranagar,1,1,479,8,3,13,18,Unfurnished,14.5,4.1,0.5,1.6,44.7
1208,Pune,Hadapsar,4,5,2054,8,0,5,5,Semi-Furnished,8.9,3.9,7.5,1.6,161.6
1209,Chennai,Porur,1,1,577,21,0,5,15,Unfurnished,9.2,3.8,6.5,3.7,26.7
1210,Pune,Kharadi,5,6,3166,20,0,7,11,Semi-Furnished,10.3,4.5,3.2,6,253.4
1211,Pune,Kharadi,1,1,560,15,2,3,6,Semi-Furnished,4.1,3.1,1.6,3.9,39.7
1212,Chennai,Porur,5,4,4077,25,0,4,7,Unfurnished,6.6,5,5.4,1.2,239.4
1213,Pune,Hadapsar,2,1,991,13,0,10,10,Semi-Furnished,0.6,4.5,5.1,1.9,89.1
1214,Hyderabad,Madhapur,3,4,1650,3,0,0,19,Semi-Furnished,8.2,4.1,7.7,9.4,158.9
1215,Hyderabad,Miyapur,4,4,2422,17,1,1,10,Semi-Furnished,13.2,3.4,4.3,9.3,154.3
1216,Pune,Hadapsar,3,4,1373,17,1,6,6,Unfurnished,8.2,3.5,2.8,7,99.4
1217,Bengaluru,HSR Layout,4,3,2413,19,3,1,7,Furnished,7.8,3.7,6.6,3.4,274.7
1218,Pune,Hadapsar,5,5,4147,23,3,21,23,Furnished,7.3,4.1,2.4,6.3,293.7
1219,Hyderabad,Kondapur,1,2,507,11,3,3,6,Furnished,9.7,2.9,2.5,9,45.7
1220,Bengaluru,Electronic City,4,4,2019,24,3,21,23,Semi-Furnished,6.1,3.2,0.6,6.4,174.2
1221,Chennai,Porur,4,5,2919,7,2,13,24,Unfurnished,6.9,3.3,0.8,1.1,194.2
1222,Hyderabad,Kukatpally,2,2,1264,18,1,13,25,Unfurnished,8.3,2.5,7.8,9.6,70.6
1223,Chennai,Porur,4,4,3057,1,3,4,9,Semi-Furnished,2.4,5,4.4,6.4,214.2
1224,Hyderabad,Miyapur,1,1,603,2,1,3,8,Semi-Furnished,11.4,4,6.6,10,38.6
1225,Pune,Hinjewadi,2,2,1386,23,3,2,5,Unfurnished,3.9,4.8,2.8,5.6,100.8
1226,Hyderabad,Madhapur,3,3,1968,15,1,1,13,Semi-Furnished,6.5,4.1,7,7.3,174.5
1227,Pune,Kharadi,1,2,836,23,3,2,28,Semi-Furnished,2.1,3.1,4.4,7.8,63.5
1228,Hyderabad,Kukatpally,4,4,1998,8,0,8,19,Semi-Furnished,12.7,2.8,2,3.9,145.9
1229,Pune,Kharadi,3,4,2612,21,1,18,27,Semi-Furnished,9.4,3.6,7.5,4.4,189.6
1230,Hyderabad,Kondapur,3,3,1992,25,0,1,8,Semi-Furnished,10.9,4.2,0.8,7.2,158.4
1231,Chennai,Velachery,4,3,2519,3,0,2,20,Semi-Furnished,11,3.1,4.9,7.8,187.7
1232,Pune,Wakad,4,4,2309,13,1,8,8,Semi-Furnished,5,4,3.2,1.1,173.4
1233,Chennai,Velachery,3,3,1716,1,2,12,17,Semi-Furnished,4.3,4.8,6.9,6.5,150.4
1234,Pune,Hinjewadi,3,4,1886,5,0,29,30,Semi-Furnished,6.5,3.4,6.1,4.1,161.6
1235,Pune,Baner,3,3,1743,25,0,4,18,Unfurnished,11.8,3.1,3.4,4.4,110.2
1236,Bengaluru,Indiranagar,3,3,1460,3,3,10,25,Semi-Furnished,5.3,4.8,0.4,9.4,189.6
1237,Bengaluru,Whitefield,2,2,1201,5,3,15,18,Semi-Furnished,7.2,3.5,6.2,6.5,122.3
1238,Hyderabad,Gachibowli,2,2,1626,3,0,16,16,Furnished,3.9,4.5,5.2,9.9,158.4
1239,Hyderabad,Gachibowli,4,5,2785,22,3,4,22,Unfurnished,1.4,3.9,7.1,4.2,264.2
1240,Hyderabad,Kondapur,4,4,3271,13,2,10,10,Furnished,1.3,4.3,7.4,1.5,316
1241,Bengaluru,Indiranagar,3,3,2230,11,3,17,29,Unfurnished,8.4,4.9,5.2,4.3,234.9
1242,Bengaluru,Electronic City,2,1,1587,17,1,10,21,Furnished,5.6,4.4,7.6,1.4,139.9
1243,Pune,Baner,3,3,1934,20,3,4,15,Furnished,12.7,2.7,1.4,2.7,173.6
1244,Pune,Baner,5,6,2597,14,3,12,29,Semi-Furnished,3.8,3.2,5.2,7.7,236.9
1245,Hyderabad,Madhapur,5,6,2945,2,3,0,16,Semi-Furnished,1.1,4.6,5,4.5,307.6
1246,Hyderabad,Kondapur,3,3,1417,12,1,4,15,Unfurnished,13.4,3.3,2.1,3.8,103.8
1247,Hyderabad,Miyapur,1,2,675,15,2,2,21,Furnished,5.3,2.9,2.3,9.3,52.5
1248,Chennai,Anna Nagar,4,3,3491,17,1,11,22,Semi-Furnished,7.2,4,3.8,8.1,281.2
1249,Chennai,Velachery,5,4,2852,17,3,16,21,Semi-Furnished,13.1,4.3,6.5,6.1,217.9
1250,Bengaluru,Marathahalli,1,1,611,15,1,3,20,Unfurnished,6.9,2.8,3.2,1.3,37
1251,Pune,Baner,2,2,1035,6,1,14,23,Unfurnished,3.7,3.9,1.1,9.8,97.7
1252,Pune,Hinjewadi,4,4,2960,6,1,16,21,Furnished,10.7,3.9,1.9,2.3,241.8
1253,Hyderabad,Gachibowli,2,2,1079,0,0,6,7,Semi-Furnished,5.8,2.6,0.5,8.6,107.8
1254,Pune,Kharadi,1,1,730,2,2,5,11,Semi-Furnished,1.6,2.7,5.9,9.1,54.3
1255,Chennai,Velachery,1,1,852,15,2,17,18,Semi-Furnished,3.1,3.3,7,6.3,64.6
1256,Hyderabad,Gachibowli,1,1,825,24,0,12,19,Furnished,0.3,4.5,2.4,4,89.3
1257,Pune,Kharadi,1,1,460,22,0,13,18,Furnished,10.1,3.6,1,1.1,33.7
1258,Chennai,Anna Nagar,1,1,810,7,2,3,5,Semi-Furnished,1.7,4,7.4,6.3,80.5
1259,Pune,Hinjewadi,5,4,3754,24,1,13,18,Semi-Furnished,4.6,2.9,4.4,6.1,278.9
1260,Bengaluru,Indiranagar,5,6,2313,16,1,13,22,Semi-Furnished,7.9,4.1,1.2,5.8,291.6
1261,Pune,Hadapsar,1,1,465,11,3,5,10,Semi-Furnished,1.3,3.6,3.2,7.2,35.4
1262,Hyderabad,Gachibowli,2,3,1618,24,2,16,19,Semi-Furnished,12.5,3,0.4,9.8,132.9
1263,Hyderabad,Miyapur,3,3,1499,25,3,10,16,Semi-Furnished,14.6,2.8,4,3.6,82.7
1264,Bengaluru,Indiranagar,3,4,2583,5,0,8,8,Semi-Furnished,12.6,3.9,2.5,6.5,288.7
1265,Bengaluru,Indiranagar,3,3,1683,4,3,2,15,Semi-Furnished,12.2,4.7,7.3,3.4,208.2
1266,Chennai,Velachery,1,1,798,9,2,1,20,Semi-Furnished,11.7,2.8,6.8,2.3,55.2
1267,Chennai,Tambaram,1,1,825,1,0,12,25,Unfurnished,10.6,3.4,2.4,1.5,36.9
1268,Bengaluru,Electronic City,4,4,2830,5,2,28,28,Semi-Furnished,0.3,2.7,4.3,9.5,249.2
1269,Bengaluru,HSR Layout,3,4,1842,2,1,2,18,Semi-Furnished,14,4.8,6.4,4.4,205.2
1270,Hyderabad,Kondapur,5,4,2624,3,2,4,5,Unfurnished,7.1,4.5,7.9,6.9,224.2
1271,Pune,Hinjewadi,1,1,566,25,3,6,6,Semi-Furnished,3.2,2.6,0.8,4.9,34.4
1272,Hyderabad,Gachibowli,4,4,3234,20,0,18,21,Semi-Furnished,8.5,3.3,2.6,8.3,283.3
1273,Pune,Kharadi,5,5,3938,11,1,8,24,Unfurnished,7.2,2.8,6.7,1.8,289.1
1274,Bengaluru,Indiranagar,2,2,1730,17,0,11,11,Semi-Furnished,0.7,3.3,1.5,8,193.9
1275,Pune,Wakad,2,1,1379,9,1,25,30,Semi-Furnished,6.7,3.8,7.1,3.2,102.2
1276,Bengaluru,Indiranagar,5,4,3911,8,3,5,6,Semi-Furnished,3.1,3.9,7.9,10,453.7
1277,Bengaluru,Marathahalli,3,3,2001,25,1,9,17,Semi-Furnished,2.2,2.6,2.9,5,173.3
1278,Chennai,OMR,4,4,2719,19,2,2,16,Semi-Furnished,6.1,3,1.7,8.4,199.1
1279,Chennai,Anna Nagar,1,1,702,20,2,0,28,Semi-Furnished,9.1,4.7,1.1,1.8,52.8
1280,Pune,Hinjewadi,5,4,2832,10,2,14,27,Semi-Furnished,1,4.3,1.6,1.2,254.5
1281,Chennai,Velachery,3,3,1520,21,1,0,5,Semi-Furnished,2.9,4.8,6.3,9.1,120
1282,Hyderabad,Gachibowli,2,3,1677,25,0,5,7,Unfurnished,3.4,4.3,1.7,8.9,148.4
1283,Chennai,Tambaram,5,5,2381,14,2,6,6,Semi-Furnished,11.5,4.3,6.8,5.2,158.8
1284,Chennai,Porur,3,2,1822,21,0,0,6,Furnished,4.5,4.2,2,3.7,133.9
1285,Bengaluru,Marathahalli,1,1,592,11,1,1,6,Semi-Furnished,7.7,4.2,6.2,1.6,54.9
1286,Hyderabad,Madhapur,3,3,2467,11,2,24,29,Unfurnished,5.7,3.9,1.4,4.3,204.3
1287,Hyderabad,Kukatpally,4,3,3119,0,3,13,23,Furnished,13.7,3.9,0.9,4.5,248.8
1288,Chennai,OMR,2,3,1412,8,1,6,27,Semi-Furnished,8.6,3.2,4.8,9.7,94.7
1289,Bengaluru,Whitefield,1,2,701,14,3,27,29,Furnished,5.1,2.5,1.5,4.1,67.7
1290,Pune,Wakad,4,4,2322,4,3,4,10,Unfurnished,8.2,3,0.8,2.7,180.3
1291,Bengaluru,HSR Layout,2,2,1238,3,0,5,5,Semi-Furnished,8.7,4.1,7.2,8.6,120
1292,Bengaluru,Whitefield,5,6,4340,8,1,1,5,Furnished,1.9,3.5,3.7,8.2,476.3
1293,Hyderabad,Kondapur,3,4,2034,24,3,5,15,Unfurnished,9,4,3.6,2.5,154.7
1294,Bengaluru,Indiranagar,2,1,1610,4,3,11,16,Semi-Furnished,1.4,3.7,3.9,1.2,198.7
1295,Hyderabad,Kukatpally,1,1,860,11,1,11,12,Semi-Furnished,0.3,3,5.7,2.5,68.4
1296,Bengaluru,Whitefield,3,2,2419,18,3,0,28,Semi-Furnished,8.6,3.6,6.3,5.5,222.6
1297,Chennai,Anna Nagar,5,4,3531,18,3,15,27,Unfurnished,10.4,3.5,4.3,7.4,280.6
1298,Chennai,Velachery,4,4,1937,17,3,4,24,Semi-Furnished,8.8,4.7,6.5,3.5,174.4
1299,Chennai,OMR,1,1,536,23,3,0,10,Unfurnished,8.4,4,4.4,6.6,33.9
1300,Bengaluru,HSR Layout,2,1,1158,2,2,7,13,Furnished,9.9,4.3,7.4,8.7,136.5
1301,Hyderabad,Kukatpally,3,3,1370,21,1,20,28,Semi-Furnished,2.1,4.1,7.8,3.5,117.6
1302,Bengaluru,HSR Layout,2,2,1634,14,3,4,16,Semi-Furnished,1.7,3.4,1.8,9.1,180.3
1303,Hyderabad,Kukatpally,3,2,2183,8,3,0,11,Semi-Furnished,12.4,3.4,6.4,3.1,160.9
1304,Pune,Kharadi,3,4,2547,3,1,1,9,Semi-Furnished,9.8,5,1,7.1,216.3
1305,Hyderabad,Kukatpally,3,4,2595,1,1,23,23,Furnished,3.4,4.9,0.5,3.2,238.1
1306,Chennai,OMR,5,6,3855,5,1,2,23,Furnished,3.2,2.8,4,5.5,314
1307,Chennai,Tambaram,4,5,3342,1,3,11,12,Semi-Furnished,2.5,3.9,6.5,4.3,209.7
1308,Chennai,Anna Nagar,3,2,2253,13,3,10,11,Semi-Furnished,11.6,4.3,4.7,4.1,187.2
1309,Pune,Wakad,4,4,2065,5,3,6,9,Furnished,1.9,3.2,1.4,2.9,187.9
1310,Bengaluru,Electronic City,5,5,3341,21,1,8,8,Furnished,9.6,4.9,4.4,5.4,310.7
1311,Hyderabad,Miyapur,4,4,3109,7,2,2,27,Semi-Furnished,8.6,3.5,2,6,218.7
1312,Bengaluru,Electronic City,4,4,2548,21,0,7,16,Unfurnished,4.1,3,6.6,8.3,181.5
1313,Hyderabad,Kondapur,5,6,3911,0,2,8,28,Semi-Furnished,7.1,4.3,7.4,6.1,345.6
1314,Chennai,Tambaram,4,4,3278,24,2,5,11,Furnished,6.7,3.9,7.9,3.4,199.4
1315,Pune,Hinjewadi,4,4,2374,4,0,5,10,Unfurnished,0.5,4.2,0.4,4,203.6
1316,Chennai,Porur,1,1,544,24,3,4,24,Semi-Furnished,14.1,3.9,3.4,8.6,20
1317,Bengaluru,Whitefield,4,4,2079,7,2,22,29,Semi-Furnished,2,3,1.2,8.3,219.3
1318,Chennai,Porur,5,5,3265,25,1,3,18,Semi-Furnished,4.9,3.3,5.8,1.5,218.7
1319,Bengaluru,Indiranagar,2,1,1597,0,0,20,22,Semi-Furnished,2,4.9,6.6,9.3,178.4
1320,Hyderabad,Gachibowli,3,4,1539,17,2,5,15,Unfurnished,12.3,4.1,6,2.6,148
1321,Pune,Baner,3,4,1449,3,3,10,11,Furnished,13.1,4.8,5.5,7.2,143.4
1322,Chennai,Velachery,2,3,1373,14,1,13,23,Semi-Furnished,5,3,3.9,2,117
1323,Hyderabad,Kondapur,2,3,1449,2,0,10,16,Semi-Furnished,9.9,2.6,0.5,2.4,134
1324,Bengaluru,HSR Layout,1,1,545,10,3,6,26,Unfurnished,0.6,3.3,7.8,7.2,50.3
1325,Bengaluru,Indiranagar,5,4,4274,5,0,1,11,Unfurnished,9.4,3.4,1.5,8,426.7
1326,Hyderabad,Miyapur,2,3,1702,7,2,5,9,Furnished,5.4,4.7,5.4,2.9,131.1
1327,Bengaluru,HSR Layout,4,4,3232,19,1,19,21,Semi-Furnished,0.2,3.4,3.9,7.2,351.9
1328,Bengaluru,Electronic City,2,2,1132,13,3,5,7,Furnished,7.1,2.7,0.7,9.8,88.3
1329,Bengaluru,Indiranagar,5,6,2744,24,1,6,11,Unfurnished,0.4,2.8,3.4,4.2,311.2
1330,Bengaluru,Marathahalli,5,5,2617,15,3,24,27,Unfurnished,12.9,4.4,4,3.9,235.8
1331,Bengaluru,HSR Layout,2,2,1607,4,1,8,10,Unfurnished,1.8,4,2.3,2.4,173
1332,Bengaluru,HSR Layout,2,2,1314,1,3,9,10,Furnished,5.2,3.4,0.7,4.5,173.8
1333,Pune,Wakad,1,1,722,1,2,15,17,Unfurnished,12.4,2.5,5.5,3.1,40
1334,Chennai,OMR,5,5,2858,0,0,12,12,Semi-Furnished,6.1,2.6,6.3,7,217.5
1335,Pune,Baner,4,3,2442,23,2,15,30,Unfurnished,4.9,3.9,6.5,9.4,183.9
1336,Chennai,OMR,4,4,1947,2,2,13,15,Unfurnished,8.6,4.2,4.7,4.4,165.7
1337,Chennai,Tambaram,5,6,3715,25,1,3,6,Furnished,12.2,2.5,1.6,9.8,222.7
1338,Hyderabad,Miyapur,4,3,2078,23,0,4,9,Unfurnished,3.2,3.1,5.8,9.2,127.9
1339,Pune,Hadapsar,5,6,3912,1,3,1,11,Unfurnished,7.5,3.7,0.9,6.4,267.7
1340,Bengaluru,Indiranagar,4,3,2742,10,3,17,25,Semi-Furnished,3.7,4.1,1.9,6.7,325.4
1341,Chennai,Velachery,1,1,772,24,3,9,15,Unfurnished,14.3,4.2,6.3,6.7,25.4
1342,Hyderabad,Madhapur,1,1,511,18,0,0,16,Semi-Furnished,7.4,3.4,7.9,6.1,31.1
1343,Chennai,Tambaram,1,1,450,4,3,14,22,Semi-Furnished,4.8,4.2,3.7,4.6,43
1344,Pune,Baner,1,2,867,6,3,13,16,Semi-Furnished,0.7,4.6,0.6,4.7,90.8
1345,Bengaluru,Indiranagar,2,1,1502,23,3,9,13,Semi-Furnished,3,3.7,0.9,8.9,164.7
1346,Chennai,Velachery,5,6,3162,10,1,5,6,Semi-Furnished,7.1,2.5,3.1,2,256
1347,Pune,Kharadi,2,3,1206,7,0,9,15,Furnished,9.4,3.9,4.7,4,105.5
1348,Chennai,Tambaram,4,4,2411,10,2,11,14,Unfurnished,10.7,4.5,6.4,3.7,136
1349,Bengaluru,Marathahalli,2,2,1182,18,3,3,14,Semi-Furnished,4.2,3.5,0.4,7.8,115.8
1350,Bengaluru,HSR Layout,2,1,1507,10,3,9,9,Semi-Furnished,10.9,3,4.7,8.4,147.6
1351,Chennai,OMR,2,2,1006,0,3,0,9,Semi-Furnished,1.9,3.7,0.6,3.9,109.2
1352,Chennai,Velachery,3,4,2108,10,3,18,30,Unfurnished,11.7,2.6,0.4,3.7,151.4
1353,Chennai,Tambaram,1,1,820,19,1,1,23,Furnished,2.3,4.3,3,2.2,47.9
1354,Pune,Baner,4,4,2882,22,3,5,11,Semi-Furnished,9.5,4.6,7.7,6,232.3
1355,Hyderabad,Miyapur,5,5,2531,8,2,9,22,Unfurnished,10.5,3.5,2,1.7,190.2
1356,Chennai,OMR,2,2,1087,6,3,10,10,Semi-Furnished,0.7,3.1,2.7,3.6,94.7
1357,Bengaluru,Whitefield,1,1,568,21,3,18,27,Semi-Furnished,11.2,4.2,5.4,8,43.6
1358,Hyderabad,Gachibowli,5,5,2826,18,2,1,17,Unfurnished,12.1,2.7,5.4,5.4,253
1359,Hyderabad,Kukatpally,3,3,1426,9,1,1,15,Unfurnished,8.1,4.5,3.1,1.4,109.4
1360,Chennai,Tambaram,4,4,2171,14,2,27,28,Semi-Furnished,11.4,3,1.3,9.9,130.9
1361,Bengaluru,Whitefield,2,1,1037,10,3,3,23,Unfurnished,13.2,3.1,2,3.3,89.8
1362,Hyderabad,Gachibowli,4,5,2547,0,3,4,18,Semi-Furnished,9.2,3.4,6.6,3.2,265.5
1363,Bengaluru,Electronic City,3,3,1464,2,1,11,12,Semi-Furnished,11.6,4.5,1.6,1.3,135.7
1364,Bengaluru,Whitefield,2,2,1369,2,0,7,7,Semi-Furnished,14.4,4.2,1.3,1.5,135.2
1365,Pune,Kharadi,3,4,1558,15,3,8,15,Semi-Furnished,9.4,4.6,7.5,2.6,134
1366,Pune,Baner,5,5,4448,14,1,21,30,Semi-Furnished,2.4,3.8,7.5,2.6,363.1
1367,Hyderabad,Miyapur,3,4,2157,24,2,8,27,Furnished,10.9,2.9,2.2,3.2,142.4
1368,Hyderabad,Madhapur,1,1,493,2,0,8,8,Semi-Furnished,7.8,3.1,3,7.2,40.5
1369,Hyderabad,Gachibowli,4,3,3567,15,2,1,27,Semi-Furnished,14,4,3,6.3,320.9
1370,Chennai,Anna Nagar,2,2,1652,24,0,3,20,Unfurnished,2.3,3.7,3.3,3.3,120.8
1371,Pune,Wakad,2,1,1269,9,1,1,9,Semi-Furnished,5.8,3.3,6.5,6.3,86.9
1372,Bengaluru,HSR Layout,1,1,553,9,2,7,14,Furnished,12.5,3.3,6.8,5.5,54.1
1373,Chennai,OMR,3,4,1392,25,1,2,5,Semi-Furnished,5.8,3.8,3,6.5,116.1
1374,Bengaluru,Indiranagar,4,4,3077,22,1,13,17,Semi-Furnished,3.3,4.9,4.9,3.8,349.5
1375,Bengaluru,Indiranagar,4,5,2453,25,1,5,10,Semi-Furnished,0.5,2.7,3.4,5.9,278.8
1376,Bengaluru,Whitefield,3,3,1659,18,2,1,8,Semi-Furnished,13,4.8,3.5,1.4,173
1377,Chennai,Porur,4,4,2692,7,3,23,26,Furnished,9.8,2.9,5.1,3.7,199.3
1378,Bengaluru,Whitefield,4,5,1955,10,2,16,24,Unfurnished,10.1,3.3,1.8,7.5,187.6
1379,Hyderabad,Gachibowli,3,3,1671,2,0,2,10,Unfurnished,12.5,4.5,3.2,3.7,158.4
1380,Hyderabad,Kondapur,5,5,4033,17,3,15,22,Furnished,4.6,2.5,6.2,2,370.3
1381,Hyderabad,Kukatpally,3,3,1623,21,0,6,6,Semi-Furnished,8.6,3.8,7.5,5,114.3
1382,Bengaluru,Electronic City,5,5,3838,20,3,13,14,Semi-Furnished,4.8,4.4,4.9,7.5,314.2
1383,Bengaluru,Whitefield,5,5,4036,25,1,1,10,Unfurnished,0.5,4.2,0.7,2.5,372.6
1384,Bengaluru,Whitefield,3,4,2396,18,0,7,7,Furnished,6.8,4.6,3.4,6.5,266.5
1385,Chennai,Porur,5,4,2908,16,1,8,8,Unfurnished,3.4,3.6,3.5,7.6,189.8
1386,Hyderabad,Gachibowli,1,1,550,23,1,10,22,Unfurnished,6.1,4.7,0.3,6.7,41.2
1387,Bengaluru,Electronic City,2,2,1463,22,0,5,16,Furnished,12.7,4,5.4,6.1,111.2
1388,Hyderabad,Kukatpally,4,5,2135,14,3,3,12,Unfurnished,8.4,4.7,7.1,5.5,171.8
1389,Bengaluru,HSR Layout,4,5,3329,2,2,3,25,Furnished,14.5,4.8,6.1,7.9,377.1
1390,Pune,Hinjewadi,2,3,1465,9,0,0,5,Unfurnished,10,4.5,1.8,3,110.5
1391,Hyderabad,Miyapur,5,5,3680,5,3,19,28,Semi-Furnished,1.1,3.7,5.8,7.9,274.9
1392,Hyderabad,Kukatpally,4,5,2589,3,0,11,18,Furnished,2.7,4.1,7.5,5.7,232.6
1393,Chennai,Velachery,1,1,689,19,3,3,18,Semi-Furnished,7.6,2.8,7.8,4.8,45.8
1394,Bengaluru,Marathahalli,3,3,2368,5,0,26,27,Semi-Furnished,10.6,3.4,5.7,8.4,200.1
1395,Bengaluru,Marathahalli,3,2,1633,10,3,4,11,Semi-Furnished,9,4.7,1.6,3.9,161.6
1396,Pune,Hinjewadi,4,4,2079,18,0,8,19,Semi-Furnished,2.3,4,3.6,9.9,165.3
1397,Pune,Hadapsar,5,6,4234,0,0,19,22,Semi-Furnished,10.4,3.7,4.6,7.2,293.9
1398,Chennai,Tambaram,3,2,2392,6,2,6,8,Semi-Furnished,4.5,3.6,7.6,4.1,141.6
1399,Hyderabad,Kukatpally,3,2,1893,9,2,4,5,Unfurnished,9.7,4.5,7,3.9,124.6
1400,Hyderabad,Madhapur,4,4,2739,1,3,9,17,Semi-Furnished,13.5,2.5,4.5,3.4,260.5
1401,Chennai,Porur,1,1,450,17,1,25,26,Unfurnished,7.3,4.2,4.5,3.1,28
1402,Pune,Baner,1,1,662,7,0,7,9,Semi-Furnished,13.7,2.6,1.9,7.1,39.8
1403,Pune,Hinjewadi,5,5,3082,0,2,9,17,Unfurnished,4.1,3.9,6.7,9.8,240.7
1404,Chennai,Tambaram,4,3,2829,24,3,0,28,Semi-Furnished,8.1,2.9,7.1,8.2,142.6
1405,Bengaluru,Indiranagar,3,2,1447,7,2,4,14,Furnished,3.9,4,7.5,4.5,188.6
1406,Chennai,Tambaram,5,6,3782,5,2,3,6,Unfurnished,11.7,2.8,7.3,6.5,205.6
1407,Pune,Wakad,3,4,1715,5,1,0,8,Semi-Furnished,3.4,4.1,5.4,5,133.2
1408,Pune,Baner,4,5,2421,17,2,25,26,Semi-Furnished,9,4,2.8,1.9,220.3
1409,Bengaluru,Marathahalli,2,2,906,15,0,4,9,Semi-Furnished,5.3,2.8,5.7,8.8,75.4
1410,Hyderabad,Madhapur,4,4,3148,5,0,7,7,Unfurnished,11.7,2.9,7.8,5.5,251.6
1411,Chennai,Porur,5,5,3669,17,2,21,27,Semi-Furnished,5,3,5.4,2.5,250.3
1412,Bengaluru,Electronic City,1,2,509,16,2,11,20,Semi-Furnished,6.8,2.6,7.4,5.8,36.7
1413,Chennai,Anna Nagar,5,4,3308,14,3,4,14,Semi-Furnished,11.5,4.1,3,2.3,294.1
1414,Chennai,OMR,4,3,2529,18,2,25,27,Furnished,7,3.1,6.8,6.4,185.2
1415,Bengaluru,Indiranagar,5,4,3160,6,0,6,21,Semi-Furnished,13.1,2.7,1.8,8.4,352.1
1416,Bengaluru,Indiranagar,1,2,709,17,1,29,30,Semi-Furnished,5.4,2.9,4.5,2.8,72.5
1417,Pune,Wakad,3,2,1991,5,0,9,19,Semi-Furnished,12.5,3,2.8,3,140.1
1418,Hyderabad,Gachibowli,5,4,3709,13,3,4,11,Unfurnished,5.8,2.7,4,7.7,328.6
1419,Pune,Hadapsar,1,1,564,6,3,9,9,Semi-Furnished,4,3.4,6.4,3.4,54.7
1420,Hyderabad,Miyapur,5,4,2401,3,0,19,22,Semi-Furnished,7.3,3.9,4.4,3.1,194.9
1421,Chennai,Velachery,1,1,726,19,3,16,26,Unfurnished,4.5,4.1,3.3,7.6,48.4
1422,Chennai,Porur,5,6,3768,14,1,11,22,Furnished,13.4,3.3,5.8,4.1,258.5
1423,Hyderabad,Miyapur,1,1,523,2,3,18,28,Semi-Furnished,8.2,4.2,5.4,6.7,33
1424,Bengaluru,Electronic City,5,5,4100,2,3,2,5,Semi-Furnished,8,4.8,2.3,4,346.1
1425,Chennai,Velachery,4,5,3357,5,3,3,21,Unfurnished,10.9,4.1,1.9,5.5,247.2
1426,Hyderabad,Gachibowli,5,5,4263,17,0,5,13,Semi-Furnished,13.3,2.6,6.4,6.9,384.1
1427,Bengaluru,Whitefield,4,5,2981,1,2,4,15,Semi-Furnished,6.5,3.6,1.9,8.4,307.7
1428,Chennai,Porur,5,4,4153,23,0,26,29,Semi-Furnished,3.1,4.2,0.5,7.7,255.5
1429,Bengaluru,Marathahalli,1,1,577,17,1,15,23,Semi-Furnished,9.8,3.3,1.2,7.5,28.8
1430,Hyderabad,Miyapur,3,2,2378,22,0,2,6,Semi-Furnished,13.2,3.2,5.8,2.9,125.8
1431,Chennai,Porur,4,4,2576,24,3,7,9,Unfurnished,10.4,3.8,4.9,6.1,145
1432,Bengaluru,Marathahalli,1,1,770,10,2,26,29,Furnished,1.5,4.1,2.5,7,72.9
1433,Chennai,Tambaram,4,4,2997,15,1,11,16,Semi-Furnished,1.9,3.4,2.2,9.6,182.4
1434,Bengaluru,Marathahalli,2,3,1397,5,3,1,5,Semi-Furnished,6.4,4.4,3.2,1,153.9
1435,Chennai,Velachery,5,4,3797,25,2,1,13,Furnished,10.3,2.7,7.2,6.6,293.2
1436,Chennai,Velachery,3,3,2188,8,0,3,16,Unfurnished,10.1,3.9,1.3,9.8,137
1437,Bengaluru,Indiranagar,4,4,2664,4,0,10,13,Unfurnished,4.2,2.8,6.1,3.1,282.8
1438,Bengaluru,Whitefield,5,6,2433,13,3,8,17,Semi-Furnished,12.9,4.1,5,9.7,265.6
1439,Bengaluru,HSR Layout,5,5,4335,14,2,11,15,Unfurnished,10.7,4.6,6.2,5.8,424
1440,Bengaluru,Indiranagar,1,2,586,6,0,13,25,Furnished,14.4,5,6.4,7.8,72
1441,Chennai,OMR,2,2,1113,18,0,15,21,Unfurnished,7.2,4.1,3.1,5.6,77.3
1442,Bengaluru,Indiranagar,3,4,2270,0,2,3,8,Semi-Furnished,9.2,4.1,1.2,9.6,260.2
1443,Pune,Hinjewadi,2,2,1305,4,2,12,13,Unfurnished,0.8,3.2,5.3,2.5,115.2
1444,Hyderabad,Miyapur,1,1,680,14,1,2,5,Semi-Furnished,1.2,2.6,5.6,7.2,46.2
1445,Chennai,OMR,5,5,2903,8,2,7,29,Furnished,9.7,2.6,4,6.5,229.7
1446,Bengaluru,HSR Layout,3,4,1407,18,3,6,9,Furnished,13,3.9,1.9,2.6,164.5
1447,Pune,Baner,2,2,1196,0,2,20,27,Semi-Furnished,2.8,2.7,4.4,6.6,99.5
1448,Chennai,Tambaram,5,6,2656,22,3,0,11,Semi-Furnished,2.4,3.5,5.6,2.5,193.6
1449,Bengaluru,Whitefield,1,1,849,25,1,13,17,Semi-Furnished,1.2,3.4,3.5,5.9,66
1450,Chennai,Tambaram,4,4,1861,1,0,7,20,Unfurnished,14.3,3.9,0.4,8.2,108
1451,Pune,Hinjewadi,2,1,1570,14,1,1,10,Unfurnished,8.2,3.5,0.6,5.6,108.1
1452,Pune,Kharadi,2,2,1022,0,2,8,15,Semi-Furnished,11.9,5,1.2,2.5,105.2
1453,Hyderabad,Kukatpally,1,2,581,9,1,1,18,Furnished,2.3,3.1,2.6,8.7,58.4
1454,Bengaluru,HSR Layout,3,3,1540,20,3,1,5,Semi-Furnished,3.4,4,6.1,2.3,184
1455,Hyderabad,Miyapur,3,3,2263,25,3,6,10,Semi-Furnished,3.3,3,5.2,4.2,140.7
1456,Bengaluru,Indiranagar,4,3,3134,14,2,17,28,Unfurnished,14.6,2.8,7.6,8.4,296.2
1457,Chennai,OMR,4,3,2069,3,0,21,23,Unfurnished,14.3,3.8,7.4,1.8,150.4
1458,Pune,Baner,5,6,3295,15,3,28,30,Furnished,7.8,3.6,1.9,4.4,300.3
1459,Hyderabad,Miyapur,5,5,3527,14,2,4,5,Semi-Furnished,6.7,4.1,7.8,9.8,231.3
1460,Hyderabad,Kukatpally,3,3,1525,13,2,0,6,Semi-Furnished,11.1,4.4,7.5,7.9,122.1
1461,Bengaluru,Indiranagar,5,5,3058,25,2,4,12,Semi-Furnished,7.7,3.2,7.6,1.4,343.6
1462,Bengaluru,Marathahalli,5,6,3554,8,3,2,10,Semi-Furnished,0.3,2.7,1.6,7.7,337.7
1463,Bengaluru,Whitefield,3,3,1353,6,1,0,5,Unfurnished,8.3,3.4,6.4,7.7,139.9
1464,Pune,Wakad,5,4,2269,0,0,4,8,Unfurnished,12,2.6,7.7,8.7,150.6
1465,Bengaluru,HSR Layout,2,3,1106,14,3,22,28,Semi-Furnished,5.9,3.9,5.9,3.7,138.9
1466,Hyderabad,Miyapur,4,5,2328,12,1,0,6,Unfurnished,9,4.6,4.8,3.5,156.4
1467,Pune,Hinjewadi,1,1,678,2,0,2,21,Semi-Furnished,10,3.9,3.1,3.3,51.8
1468,Chennai,Velachery,1,1,775,8,0,5,7,Unfurnished,11.5,3.2,3.5,5,38.1
1469,Chennai,Anna Nagar,5,5,3906,13,3,0,9,Unfurnished,8.3,3.2,5.3,1.1,309.4
1470,Hyderabad,Miyapur,2,2,1568,7,3,24,24,Unfurnished,0.2,4.9,3.3,1.3,119.5
1471,Hyderabad,Kukatpally,3,3,1628,14,1,29,30,Semi-Furnished,14.6,3.5,1.5,9.4,106.9
1472,Pune,Hinjewadi,1,1,494,5,0,17,29,Furnished,8.4,3.3,4.5,7.2,43.3
1473,Bengaluru,Electronic City,3,2,1937,21,3,0,8,Unfurnished,9.1,3,2.3,4.7,129.7
1474,Bengaluru,Marathahalli,2,2,1369,2,0,2,7,Unfurnished,13.6,3.9,7.9,6.6,93.3
1475,Hyderabad,Madhapur,1,1,722,22,2,3,5,Semi-Furnished,6.6,3.3,7.7,7.9,53.1
1476,Chennai,Anna Nagar,4,3,3592,9,1,7,9,Semi-Furnished,3.4,4.1,3.2,9.7,299.1
1477,Hyderabad,Kondapur,2,1,1274,15,1,9,28,Semi-Furnished,2.4,3.1,4.6,4.8,106.5
1478,Pune,Hadapsar,2,2,1225,24,0,21,28,Unfurnished,7,4.9,3.3,9.9,67.7
1479,Pune,Kharadi,3,4,1662,4,2,7,7,Furnished,6.2,3.9,4.2,8.6,164.4
1480,Chennai,Tambaram,4,3,3156,5,0,6,25,Semi-Furnished,0.7,4.9,1.1,5.6,203.5
1481,Pune,Baner,2,2,1140,10,2,6,30,Semi-Furnished,4.7,3.5,6,4.4,93.4
1482,Hyderabad,Madhapur,1,1,854,20,3,9,13,Semi-Furnished,5.5,3.4,4.7,2.5,82.7
1483,Chennai,Anna Nagar,1,1,501,21,3,6,29,Semi-Furnished,1.4,2.9,2.2,8.7,39.2
1484,Chennai,Velachery,3,3,2374,16,1,2,28,Semi-Furnished,4.3,4.5,4.4,9.9,175.3
1485,Hyderabad,Kondapur,1,1,472,5,0,5,10,Semi-Furnished,9.9,3.2,6.5,2.7,42.8
1486,Hyderabad,Kukatpally,1,1,762,23,3,1,5,Semi-Furnished,1.7,4.3,7,4.5,65.8
1487,Bengaluru,HSR Layout,1,1,503,19,3,18,22,Semi-Furnished,13.7,2.6,1,3.5,48
1488,Bengaluru,Electronic City,4,3,2292,3,3,3,28,Semi-Furnished,7.1,4.1,3.5,8,196.3
1489,Pune,Wakad,3,2,2389,8,0,20,23,Unfurnished,14.7,3.7,4.3,8.8,142.1
1490,Hyderabad,Gachibowli,2,3,1248,7,2,5,21,Semi-Furnished,0.5,4.8,4.6,7.1,147.1
1491,Hyderabad,Kukatpally,2,3,1513,24,0,7,27,Semi-Furnished,14.2,2.8,0.5,7.2,78.8
1492,Pune,Wakad,2,2,1593,19,3,7,13,Semi-Furnished,2,3,2.9,3,113.7
1493,Pune,Hadapsar,1,1,543,25,2,0,22,Semi-Furnished,10.8,3.4,3,8.8,20
1494,Hyderabad,Madhapur,3,3,1747,25,1,6,11,Furnished,2.6,4.6,3.3,1.3,196.1
1495,Pune,Hadapsar,3,4,1881,12,3,3,5,Furnished,10.3,3.4,3.7,7.2,135.5
1496,Chennai,Velachery,1,1,478,23,0,9,18,Furnished,5.9,2.5,7.4,3,20.3
1497,Chennai,Velachery,3,3,1580,19,1,4,23,Unfurnished,12.9,3.8,2,1.1,119.9
1498,Pune,Hadapsar,1,1,611,7,0,1,9,Semi-Furnished,1.3,3.7,3.1,8.3,45.7
1499,Pune,Baner,4,4,2273,21,2,4,12,Semi-Furnished,1.6,3.3,6.6,8.9,188.5
1500,Pune,Kharadi,3,3,2354,16,3,5,8,Semi-Furnished,8.4,3.3,6.2,8.8,168.3
1501,Hyderabad,Kukatpally,4,4,3453,3,1,9,12,Semi-Furnished,8.5,3.8,2.9,3.3,254.8
1502,Hyderabad,Miyapur,4,4,2265,23,3,1,5,Unfurnished,4.5,4.4,6.8,4.3,150
1503,Pune,Kharadi,2,1,1266,2,3,0,8,Semi-Furnished,1.1,3.8,1.2,4.5,114.9
1504,Pune,Hadapsar,2,3,1580,23,0,1,11,Semi-Furnished,4.7,3.1,0.4,2.7,102.3
1505,Hyderabad,Kondapur,5,5,4130,21,1,1,17,Unfurnished,2.8,3.1,6.1,7.2,315
1506,Bengaluru,Indiranagar,2,2,946,14,3,8,18,Unfurnished,6.8,4.7,5.6,2.3,121.2
1507,Bengaluru,Electronic City,2,3,1387,13,1,4,16,Unfurnished,8,4.3,6.7,6.5,102.3
1508,Hyderabad,Kondapur,5,6,3207,5,0,10,27,Semi-Furnished,11.7,3.1,3,1.2,288.5
1509,Bengaluru,Indiranagar,2,3,1660,2,2,14,24,Semi-Furnished,4,2.5,1.8,6.9,190.6
1510,Pune,Hinjewadi,4,5,2823,22,2,8,16,Unfurnished,12.8,4,6.9,3.2,199.9
1511,Chennai,Velachery,2,3,1115,12,1,6,19,Unfurnished,10.7,2.9,5.3,5.3,65.2
1512,Hyderabad,Kukatpally,3,4,2222,19,0,3,20,Semi-Furnished,1,3.2,5,5.9,157.1
1513,Chennai,Porur,4,4,1866,11,1,6,8,Furnished,0.3,4,6.5,2.7,167.9
1514,Pune,Hadapsar,5,4,2641,8,1,12,26,Unfurnished,12.5,2.7,4.5,8.8,163.1
1515,Hyderabad,Madhapur,1,2,549,14,0,0,15,Furnished,4.5,3,1.7,8.5,44
1516,Chennai,Tambaram,5,5,2713,25,3,9,10,Unfurnished,6.8,4.9,7.4,1,164.6
1517,Hyderabad,Kukatpally,3,3,1474,5,2,23,24,Semi-Furnished,14.8,3.3,5.7,3,114.1
1518,Bengaluru,Indiranagar,2,3,1084,17,0,9,10,Unfurnished,5.9,3.4,0.7,9.8,111.7
1519,Pune,Hinjewadi,2,3,1635,13,3,10,17,Furnished,6.9,2.9,5.3,4.2,127.6
1520,Pune,Baner,5,5,2345,14,0,17,21,Semi-Furnished,12.3,3.5,4.1,4.3,201.6
1521,Hyderabad,Madhapur,1,1,790,22,0,5,23,Semi-Furnished,2.7,4.4,7.3,8,70.3
1522,Bengaluru,Marathahalli,1,1,582,17,0,7,23,Unfurnished,2.5,4.9,2.2,2.6,65.3
1523,Bengaluru,Electronic City,1,1,528,25,2,25,25,Semi-Furnished,12.8,2.6,5.1,7.6,25.5
1524,Chennai,Anna Nagar,1,1,887,12,2,25,27,Unfurnished,3.1,4.4,1.8,2.5,86.9
1525,Pune,Wakad,5,6,2791,0,0,7,16,Unfurnished,12.5,4.5,6.1,1.8,214.1
1526,Hyderabad,Kukatpally,3,4,1991,19,1,0,6,Unfurnished,14.5,3.5,0.9,5.1,128.6
1527,Chennai,Velachery,1,1,646,5,2,2,25,Semi-Furnished,13.5,3.4,7.9,1.9,34.1
1528,Pune,Kharadi,1,1,501,15,2,11,12,Semi-Furnished,14.2,4.6,2.4,3.9,37.2
1529,Pune,Baner,4,3,2090,22,0,13,24,Unfurnished,12.2,3.1,0.3,6.3,152.2
1530,Chennai,Anna Nagar,2,2,962,6,1,3,27,Unfurnished,10.4,4.7,3,3.9,82.5
1531,Bengaluru,Whitefield,5,4,3476,7,0,14,21,Semi-Furnished,9,4.1,2.3,6.4,342.2
1532,Chennai,Velachery,2,1,1413,17,1,26,27,Unfurnished,12,3.3,7.5,8.1,75.4
1533,Hyderabad,Kondapur,5,6,4267,1,3,20,20,Semi-Furnished,8.7,4.9,7.1,7.8,378
1534,Pune,Baner,1,1,896,19,0,5,10,Semi-Furnished,8.2,3.2,3.6,1.5,60.2
1535,Chennai,Porur,5,5,4467,5,2,13,27,Semi-Furnished,7.3,3.5,1.6,7.7,284.7
1536,Pune,Wakad,5,5,3734,9,1,20,29,Furnished,11.1,2.7,4.8,2.5,275.1
1537,Bengaluru,Electronic City,1,1,723,5,2,25,28,Semi-Furnished,9.6,2.9,7.1,3.7,46
1538,Pune,Wakad,5,5,2988,20,0,2,7,Semi-Furnished,3.8,3.2,2.5,6.2,221.3
1539,Hyderabad,Miyapur,4,5,2148,22,3,1,6,Semi-Furnished,0.2,4.8,7.2,8.5,158.6
1540,Chennai,Tambaram,2,2,968,15,2,1,25,Unfurnished,3.6,2.7,6,1.8,53.9
1541,Chennai,Velachery,5,5,2800,5,2,2,19,Unfurnished,9,3.5,0.3,1.4,231.7
1542,Bengaluru,Indiranagar,4,3,2456,12,2,3,17,Furnished,11.3,4.6,0.7,9.8,311
1543,Pune,Baner,2,2,910,0,2,7,12,Unfurnished,4.2,2.7,6.7,6.9,85.8
1544,Hyderabad,Madhapur,2,3,1017,0,2,11,14,Unfurnished,6.6,2.8,1.8,1.9,101.9
1545,Chennai,OMR,2,3,1082,14,3,12,26,Semi-Furnished,7.3,3.6,7.4,1.3,96.2
1546,Bengaluru,Electronic City,5,5,2987,19,0,6,13,Furnished,7.2,4.6,1.1,6,267.9
1547,Hyderabad,Kukatpally,5,5,2956,9,1,1,6,Unfurnished,3.4,3.3,6.2,1.7,222.2
1548,Bengaluru,Electronic City,3,4,2036,25,1,12,21,Semi-Furnished,6.8,4.4,0.4,4.2,167.9
1549,Chennai,Velachery,4,4,2656,17,0,11,13,Semi-Furnished,3.1,3.6,5.7,1.6,200.8
1550,Hyderabad,Miyapur,3,3,2375,10,2,8,20,Unfurnished,6,3.2,2.8,6.3,137.8
1551,Hyderabad,Miyapur,2,3,1446,2,2,13,26,Unfurnished,7.4,4.1,3.5,1.8,100.9
1552,Chennai,Anna Nagar,2,3,952,12,3,7,7,Furnished,14.5,3.4,3.5,9.1,91.3
1553,Bengaluru,Indiranagar,2,3,1466,25,0,9,16,Furnished,1.5,3.4,4.3,6.5,166
1554,Hyderabad,Madhapur,4,5,3224,5,0,4,5,Semi-Furnished,0.8,3.6,6.8,6.1,297.1
1555,Bengaluru,Electronic City,4,5,1868,10,0,11,12,Unfurnished,4.2,3.6,4.2,2.9,164.9
1556,Pune,Wakad,1,2,691,22,0,4,22,Unfurnished,2.9,3.5,6.9,9.2,36.1
1557,Hyderabad,Miyapur,1,2,710,20,3,6,15,Semi-Furnished,5.1,4,6.7,4.5,53.4
1558,Pune,Wakad,3,3,2404,22,3,0,17,Semi-Furnished,4.9,5,2.8,1.2,182.8
1559,Chennai,Porur,2,2,1748,3,3,2,6,Semi-Furnished,8.5,4.4,6.2,5.9,114.2
1560,Pune,Hinjewadi,4,5,2221,5,0,2,29,Semi-Furnished,2.6,4.8,5.5,8.9,194.1
1561,Bengaluru,Marathahalli,5,4,4447,5,3,8,8,Unfurnished,10.6,4.9,6.2,8,353.9
1562,Hyderabad,Kukatpally,1,2,871,9,2,6,10,Semi-Furnished,2.5,3,5.7,5.8,75.3
1563,Bengaluru,Whitefield,2,2,1209,21,0,4,8,Semi-Furnished,8.6,4.9,3.8,9.9,112.7
1564,Hyderabad,Miyapur,3,4,1738,0,2,9,13,Semi-Furnished,14.4,3.2,4.6,5.6,128.4
1565,Bengaluru,Whitefield,2,1,1377,23,0,15,18,Semi-Furnished,13.9,3.5,3.2,6.8,112.4
1566,Hyderabad,Kondapur,5,4,2671,12,2,18,29,Furnished,9.9,4.8,5.3,1.8,257.2
1567,Pune,Hinjewadi,1,2,477,19,1,9,18,Unfurnished,13.2,3,4.3,5.9,20
1568,Hyderabad,Kukatpally,2,3,1053,16,1,13,24,Semi-Furnished,9.8,4.4,6.7,8.6,70.8
1569,Hyderabad,Gachibowli,4,4,2857,16,2,5,23,Semi-Furnished,7.1,3.2,0.9,5.9,270.7
1570,Hyderabad,Miyapur,4,3,2151,25,3,12,17,Unfurnished,8.5,3.8,6.8,3.2,128.1
1571,Hyderabad,Madhapur,4,4,3177,8,2,3,13,Semi-Furnished,9,4.1,1.7,3.3,308.5
1572,Pune,Hinjewadi,1,1,455,23,2,21,30,Furnished,2.3,2.9,7.1,2.9,35.4
1573,Hyderabad,Madhapur,2,3,1272,7,0,8,10,Furnished,8.6,3.5,6.6,7.3,118.5
1574,Pune,Kharadi,1,1,836,9,1,10,17,Unfurnished,11.5,4.2,0.6,4.2,60.1
1575,Pune,Baner,5,4,4432,14,2,8,29,Semi-Furnished,14.6,4.7,6.7,3.4,357
1576,Bengaluru,Whitefield,3,4,2370,7,2,11,13,Semi-Furnished,2.5,3,1.3,4.9,246.4
1577,Pune,Hadapsar,5,6,3412,18,0,5,9,Semi-Furnished,8.6,3.7,7.3,9,235.7
1578,Bengaluru,Whitefield,3,3,2588,16,3,2,10,Furnished,8.5,2.8,3.3,4.6,278.8
1579,Pune,Wakad,2,2,1286,19,1,23,23,Semi-Furnished,14.3,3.9,2,7.8,78.8
1580,Pune,Hadapsar,5,6,4279,14,1,13,16,Unfurnished,2,3.1,1.6,5.7,280.3
1581,Chennai,Porur,2,1,1235,6,1,19,29,Unfurnished,14.9,3.5,0.5,9.1,55.7
1582,Hyderabad,Kukatpally,4,4,3520,19,0,9,30,Semi-Furnished,10,4.6,7,7.6,242.7
1583,Bengaluru,Electronic City,1,1,554,16,3,4,15,Furnished,12.7,3.7,0.6,6.5,38.7
1584,Chennai,Tambaram,3,3,1627,9,0,4,15,Unfurnished,2.9,3.3,2.1,6.1,101.2
1585,Pune,Kharadi,5,4,3319,17,3,9,9,Furnished,12.4,3.9,7.8,8.3,279.2
1586,Chennai,Tambaram,5,5,2267,2,3,11,26,Unfurnished,14,3.6,3.4,1.9,152.8
1587,Chennai,Tambaram,2,2,1769,0,2,12,12,Furnished,7.5,2.8,1.6,3,107.7
1588,Bengaluru,Indiranagar,5,5,3907,3,0,3,6,Semi-Furnished,3.1,2.9,4.1,9.7,436.7
1589,Pune,Hinjewadi,5,5,2434,4,2,23,24,Furnished,9,2.7,1.8,5.4,216.8
1590,Hyderabad,Madhapur,3,3,1951,9,2,9,19,Semi-Furnished,0.2,3.2,3.6,5,203.5
1591,Pune,Wakad,2,2,967,0,3,10,18,Unfurnished,11.4,2.7,3.9,1.3,80.6
1592,Chennai,OMR,4,4,3146,5,2,4,7,Semi-Furnished,3.1,3.1,5,1.7,249.1
1593,Hyderabad,Kondapur,3,2,1545,10,3,4,13,Semi-Furnished,9.4,4.2,2.2,7,148.6
1594,Hyderabad,Kukatpally,4,3,1903,9,0,7,23,Furnished,12.1,4.3,2.8,3.8,161.4
1595,Hyderabad,Madhapur,5,5,2979,2,0,6,26,Semi-Furnished,6,2.9,7.5,7.6,278.6
1596,Chennai,Porur,5,6,3391,20,0,14,26,Semi-Furnished,0.4,3.5,1.5,7.3,225.5
1597,Pune,Baner,4,4,3575,6,1,13,15,Unfurnished,1,3,7.9,3.7,279.7
1598,Hyderabad,Kukatpally,4,3,2835,23,3,4,6,Unfurnished,14.7,4.3,4.9,6.5,178
1599,Chennai,Velachery,1,1,552,21,1,12,30,Semi-Furnished,1.6,3.8,4.6,6,36.7
1600,Pune,Wakad,2,1,1014,19,3,2,6,Furnished,12,4.2,1.5,1.2,71.7
1601,Pune,Hinjewadi,4,5,2358,11,2,7,14,Semi-Furnished,14.4,2.6,4.4,9,180.6
1602,Bengaluru,Whitefield,4,3,2392,12,0,18,24,Semi-Furnished,3.8,3.2,7,5.4,238.8
1603,Pune,Wakad,4,4,2308,10,3,2,5,Unfurnished,0.4,4.4,0.9,5.8,171.6
1604,Chennai,Tambaram,5,6,2274,6,3,12,21,Unfurnished,13.9,2.6,2.1,4.6,141.5
1605,Hyderabad,Kondapur,1,1,824,16,0,20,25,Semi-Furnished,12.6,4.1,4.8,1.1,51.5
1606,Hyderabad,Miyapur,1,1,480,25,1,0,25,Unfurnished,2.2,4,2.9,7.2,31.3
1607,Pune,Baner,5,6,3751,7,0,20,23,Furnished,14.5,2.6,5.1,5.8,314.9
1608,Pune,Baner,4,4,3154,10,2,8,30,Furnished,8.9,2.8,2.8,7.7,282.8
1609,Chennai,Anna Nagar,3,3,2402,2,0,0,22,Semi-Furnished,2,3.9,3.3,6.7,218.9
1610,Chennai,Anna Nagar,3,4,2181,5,1,21,24,Semi-Furnished,2,4,0.7,7.3,205.3
1611,Bengaluru,Indiranagar,1,2,880,4,2,13,22,Unfurnished,0.4,3.6,5.2,7.8,109.1
1612,Pune,Hinjewadi,2,2,1261,25,0,16,16,Semi-Furnished,1.3,4.9,5.5,1.6,97.4
1613,Hyderabad,Kukatpally,4,3,2447,13,0,16,16,Semi-Furnished,1.1,2.8,2.3,1.7,186.7
1614,Chennai,Anna Nagar,4,4,1915,22,3,11,13,Semi-Furnished,3.4,4.2,2.8,9.5,191.1
1615,Hyderabad,Kondapur,4,3,2972,23,0,20,29,Furnished,9.6,3.8,3.6,7.7,253.2
1616,Pune,Hadapsar,2,3,1238,12,0,7,22,Unfurnished,5,4,2.3,7,82.5
1617,Hyderabad,Kondapur,4,3,3381,5,1,22,28,Semi-Furnished,7.2,4.3,4.5,3.2,281.9
1618,Hyderabad,Miyapur,2,2,926,19,2,15,18,Unfurnished,3,4.5,5.6,6.4,65.8
1619,Bengaluru,HSR Layout,5,6,3434,8,0,8,10,Furnished,5,4.4,6.6,9.4,416.1
1620,Pune,Kharadi,5,5,3307,5,3,7,20,Semi-Furnished,10.7,3.1,4.4,4,266.1
1621,Bengaluru,HSR Layout,2,1,1489,3,2,0,27,Unfurnished,9.3,3.1,6.4,5.6,133.5
1622,Bengaluru,Electronic City,4,3,3038,18,1,0,24,Semi-Furnished,7.4,4.5,6.9,4,240.4
1623,Chennai,Velachery,4,3,2706,10,3,22,23,Semi-Furnished,1.2,3.9,2,1.3,232.6
1624,Pune,Baner,2,2,1589,4,1,24,29,Semi-Furnished,9.5,4.4,7.3,5.4,128.1
1625,Bengaluru,HSR Layout,1,2,821,16,0,12,17,Furnished,11,2.6,6.5,1,80.2
1626,Hyderabad,Madhapur,4,3,2486,19,2,9,10,Semi-Furnished,4.7,4.1,1,8.4,236
1627,Chennai,OMR,2,3,1176,0,3,11,20,Semi-Furnished,6.5,3.6,3.2,9.3,106.3
1628,Pune,Wakad,1,1,575,22,3,8,11,Semi-Furnished,5.5,4.6,6.5,4.6,48.9
1629,Chennai,Tambaram,1,1,743,14,2,15,15,Semi-Furnished,3.3,3.8,2,6.3,51.1
1630,Pune,Hadapsar,5,5,2566,8,3,4,6,Semi-Furnished,13.4,4.5,0.4,3.5,203.1
1631,Bengaluru,HSR Layout,4,5,2407,6,1,3,9,Furnished,4,3.5,1.3,2.4,305
1632,Hyderabad,Gachibowli,3,3,2501,10,1,0,13,Unfurnished,1.3,4.2,3.7,7.3,231.9
1633,Bengaluru,HSR Layout,2,2,1409,9,1,5,25,Semi-Furnished,10.8,4.4,5.7,1.6,151.1
1634,Bengaluru,HSR Layout,2,3,1438,20,3,2,6,Semi-Furnished,14.6,3.2,3.3,1.4,148.3
1635,Bengaluru,Electronic City,5,5,3891,9,3,18,28,Semi-Furnished,14.6,4.9,3.3,7.8,316.4
1636,Pune,Kharadi,5,5,3834,6,1,4,5,Furnished,6.8,3,6.5,1.5,335.3
1637,Bengaluru,Indiranagar,1,2,655,4,0,6,8,Semi-Furnished,13.5,4.3,5.6,4.7,65.7
1638,Pune,Hadapsar,4,4,2471,24,2,11,20,Unfurnished,14.5,3.1,3.6,1.1,138.5
1639,Pune,Baner,5,6,4424,4,2,1,26,Semi-Furnished,6.3,3.4,2.8,2.4,382
1640,Chennai,Anna Nagar,1,2,601,0,1,27,30,Furnished,3.2,3.5,4.4,4.8,70.4
1641,Bengaluru,Electronic City,4,3,3295,2,3,1,5,Semi-Furnished,0.9,4.1,6.5,3.4,295.1
1642,Pune,Hinjewadi,2,1,1716,22,2,1,28,Semi-Furnished,11.1,3.1,7.9,8,96.1
1643,Hyderabad,Madhapur,3,2,2545,24,3,2,25,Furnished,7.2,3.7,6.8,8.4,234.6
1644,Pune,Wakad,3,3,1663,17,2,3,8,Semi-Furnished,9.2,3.8,2.6,9.2,115.5
1645,Chennai,Tambaram,4,4,2843,0,2,20,20,Semi-Furnished,3.5,3.1,0.4,4,196.3
1646,Hyderabad,Madhapur,4,3,2145,22,2,2,13,Semi-Furnished,12.2,2.6,2.1,1.8,200.8
1647,Bengaluru,Electronic City,5,5,2321,14,1,2,14,Unfurnished,1.6,4.4,5.4,5.2,207.4
1648,Pune,Baner,5,5,2715,21,2,6,7,Semi-Furnished,14.9,4.2,5.9,2.8,228
1649,Bengaluru,Marathahalli,3,4,2403,25,2,6,8,Unfurnished,9.8,3,7.8,4.9,185.2
1650,Chennai,Porur,4,4,2139,14,3,9,20,Furnished,3.3,4.6,3.7,7.3,170.3
1651,Bengaluru,Marathahalli,2,1,1280,2,0,17,19,Semi-Furnished,4.6,2.9,3.2,4.3,112.9
1652,Chennai,Tambaram,5,4,3971,4,1,7,9,Semi-Furnished,3.5,3.7,3.8,5.5,245.6
1653,Bengaluru,HSR Layout,2,3,1595,18,0,5,6,Furnished,11.5,3.6,6.6,8.9,167.9
1654,Pune,Hinjewadi,5,5,4158,14,2,8,27,Unfurnished,11.9,3.6,2.7,2.8,288.3
1655,Hyderabad,Kukatpally,2,3,1426,2,2,2,23,Semi-Furnished,9.1,3.9,2.6,5.6,116.3
1656,Pune,Wakad,4,4,2835,8,3,6,18,Semi-Furnished,12.9,4.9,5.6,4.6,200.3
1657,Pune,Hinjewadi,2,1,1546,25,0,10,25,Semi-Furnished,8.3,4.5,1.1,9.4,101.5
1658,Pune,Hinjewadi,5,5,2358,20,3,3,5,Semi-Furnished,11.5,4.9,0.6,2.1,205.1
1659,Bengaluru,HSR Layout,4,4,3007,17,1,17,17,Semi-Furnished,3.6,3.2,5.7,7,324.1
1660,Chennai,Porur,4,3,2296,22,2,3,6,Semi-Furnished,7,4,6.9,8,153.9
1661,Bengaluru,Electronic City,3,4,1377,25,3,7,19,Semi-Furnished,11.5,4.6,5.4,8.9,106.7
1662,Chennai,Anna Nagar,1,1,675,21,0,4,16,Semi-Furnished,8,4,5.5,7.7,42
1663,Chennai,Anna Nagar,1,1,638,16,1,1,8,Semi-Furnished,4.8,3.7,0.7,9.3,41.7
1664,Bengaluru,HSR Layout,3,2,1756,12,3,5,8,Semi-Furnished,6,4.8,4.4,1.7,194.1
1665,Pune,Kharadi,5,6,4452,1,1,10,12,Furnished,12.1,4.1,3.1,5.6,377.5
1666,Pune,Hadapsar,3,2,1824,24,3,27,28,Semi-Furnished,4.6,2.6,3.6,9.4,115.5
1667,Pune,Wakad,4,4,3578,3,2,15,23,Semi-Furnished,10.7,2.9,7.3,7,244
1668,Bengaluru,Whitefield,5,6,3103,22,0,9,9,Furnished,5.1,3.4,5.7,3.7,336.6
1669,Bengaluru,HSR Layout,2,2,992,12,2,5,7,Semi-Furnished,4,3.1,3.6,4.5,122.6
1670,Bengaluru,Electronic City,3,4,2314,22,2,5,17,Semi-Furnished,5.3,4.1,3,3.6,186.4
1671,Pune,Baner,5,4,3989,2,3,2,5,Unfurnished,2.6,2.9,4.3,1.8,317
1672,Hyderabad,Kondapur,1,1,853,24,2,10,13,Semi-Furnished,10.5,2.6,4.8,8.4,38.7
1673,Pune,Kharadi,3,2,1613,18,1,12,22,Unfurnished,9.6,3.1,1.8,9.4,112.9
1674,Pune,Baner,1,2,812,5,0,6,22,Semi-Furnished,6.9,2.8,6,9.9,54
1675,Hyderabad,Gachibowli,2,2,1664,12,1,2,13,Furnished,13.8,2.8,6.8,2.2,155.6
1676,Bengaluru,Electronic City,5,4,2546,6,3,17,18,Unfurnished,6.4,3.4,6,1.8,225.2
1677,Hyderabad,Kondapur,2,2,1182,12,0,4,13,Unfurnished,2.6,3.1,6.9,1.6,93.7
1678,Pune,Baner,4,4,2086,25,3,0,6,Semi-Furnished,3.8,4.4,3.2,1.6,194.6
1679,Chennai,Tambaram,5,5,3708,18,1,5,25,Semi-Furnished,6.7,4.6,2.3,1.8,233.4
1680,Hyderabad,Madhapur,5,5,2260,5,2,2,15,Semi-Furnished,14.7,4.6,6.3,3.4,226.3
1681,Chennai,Porur,4,5,2088,5,1,0,23,Semi-Furnished,11.4,4.9,0.8,9.3,150.4
1682,Hyderabad,Kondapur,4,4,2988,6,1,2,16,Unfurnished,10.5,4,4.4,5.2,243.5
1683,Bengaluru,Whitefield,2,1,1196,0,2,3,14,Semi-Furnished,9.8,3.6,4.3,1.5,126.2
1684,Chennai,Porur,1,1,501,23,3,1,12,Semi-Furnished,8.8,3.3,7.5,3.3,20
1685,Pune,Wakad,1,1,698,25,0,14,22,Unfurnished,9.3,3.5,4.3,4.8,20
1686,Pune,Hinjewadi,4,3,2092,13,1,12,12,Semi-Furnished,5.7,3.2,5.7,2.8,167.4
1687,Hyderabad,Madhapur,2,1,1089,16,3,10,15,Furnished,0.5,3.3,6.7,2.5,121
1688,Hyderabad,Kondapur,2,1,1313,13,3,0,6,Semi-Furnished,4,4.3,4.7,1.2,132.4
1689,Pune,Kharadi,2,2,1769,23,1,2,9,Furnished,4.3,2.6,2.8,8.8,134.1
1690,Bengaluru,HSR Layout,1,1,643,4,0,0,8,Furnished,1.9,3,4.4,2.9,81.8
1691,Bengaluru,HSR Layout,2,2,1085,16,3,3,8,Unfurnished,11,3.1,6.7,4.7,94.3
1692,Bengaluru,HSR Layout,3,3,2375,12,2,25,29,Unfurnished,6.8,4.5,1.6,6.3,234.7
1693,Bengaluru,Electronic City,2,1,1647,25,2,6,12,Semi-Furnished,9.6,3.7,7.3,8.4,104.4
1694,Chennai,Velachery,5,6,3200,11,3,2,29,Semi-Furnished,2.8,3.5,7.7,4.3,262.8
1695,Hyderabad,Kondapur,4,5,2122,11,1,16,25,Unfurnished,13.8,3.5,1.1,5.3,185.4
1696,Bengaluru,HSR Layout,4,4,2126,9,3,8,29,Furnished,6,4.3,5.4,4,270.1
1697,Pune,Wakad,5,5,3273,4,2,11,11,Semi-Furnished,5.9,4.8,1.5,1.9,261.4
1698,Bengaluru,Indiranagar,4,4,3325,20,1,8,15,Unfurnished,10,3.5,2.8,7.7,324.2
1699,Hyderabad,Kukatpally,1,2,824,17,1,9,14,Semi-Furnished,9.7,4,6.1,7.8,53
1700,Hyderabad,Kukatpally,1,1,890,7,0,6,8,Furnished,7.8,3,3.9,1.3,55.3
1701,Bengaluru,Indiranagar,2,3,960,15,1,26,29,Semi-Furnished,14.2,3.2,5,8.3,105.9
1702,Hyderabad,Miyapur,2,3,1649,8,1,2,8,Furnished,14.7,3.5,1.8,7.9,113.2
1703,Pune,Kharadi,2,2,1557,8,1,18,28,Furnished,9.6,3.5,5.7,4.1,125.4
1704,Bengaluru,Marathahalli,1,2,521,23,2,1,5,Semi-Furnished,8.7,3.8,5.4,9.9,25.6
1705,Pune,Kharadi,3,4,1531,19,3,0,19,Semi-Furnished,13.4,3.1,2.8,6.4,110.5
1706,Pune,Hinjewadi,2,2,1704,24,0,6,8,Semi-Furnished,3.9,4,5.9,1.3,128.4
1707,Bengaluru,HSR Layout,2,2,1178,6,3,13,26,Furnished,9.9,3,5.6,5.8,127.2
1708,Hyderabad,Miyapur,5,5,2612,23,0,6,7,Semi-Furnished,3.4,2.7,2.2,5.9,178.1
1709,Hyderabad,Kondapur,5,4,2352,1,2,5,25,Furnished,0.8,3.8,6.7,4.8,251.8
1710,Hyderabad,Kukatpally,5,4,2546,19,0,4,12,Unfurnished,14.3,4.4,2.3,9.1,178.9
1711,Chennai,Porur,3,3,1472,6,2,1,11,Semi-Furnished,10.5,3.9,5.5,5.4,114.2
1712,Hyderabad,Madhapur,5,6,2490,2,2,15,30,Unfurnished,10.6,2.7,4.1,2.8,227.9
1713,Hyderabad,Miyapur,3,2,1627,9,3,0,26,Unfurnished,14,3.9,5.3,3.6,94.4
1714,Pune,Baner,3,3,2342,22,0,29,29,Semi-Furnished,14.6,3.7,4.2,5.4,165.6
1715,Pune,Wakad,5,4,3228,17,0,5,6,Semi-Furnished,9.3,2.8,7.9,2.1,223.3
1716,Chennai,Velachery,2,2,1021,11,2,0,6,Semi-Furnished,1.4,3.3,2.9,4.7,94.4
1717,Bengaluru,Indiranagar,1,2,730,8,2,5,15,Furnished,2.8,4.1,6,9,85.5
1718,Chennai,Anna Nagar,4,3,3249,14,2,16,21,Furnished,5.5,3.5,2.5,6.1,310.7
1719,Bengaluru,Whitefield,1,1,504,18,2,14,18,Semi-Furnished,10,3.5,3.1,8,33.4
1720,Bengaluru,HSR Layout,4,3,2733,4,3,4,17,Semi-Furnished,5.6,3.4,2.3,8.9,298.5
1721,Hyderabad,Gachibowli,3,3,1577,7,0,16,17,Semi-Furnished,14.4,4.7,2.3,8.1,150.8
1722,Hyderabad,Gachibowli,1,2,659,17,0,8,26,Furnished,12.1,2.8,1.3,2.3,54.7
1723,Bengaluru,HSR Layout,5,4,2748,11,1,3,9,Unfurnished,2.4,2.9,1.5,1.1,286.8
1724,Chennai,Velachery,5,5,3716,19,2,0,6,Unfurnished,0.8,4.4,2.4,6.4,266.3
1725,Chennai,OMR,1,1,627,21,0,10,29,Unfurnished,14.5,4.9,7.4,2.5,28.2
1726,Bengaluru,Whitefield,4,4,2040,20,2,17,20,Furnished,9.1,3.7,2.2,2.1,232.9
1727,Hyderabad,Gachibowli,3,2,2623,9,2,4,12,Unfurnished,5.1,4.4,6.4,5.6,234.6
1728,Chennai,Anna Nagar,4,5,3438,14,2,28,28,Semi-Furnished,8.3,2.9,5.2,7.1,298.7
1729,Bengaluru,Whitefield,4,4,3348,11,3,20,22,Semi-Furnished,0.6,5,3.9,6.3,342
1730,Bengaluru,Whitefield,2,3,1156,7,3,18,24,Unfurnished,12.3,3.9,7.7,9.2,109.2
1731,Chennai,OMR,5,5,3014,18,0,13,18,Semi-Furnished,0.9,3.2,7.2,5.7,237.4
1732,Pune,Hinjewadi,4,3,3290,1,3,13,15,Semi-Furnished,3.7,4.4,3.2,9,253
1733,Chennai,Velachery,4,5,1990,7,3,17,26,Unfurnished,8.9,3.9,1.4,3,158.5
1734,Chennai,Velachery,4,5,3061,19,1,19,25,Furnished,4.6,3.3,6.3,5.5,258.4
1735,Chennai,OMR,5,5,3004,7,1,2,13,Unfurnished,7.8,4.4,2.4,5.1,215.9
1736,Hyderabad,Kondapur,3,3,2165,19,0,10,15,Semi-Furnished,4.4,4.9,7.4,4.5,193.5
1737,Pune,Hinjewadi,2,2,1068,11,3,1,6,Furnished,3.4,4.1,5.1,4,105.1
1738,Chennai,Velachery,2,1,1229,20,1,12,21,Unfurnished,4.3,4.8,1.4,4.9,82.4
1739,Hyderabad,Kukatpally,2,1,1397,9,1,4,24,Furnished,0.6,2.7,3.9,9.3,100.3
1740,Hyderabad,Kondapur,2,2,1315,12,1,0,20,Semi-Furnished,14.8,4.5,6.1,9.7,89.5
1741,Bengaluru,Marathahalli,2,1,1209,17,2,1,5,Unfurnished,6.4,4.2,0.7,6.2,101.7
1742,Bengaluru,Electronic City,5,5,4254,19,3,0,7,Unfurnished,9.8,3,4.8,4.1,303
1743,Bengaluru,HSR Layout,3,4,1925,22,3,5,7,Semi-Furnished,9.1,2.5,3.8,10,200.7
1744,Bengaluru,HSR Layout,1,1,856,24,2,25,28,Furnished,2.2,3.1,7.7,6.9,84
1745,Hyderabad,Kondapur,3,4,1943,14,2,7,12,Unfurnished,11.2,4,7.6,4.2,157.8
1746,Hyderabad,Gachibowli,4,5,2676,13,3,1,15,Semi-Furnished,10,4.1,6.1,1.6,257.2
1747,Bengaluru,Marathahalli,1,1,694,17,0,2,18,Semi-Furnished,9.4,2.9,2.2,7.1,40.9
1748,Pune,Hinjewadi,4,5,3095,13,1,7,15,Unfurnished,3.1,3.7,4.5,6.3,216.9
1749,Bengaluru,Indiranagar,5,5,4349,11,3,7,12,Unfurnished,4.4,2.9,2.7,1.2,448.6
1750,Bengaluru,Indiranagar,3,3,2516,24,1,11,12,Semi-Furnished,3.3,3.1,3,6.9,273.9
1751,Pune,Kharadi,5,5,2769,15,2,7,8,Semi-Furnished,3.2,4.2,3.5,6.1,251.1
1752,Chennai,Velachery,5,5,2418,3,0,8,29,Semi-Furnished,0.6,3.5,3,7.3,213.8
1753,Bengaluru,Indiranagar,4,4,3584,11,0,4,30,Semi-Furnished,14.9,3.3,3,9.7,388.7
1754,Pune,Baner,4,4,3338,12,3,8,18,Semi-Furnished,7.8,4,1.5,3.5,285.9
1755,Chennai,Anna Nagar,1,1,607,13,1,0,15,Furnished,8.8,4.9,3.5,4.4,65.9
1756,Hyderabad,Madhapur,1,2,842,4,3,15,18,Unfurnished,14.2,4.3,5.7,6.5,68.8
1757,Bengaluru,Electronic City,3,3,1499,4,0,6,14,Furnished,9.9,4.8,1.7,8.1,140.9
1758,Pune,Kharadi,5,4,3425,11,3,18,28,Semi-Furnished,13.2,3.4,7,3.6,272.2
1759,Pune,Hinjewadi,2,2,1565,19,1,4,7,Semi-Furnished,10.3,4.9,7.9,2.3,106.9
1760,Pune,Wakad,1,1,612,2,3,12,20,Semi-Furnished,6.8,3.5,3.4,3,45.7
1761,Pune,Wakad,1,1,484,4,1,0,5,Furnished,10.9,3.8,4.2,3.4,34.8
1762,Chennai,Porur,2,2,1670,6,3,18,19,Semi-Furnished,14.2,3.8,7.5,7.2,98
1763,Pune,Hinjewadi,2,3,908,10,2,9,24,Furnished,13.2,4,0.5,9.9,84.4
1764,Chennai,Porur,1,1,893,6,1,9,13,Semi-Furnished,13,4.8,7.5,4.4,56.1
1765,Hyderabad,Gachibowli,1,1,599,12,0,11,20,Semi-Furnished,8.1,4.2,5.8,1.5,62.6
1766,Bengaluru,Marathahalli,5,4,3420,8,0,2,6,Unfurnished,3.8,3.4,3.3,5.6,279.7
1767,Bengaluru,Electronic City,2,1,1181,16,1,9,20,Semi-Furnished,5.4,2.6,0.6,6.8,81
1768,Pune,Hadapsar,3,4,1927,14,0,14,20,Semi-Furnished,0.7,4.9,5,2.4,151.7
1769,Hyderabad,Kukatpally,5,5,4231,22,0,2,18,Unfurnished,7.8,3.5,7.9,5.7,267.8
1770,Hyderabad,Miyapur,5,6,3828,14,2,23,23,Semi-Furnished,3.2,3,3.5,5.3,259
1771,Chennai,OMR,3,3,2117,6,2,2,16,Semi-Furnished,6.4,3.6,1.5,4.3,162.9
1772,Bengaluru,HSR Layout,5,5,3406,5,3,4,17,Unfurnished,13.6,4.3,2.9,1.4,351.5
1773,Chennai,Tambaram,4,5,3038,6,0,6,29,Unfurnished,11.9,3.4,1.5,8.4,157.4
1774,Pune,Kharadi,5,5,3294,10,0,11,25,Furnished,10.7,2.9,1.3,5.7,292
1775,Pune,Hinjewadi,2,1,1723,17,3,0,11,Semi-Furnished,8.6,3.7,7.1,8.6,115.9
1776,Bengaluru,Marathahalli,2,3,1712,15,3,3,19,Unfurnished,11.4,3.2,2.8,7.2,129.2
1777,Pune,Wakad,1,1,454,14,0,1,9,Unfurnished,2.3,4.6,1.4,3.7,35.7
1778,Bengaluru,Whitefield,3,4,2265,15,0,19,29,Furnished,11.8,4.8,7.5,7.1,237.8
1779,Pune,Hinjewadi,4,4,3253,19,3,12,16,Semi-Furnished,6.9,3.2,5,7.5,237.5
1780,Bengaluru,HSR Layout,3,3,1382,0,2,2,9,Furnished,12.6,4.9,7.9,4.4,179.9
1781,Bengaluru,Indiranagar,5,5,2996,4,0,2,23,Semi-Furnished,3.8,4.1,0.4,1.2,375.2
1782,Pune,Wakad,4,3,3361,3,2,20,20,Semi-Furnished,1.4,4.9,0.6,7.3,244
1783,Pune,Wakad,4,3,1862,16,0,6,9,Semi-Furnished,8.7,3,2.3,5.2,130.9
1784,Pune,Hadapsar,2,2,1226,9,1,15,16,Furnished,9.1,2.8,4.7,5.2,75.5
1785,Chennai,Tambaram,2,3,1548,12,2,26,26,Unfurnished,2.5,4.7,1,10,95.8
1786,Bengaluru,Indiranagar,4,4,2099,24,1,6,14,Semi-Furnished,4.1,4.7,7.2,9.9,243.8
1787,Bengaluru,Electronic City,1,1,865,1,1,4,5,Semi-Furnished,0.9,3.3,6,8.1,70.3
1788,Hyderabad,Miyapur,3,3,1776,4,3,6,8,Furnished,3.2,2.6,5.3,7.5,150.1
1789,Chennai,Tambaram,2,3,1512,22,1,0,30,Unfurnished,1.1,4.3,4.8,5.7,89.5
1790,Bengaluru,Whitefield,5,6,4384,3,0,30,30,Semi-Furnished,12.4,4.9,1.6,6.8,447.1
1791,Chennai,Anna Nagar,1,1,728,19,1,21,24,Unfurnished,11.1,2.6,2.3,3,39.3
1792,Pune,Hinjewadi,2,3,1303,5,0,2,21,Unfurnished,2.2,4.1,4.3,4.1,117.9
1793,Chennai,Tambaram,3,4,1357,11,1,1,7,Unfurnished,5.4,3.9,1.9,8,86.7
1794,Pune,Kharadi,2,3,1533,16,2,1,9,Semi-Furnished,14.8,4.4,1.4,4.8,110.2
1795,Pune,Baner,1,1,657,25,3,15,18,Semi-Furnished,1.7,3.7,3.4,9.1,51.5
1796,Bengaluru,Indiranagar,2,3,1457,16,2,0,5,Semi-Furnished,6.1,4.4,5.2,5.1,167.8
1797,Bengaluru,HSR Layout,4,5,2690,14,0,22,23,Semi-Furnished,6.8,3.5,7.6,9.9,279.7
1798,Bengaluru,Marathahalli,5,4,4149,9,1,10,30,Semi-Furnished,1.8,3.3,5.1,5.3,364.4
1799,Chennai,Porur,4,5,2406,0,1,11,22,Furnished,8.1,3.3,7.4,9.3,187.4
1800,Chennai,OMR,4,3,3398,12,2,17,20,Semi-Furnished,8.7,4.9,1.4,9.6,250.7
1801,Pune,Baner,1,2,491,20,0,8,14,Semi-Furnished,1,4.1,6.3,1,50.9
1802,Chennai,Anna Nagar,5,5,4391,14,3,14,16,Furnished,9.5,4.1,6.3,6.3,396.4
1803,Hyderabad,Madhapur,3,2,1480,20,3,1,25,Semi-Furnished,2.7,4.4,0.5,7,151.8
1804,Bengaluru,HSR Layout,2,2,1771,6,3,6,24,Furnished,9.6,2.5,1.6,1.4,208.1
1805,Pune,Wakad,1,1,865,8,1,13,17,Unfurnished,10.6,3.9,3.1,5.2,54.3
1806,Chennai,OMR,3,4,1538,25,2,6,14,Furnished,14.4,3.4,3.4,8,111.2
1807,Hyderabad,Kukatpally,5,6,3103,11,2,5,13,Unfurnished,5.1,2.7,3.2,4.9,228.9
1808,Pune,Baner,5,5,3346,16,1,9,30,Semi-Furnished,12.9,4.2,7.4,6.9,279
1809,Bengaluru,Indiranagar,4,4,2689,12,2,10,21,Unfurnished,0.6,4.2,3.8,4.3,299.4
1810,Chennai,Velachery,2,3,1689,25,1,26,26,Semi-Furnished,4.7,4.7,5.9,10,122.6
1811,Hyderabad,Kondapur,1,1,613,25,0,1,16,Semi-Furnished,8.1,3.5,1.6,8.4,24.1
1812,Bengaluru,Electronic City,2,2,1480,1,3,7,19,Furnished,7.5,2.9,7.8,3.8,136.8
1813,Chennai,OMR,2,1,964,13,1,11,15,Unfurnished,0.8,2.8,5.7,1,82.4
1814,Hyderabad,Madhapur,5,4,3526,6,2,1,12,Unfurnished,7.1,3.2,5.6,7.1,294.3
1815,Bengaluru,Indiranagar,5,5,3020,2,0,2,8,Unfurnished,5.4,2.6,8,2.5,325.8
1816,Pune,Baner,2,3,1760,21,3,10,10,Semi-Furnished,10.4,3.8,4.1,5.8,135.5
1817,Chennai,Anna Nagar,3,3,1514,8,3,6,6,Semi-Furnished,13.7,2.7,2.1,1.8,137.2
1818,Chennai,Anna Nagar,3,3,1800,22,3,1,27,Furnished,6.4,3.7,4.5,2,174.6
1819,Bengaluru,Indiranagar,3,4,1545,4,0,10,26,Furnished,5.7,3.6,5.9,8.8,194.7
1820,Pune,Baner,1,1,835,13,0,8,21,Semi-Furnished,7.8,4.5,3.7,2.4,67.5
1821,Hyderabad,Kukatpally,5,5,2593,19,3,0,12,Semi-Furnished,3.7,4,2.9,1.7,224.9
1822,Hyderabad,Kondapur,3,2,2025,23,1,6,9,Semi-Furnished,10.2,2.7,1.6,7.8,148.4
1823,Bengaluru,Marathahalli,5,4,3513,16,2,4,7,Semi-Furnished,1,3.4,6.6,4.6,318.6
1824,Bengaluru,Marathahalli,2,2,1009,7,2,7,9,Semi-Furnished,5.7,3.4,1.7,6.5,91.5
1825,Chennai,Anna Nagar,5,4,3418,20,2,1,11,Semi-Furnished,10.7,4.1,2.2,8.9,288.6
1826,Hyderabad,Gachibowli,2,3,1395,3,0,0,15,Semi-Furnished,10.3,2.8,5.5,5.2,120.5
1827,Chennai,OMR,4,4,3555,5,0,4,18,Semi-Furnished,1.4,2.6,4.2,3.1,265.2
1828,Bengaluru,Whitefield,5,5,3876,18,0,10,30,Semi-Furnished,10.3,3.6,4,8,370.1
1829,Pune,Kharadi,1,2,779,9,2,23,24,Semi-Furnished,11,3.4,1.8,3.3,56.9
1830,Hyderabad,Madhapur,1,1,847,20,3,25,28,Semi-Furnished,8.5,3.9,0.6,2.9,82.4
1831,Chennai,OMR,2,2,1415,12,3,12,29,Unfurnished,9.8,2.6,0.4,8,93
1832,Chennai,Tambaram,4,4,2409,20,0,22,22,Semi-Furnished,3.8,3.6,4.2,1.4,161.4
1833,Bengaluru,Indiranagar,2,1,949,24,2,3,8,Unfurnished,5.8,2.8,2.7,2.3,85.8
1834,Bengaluru,Electronic City,2,2,932,24,1,23,26,Unfurnished,11.3,3.5,1.2,8,55.8
1835,Pune,Hinjewadi,2,1,1564,22,3,11,12,Semi-Furnished,0.4,4.4,4.9,3.8,122.6
1836,Pune,Wakad,1,1,461,11,1,4,7,Semi-Furnished,1.7,2.6,3.9,1.1,31.2
1837,Bengaluru,Electronic City,5,5,2362,25,2,2,8,Unfurnished,0.3,3.4,6.2,8.9,197.2
1838,Hyderabad,Miyapur,3,3,2090,8,2,15,18,Unfurnished,6.1,3.3,6.6,6.4,131.1
1839,Pune,Hinjewadi,2,3,1356,23,0,24,27,Semi-Furnished,7.6,4.4,6.8,3.2,96.4
1840,Hyderabad,Madhapur,4,5,3389,14,1,2,5,Semi-Furnished,3.3,2.7,4.5,8.7,305.4
1841,Chennai,OMR,2,2,1122,21,2,12,26,Furnished,4.7,4.5,7.1,2.6,92.6
1842,Bengaluru,Whitefield,3,2,1496,25,3,3,18,Semi-Furnished,2.8,4.2,3.2,3.7,154.4
1843,Pune,Hadapsar,4,4,2651,8,3,2,5,Semi-Furnished,5.8,4.9,3.3,5.6,199.9
1844,Hyderabad,Madhapur,4,4,1806,0,2,7,22,Semi-Furnished,9.1,4.1,3.4,3,201.8
1845,Chennai,Porur,2,2,1698,22,0,20,26,Unfurnished,14,3.5,4.9,3.5,67.9
1846,Chennai,OMR,4,4,2985,3,0,14,22,Unfurnished,7.8,3.2,1.3,2.7,200.7
1847,Hyderabad,Kukatpally,5,6,2468,15,2,14,26,Semi-Furnished,11,4.6,4.3,3.3,207.8
1848,Chennai,Porur,5,6,2482,10,1,1,9,Semi-Furnished,1.8,3.9,3.5,4,195.9
1849,Hyderabad,Miyapur,5,4,2288,13,0,6,20,Semi-Furnished,10.3,4.9,5.7,4.7,165.5
1850,Pune,Wakad,1,1,755,14,2,14,16,Furnished,11.2,4.4,1.1,6.4,52.8
1851,Bengaluru,Indiranagar,5,4,2613,18,1,18,21,Semi-Furnished,13.3,2.6,4.4,9.5,290.1
1852,Hyderabad,Madhapur,1,2,489,13,3,6,16,Semi-Furnished,10.5,2.8,2,9.9,30.1
1853,Hyderabad,Madhapur,1,2,764,16,2,9,13,Unfurnished,12.7,3.3,4.9,1.5,54.5
1854,Bengaluru,Marathahalli,3,3,2110,16,2,7,21,Semi-Furnished,6.4,4.9,7,7.1,198.8
1855,Hyderabad,Madhapur,4,4,3300,6,1,5,9,Semi-Furnished,13.4,2.8,6.5,1.6,294.7
1856,Bengaluru,Electronic City,5,4,3290,15,3,1,10,Furnished,14.9,4.3,3.4,1.3,300
1857,Pune,Wakad,5,5,3716,8,0,11,11,Semi-Furnished,3.9,3.1,2.7,3,263.9
1858,Bengaluru,Whitefield,4,5,2867,21,2,19,29,Unfurnished,8.9,4.2,2.7,8.9,262.4
1859,Pune,Wakad,3,2,2501,23,1,3,27,Semi-Furnished,9.6,4.7,2.8,9.5,166.3
1860,Pune,Kharadi,5,4,2522,6,1,15,24,Unfurnished,6.5,2.6,5.6,2.1,204.7
1861,Chennai,OMR,2,2,1035,20,1,5,25,Semi-Furnished,14.2,2.7,5,8.9,58.8
1862,Bengaluru,Whitefield,4,4,2178,23,1,10,18,Semi-Furnished,0.4,4.7,1.1,8.1,230.7
1863,Bengaluru,Electronic City,5,5,2886,21,0,4,10,Unfurnished,12.6,3.4,5.7,3.8,213.5
1864,Hyderabad,Gachibowli,5,6,2516,10,3,0,13,Semi-Furnished,8.7,2.8,4.1,2.7,264.2
1865,Hyderabad,Madhapur,4,3,2455,9,1,13,14,Semi-Furnished,1.6,4.1,0.7,9.2,233.3
1866,Hyderabad,Gachibowli,1,1,612,12,2,8,24,Unfurnished,8.8,5,0.6,9.6,47.6
1867,Pune,Kharadi,4,5,3028,5,1,11,23,Unfurnished,8.2,2.7,2.2,8.5,224.2
1868,Bengaluru,Marathahalli,1,1,851,25,2,4,9,Semi-Furnished,12.9,3.2,3.2,7.1,49.2
1869,Bengaluru,Electronic City,4,4,2212,25,2,16,26,Semi-Furnished,3.6,3.1,1.9,4.3,200
1870,Pune,Kharadi,5,5,2402,16,3,25,29,Semi-Furnished,4.5,3.2,5.9,2.6,224.6
1871,Bengaluru,Marathahalli,3,3,1392,14,2,5,11,Furnished,0.5,4.7,1.6,7.8,159.7
1872,Chennai,Porur,3,4,2643,0,1,13,23,Furnished,9.2,4.9,2.5,2.9,200.1
1873,Pune,Kharadi,3,2,1879,14,0,17,30,Semi-Furnished,0.3,4.4,6.4,4.1,151.2
1874,Pune,Wakad,3,3,2600,20,3,12,26,Semi-Furnished,6.6,3.6,4.4,6.2,174.4
1875,Pune,Hinjewadi,4,3,3586,13,0,4,7,Semi-Furnished,13.6,2.7,7.7,2.9,246.6
1876,Pune,Hinjewadi,3,4,2333,11,3,10,18,Unfurnished,5.2,3.9,4.2,9.5,173.1
1877,Pune,Kharadi,3,3,2502,23,1,4,11,Semi-Furnished,14.6,3.4,7.1,9.9,167.1
1878,Chennai,OMR,3,3,1384,20,2,13,30,Semi-Furnished,10.7,4.5,2.1,4.1,100.3
1879,Chennai,Velachery,5,6,2545,15,1,14,15,Unfurnished,14.4,4.6,2.8,9.8,191.8
1880,Bengaluru,Marathahalli,3,4,2226,23,1,12,29,Furnished,4.7,5,0.8,4.7,228.5
1881,Chennai,Porur,2,3,1780,17,0,12,26,Unfurnished,7.8,3.1,5.8,1.8,102.4
1882,Bengaluru,Indiranagar,5,6,3615,2,1,2,5,Semi-Furnished,7.7,3.4,7.3,9.1,416.3
1883,Chennai,Porur,4,5,1899,6,3,13,15,Unfurnished,14.2,4.4,2,3.7,133.6
1884,Chennai,Tambaram,5,6,3251,7,0,2,22,Semi-Furnished,2.4,3.1,3.7,4.8,213.4
1885,Hyderabad,Kukatpally,2,1,1357,9,2,14,16,Semi-Furnished,6.5,4.2,7.2,4.5,108.9
1886,Pune,Hadapsar,3,2,2393,19,3,8,20,Semi-Furnished,14.5,4.6,5,7.2,147.6
1887,Chennai,Porur,3,3,2553,11,1,14,19,Semi-Furnished,13.2,4.7,7.7,8.1,150.7
1888,Pune,Kharadi,5,6,3402,0,2,0,9,Furnished,7.3,3.7,0.9,6.4,311.6
1889,Chennai,OMR,1,1,836,15,1,24,25,Unfurnished,9.4,2.6,0.5,7.5,40.1
1890,Chennai,OMR,4,4,2615,11,1,11,12,Unfurnished,4.1,3.1,7.9,8.2,181.4
1891,Pune,Baner,2,2,1084,6,1,13,18,Furnished,9.5,4.8,5.5,1.1,117.3
1892,Chennai,Tambaram,1,1,485,1,1,9,14,Furnished,10.1,4.6,0.9,6.4,42.8
1893,Pune,Baner,1,1,730,3,2,6,21,Semi-Furnished,6.8,4.8,3.4,1.7,78.1
1894,Pune,Kharadi,4,3,2845,20,3,15,21,Semi-Furnished,4.4,3.7,4.8,4.6,230.5
1895,Pune,Hadapsar,2,1,1658,11,1,12,16,Semi-Furnished,9.1,3.4,4.4,6.6,92.7
1896,Bengaluru,HSR Layout,2,1,1647,5,1,13,20,Furnished,12.9,3.3,6.8,7.1,172.9
1897,Pune,Wakad,2,1,1159,1,2,3,7,Furnished,8.1,3.4,2.7,3.8,102.1
1898,Bengaluru,Marathahalli,5,4,3287,14,2,4,10,Semi-Furnished,13,4.6,0.3,3.9,294.6
1899,Hyderabad,Gachibowli,2,2,1701,16,3,7,25,Furnished,14.9,3.8,6.1,7.3,161.5
1900,Pune,Baner,4,5,2419,3,1,3,7,Furnished,1.3,4.2,0.4,4.2,246.7
1901,Chennai,Tambaram,3,2,2065,6,2,5,25,Semi-Furnished,7.4,4,2.9,6.6,129.2
1902,Chennai,OMR,2,3,1238,11,0,14,17,Semi-Furnished,9.4,3,1.9,8.7,85.7
1903,Chennai,Porur,5,4,4493,22,0,1,28,Furnished,14.4,2.7,2.3,4.5,276.9
1904,Bengaluru,Electronic City,2,1,1605,19,2,14,23,Semi-Furnished,3.8,4.4,0.7,6.3,138.6
1905,Bengaluru,Whitefield,5,5,2883,15,1,1,14,Furnished,4.6,3.5,1.8,1.8,339.7
1906,Chennai,Anna Nagar,2,1,964,10,1,1,6,Unfurnished,4.7,2.5,3.7,1.8,84.2
1907,Hyderabad,Miyapur,4,4,3057,17,2,24,26,Semi-Furnished,7,4.4,5.8,3.1,216.1
1908,Chennai,Anna Nagar,1,1,755,18,0,6,9,Furnished,12.9,4,2.9,1.5,53.3
1909,Hyderabad,Miyapur,1,1,664,3,3,12,25,Semi-Furnished,1.6,2.6,6.1,8.6,51.6
1910,Bengaluru,HSR Layout,3,3,1602,12,1,16,18,Furnished,2.4,2.7,6.5,4.2,196.2
1911,Bengaluru,Indiranagar,5,6,2848,0,1,8,25,Semi-Furnished,12,4.3,6,1.1,350.9
1912,Bengaluru,Electronic City,4,4,3356,4,3,5,6,Unfurnished,2.4,2.6,5.3,5.2,267.4
1913,Chennai,Porur,4,4,2320,25,1,14,22,Furnished,2.3,3.4,2.6,2.7,177.5
1914,Hyderabad,Kondapur,5,4,2853,20,3,3,5,Unfurnished,8.4,2.9,7.5,2.6,218.9
1915,Chennai,Anna Nagar,4,4,2723,25,3,19,27,Furnished,0.8,3.9,2.3,1.8,271.7
1916,Chennai,Tambaram,4,4,2218,1,0,10,17,Semi-Furnished,5.4,4.5,2,6,156.9
1917,Pune,Kharadi,3,4,2606,19,1,3,7,Semi-Furnished,14.4,3.5,1.3,9.3,192.3
1918,Hyderabad,Gachibowli,1,1,734,12,0,7,13,Furnished,4.3,4.4,7.2,1.7,78.7
1919,Hyderabad,Madhapur,5,4,3099,10,0,23,29,Semi-Furnished,12.9,3.8,6.4,7.9,282.9
1920,Bengaluru,Marathahalli,3,3,1500,18,0,7,13,Furnished,11,4.9,2.1,5,150.2
1921,Chennai,OMR,4,5,2240,20,0,10,23,Semi-Furnished,2.1,4.3,4.1,8.3,173.4
1922,Pune,Hadapsar,4,4,2578,22,1,5,23,Semi-Furnished,10,4.2,5.4,8.9,160.2
1923,Bengaluru,Marathahalli,1,1,719,6,1,5,12,Unfurnished,6.7,3.8,2.9,5.8,55
1924,Pune,Kharadi,4,5,2828,0,3,5,13,Furnished,3.4,4.9,6,6.2,277.5
1925,Pune,Baner,2,1,1136,11,1,7,7,Semi-Furnished,5.3,4.5,2.8,6.7,105.8
1926,Pune,Baner,5,6,3382,2,0,20,27,Unfurnished,8,4.2,7.9,2.4,273.3
1927,Hyderabad,Gachibowli,5,6,3988,8,2,4,12,Semi-Furnished,5.5,3.3,6.2,8,381.3
1928,Hyderabad,Miyapur,4,5,2884,19,3,11,12,Unfurnished,12.2,3.9,1.9,7.6,184
1929,Hyderabad,Gachibowli,4,4,3514,1,0,23,29,Semi-Furnished,7.2,4.1,1.6,3.5,331.7
1930,Chennai,Porur,2,2,1690,21,1,12,20,Semi-Furnished,0.9,4.1,6.2,4.9,111.6
1931,Hyderabad,Miyapur,1,1,454,25,1,4,11,Semi-Furnished,1.3,4.6,7,4.9,25.7
1932,Pune,Kharadi,4,3,2508,10,2,6,13,Furnished,5.3,4,7.2,1.4,235.8
1933,Pune,Baner,4,4,2815,4,0,10,25,Semi-Furnished,6,4.2,6.4,6.6,230.5
1934,Bengaluru,Marathahalli,3,4,2260,23,1,16,30,Semi-Furnished,0.8,5,7.1,9.5,214.3
1935,Bengaluru,Marathahalli,2,1,1589,15,3,10,15,Semi-Furnished,1.5,2.9,1.7,3.3,152.4
1936,Chennai,Tambaram,4,4,2390,23,3,3,5,Semi-Furnished,11.7,2.6,4,4.1,140
1937,Hyderabad,Miyapur,5,4,4118,15,2,2,16,Unfurnished,10.2,3.2,1,3.8,253.8
1938,Chennai,Velachery,1,2,591,19,1,21,21,Semi-Furnished,7.9,4.1,5.4,5.3,38.8
1939,Pune,Baner,4,4,2992,1,3,2,5,Semi-Furnished,10.9,3.2,6.4,2.9,258.4
1940,Bengaluru,Indiranagar,5,6,4267,3,2,18,18,Unfurnished,2.3,2.5,4.8,7.9,456.7
1941,Hyderabad,Kukatpally,4,4,2411,3,2,5,11,Semi-Furnished,7.1,5,5.4,2,212.7
1942,Chennai,Tambaram,4,4,3369,9,2,10,12,Unfurnished,13.4,3.2,4.4,2.2,174.6
1943,Chennai,Tambaram,5,5,3893,8,0,5,12,Unfurnished,14.5,4.1,2.7,4.5,206.4
1944,Chennai,Tambaram,2,2,1055,7,1,11,22,Furnished,5.4,2.5,6.3,7.7,70.8
1945,Chennai,Tambaram,5,5,4248,11,0,13,25,Semi-Furnished,2.5,4.7,4.4,9.2,258.1
1946,Hyderabad,Madhapur,4,4,2288,6,2,0,19,Semi-Furnished,7.1,3.1,6.5,10,214.7
1947,Hyderabad,Kondapur,4,5,3275,25,1,1,14,Semi-Furnished,10.8,3.9,8,5.7,259.2
1948,Chennai,Anna Nagar,4,3,2051,14,0,9,11,Furnished,1.7,2.7,3,7.1,203.8
1949,Hyderabad,Gachibowli,4,3,2584,14,2,1,23,Semi-Furnished,6.6,4,7.6,3.8,252.8
1950,Pune,Wakad,1,1,746,25,1,17,26,Semi-Furnished,13.9,3.6,3.4,3.2,40.1
1951,Pune,Kharadi,2,2,1800,21,2,16,27,Semi-Furnished,0.9,2.6,1.3,5.8,130.8
1952,Hyderabad,Madhapur,2,2,1739,3,1,0,24,Unfurnished,3,4,7.3,3.8,152.9
1953,Chennai,Porur,2,3,1314,21,1,15,15,Semi-Furnished,11,3.5,6.2,9,78
1954,Chennai,Porur,1,1,810,24,0,1,26,Furnished,10.2,3.1,3.1,6.7,38
1955,Bengaluru,Indiranagar,1,1,885,10,1,13,26,Unfurnished,11,4.5,7.6,7.4,84.5
1956,Bengaluru,Marathahalli,5,6,4007,18,0,2,7,Semi-Furnished,14.4,4.5,1.6,3.4,355.5
1957,Chennai,Velachery,4,3,2021,18,3,20,30,Semi-Furnished,12.1,2.9,2.9,6.6,147.1
1958,Chennai,Tambaram,3,3,2123,11,1,5,10,Semi-Furnished,4.9,3.2,0.9,5.7,136.3
1959,Chennai,OMR,2,3,1360,6,0,10,26,Unfurnished,3.2,4.6,5.3,1.9,111.6
1960,Pune,Kharadi,5,5,2658,17,2,2,20,Unfurnished,10.1,2.9,7.6,3.3,201.6
1961,Bengaluru,HSR Layout,3,3,1472,3,0,7,10,Unfurnished,3.3,3.5,1.8,5.6,170.5
1962,Pune,Baner,4,5,1894,23,0,15,18,Semi-Furnished,14.6,3.1,3.9,2.3,156.9
1963,Hyderabad,Kukatpally,4,5,3211,2,3,1,10,Semi-Furnished,0.8,3.9,6.8,4.6,249.6
1964,Chennai,OMR,5,6,3160,1,1,5,26,Semi-Furnished,4.6,3.3,3.4,6.5,254.4
1965,Hyderabad,Miyapur,5,4,3893,1,2,21,27,Semi-Furnished,9.2,2.6,6.3,3.3,267.9
1966,Hyderabad,Miyapur,4,3,2269,9,1,3,15,Semi-Furnished,9,4.2,1.3,1.6,175.3
1967,Hyderabad,Madhapur,4,4,2986,12,3,3,5,Unfurnished,1.9,3.3,2.2,6.4,265.5
1968,Pune,Wakad,3,3,2172,25,0,2,9,Unfurnished,8.7,4.8,0.5,7.4,132.8
1969,Chennai,Porur,1,1,892,19,1,5,11,Semi-Furnished,11.4,4.6,1.8,8.6,44.1
1970,Hyderabad,Kukatpally,3,4,1840,25,2,7,7,Semi-Furnished,13.8,3.4,2,7.2,121
1971,Hyderabad,Madhapur,1,1,474,25,0,8,9,Unfurnished,1.5,3.3,4.3,6.7,35.2
1972,Hyderabad,Madhapur,3,4,1554,15,3,7,7,Semi-Furnished,3,3.4,4.2,9.2,164
1973,Chennai,OMR,2,2,1615,12,0,2,15,Furnished,3.9,4.5,6.2,6.7,127.8
1974,Bengaluru,HSR Layout,4,5,2944,8,0,17,29,Semi-Furnished,12.5,3.6,7,4.9,300.8
1975,Pune,Baner,2,2,1232,20,3,20,26,Semi-Furnished,3.7,2.7,6.2,7.8,85.9
1976,Bengaluru,HSR Layout,3,4,2274,10,3,13,13,Semi-Furnished,11.7,3.3,2.5,5.8,232.6
1977,Chennai,Tambaram,2,1,1454,2,2,0,17,Furnished,12.7,2.9,0.7,6.3,91.2
1978,Chennai,Porur,3,4,2196,3,0,0,8,Semi-Furnished,14.9,3.7,2.7,5,136.1
1979,Chennai,Tambaram,3,4,1656,16,3,2,9,Semi-Furnished,8.7,3.2,2.9,9.5,104.9
1980,Bengaluru,Marathahalli,1,1,800,12,2,13,28,Unfurnished,6.6,4.3,5.9,2.6,73.8
1981,Pune,Hinjewadi,2,2,1319,25,3,4,6,Semi-Furnished,6.8,3.6,3.8,6.4,92.7
1982,Bengaluru,Marathahalli,5,6,2841,12,1,14,20,Semi-Furnished,13.2,4.5,7.4,1.6,274.7
1983,Hyderabad,Kukatpally,2,2,1026,4,3,2,10,Semi-Furnished,0.7,3.8,7.2,9.2,86.3
1984,Bengaluru,HSR Layout,2,2,953,25,1,9,11,Semi-Furnished,3.6,3.2,0.5,4.6,106.5
1985,Hyderabad,Kukatpally,5,5,3178,21,0,11,17,Semi-Furnished,3,3.6,7.1,3.9,234
1986,Chennai,OMR,2,2,1148,15,0,6,6,Semi-Furnished,14.1,3.1,7.1,6,60
1987,Pune,Baner,2,1,1019,18,0,2,13,Semi-Furnished,14.5,4.8,4.4,1.1,70.4
1988,Pune,Kharadi,3,3,2097,10,0,17,20,Furnished,14.3,3.9,5.2,5,167.4
1989,Bengaluru,Whitefield,2,2,1072,3,1,7,7,Unfurnished,13.5,4.1,5.8,3.9,96.9
1990,Pune,Wakad,5,5,4461,25,3,16,23,Semi-Furnished,2.6,4.7,4.1,8.4,316.4
1991,Chennai,Velachery,3,3,2187,5,0,18,20,Semi-Furnished,4.6,3.6,2.1,7.8,171.4
1992,Hyderabad,Kukatpally,1,1,615,2,0,8,10,Semi-Furnished,5.2,2.7,7.5,2.3,38
1993,Hyderabad,Gachibowli,4,4,2409,11,2,6,7,Unfurnished,7.6,2.8,7,1.6,225.2
1994,Chennai,Tambaram,4,4,3590,14,2,23,25,Unfurnished,1.6,2.9,5.5,6.1,189.1
1995,Bengaluru,Whitefield,2,3,956,15,2,11,14,Semi-Furnished,14.1,3,0.4,9.7,86.4
1996,Pune,Wakad,2,2,1307,17,0,1,18,Semi-Furnished,13,3.3,7.8,2.4,68.2
1997,Pune,Hinjewadi,3,3,2374,22,0,20,24,Semi-Furnished,1.6,2.6,1.1,4.9,177.4
1998,Pune,Wakad,1,1,629,2,1,0,6,Furnished,2.5,4.3,3,3.1,68.1
1999,Pune,Hinjewadi,3,3,2326,18,2,5,21,Semi-Furnished,1.7,3.8,7.5,9.2,182.9
2000,Hyderabad,Gachibowli,4,4,3442,19,3,4,7,Semi-Furnished,14.6,4.8,3.9,8.5,310.4
2001,Hyderabad,Kondapur,2,2,1474,25,3,9,12,Semi-Furnished,5.9,3.4,0.9,9.3,110.8
2002,Hyderabad,Madhapur,3,4,2270,7,3,25,27,Semi-Furnished,2.7,4.4,2.6,6.7,221.8
2003,Chennai,Anna Nagar,5,6,4375,15,1,12,24,Semi-Furnished,1.8,4.8,6.1,8.7,380
2004,Hyderabad,Madhapur,5,4,3177,8,0,9,25,Unfurnished,7.2,4.7,7.7,6.6,280
2005,Chennai,OMR,5,4,3966,22,2,7,20,Semi-Furnished,2.1,4.7,3.4,7.3,302.2
2006,Bengaluru,HSR Layout,3,3,2566,4,0,6,12,Semi-Furnished,3.6,4,1,9.6,284
2007,Hyderabad,Gachibowli,3,3,2305,7,0,3,27,Semi-Furnished,2.9,3,2.7,1.6,226.2
2008,Chennai,Tambaram,5,4,2297,20,0,8,21,Unfurnished,9.2,3.1,7.8,6.5,136.3
2009,Chennai,Tambaram,3,3,1673,18,1,30,30,Semi-Furnished,11.5,4,5.6,9.2,90.3
2010,Pune,Hinjewadi,3,3,2568,0,1,6,10,Semi-Furnished,2.6,3.3,5.9,3.1,201.8
2011,Hyderabad,Madhapur,2,1,1488,1,0,9,18,Furnished,6.2,4.7,5.3,3.7,152.3
2012,Pune,Wakad,3,3,1882,21,0,9,27,Unfurnished,3.9,3.5,4.1,2.3,129.4
2013,Hyderabad,Kukatpally,4,4,3461,8,1,6,24,Semi-Furnished,3.6,3.9,4.8,3.5,267.4
2014,Bengaluru,Electronic City,2,3,1471,22,1,14,15,Unfurnished,12.4,4.6,1.1,3,97.1
2015,Pune,Wakad,3,3,1859,20,1,1,6,Furnished,6.5,2.8,1.7,3.6,139.7
2016,Chennai,OMR,5,5,3031,22,3,0,10,Unfurnished,5.3,3.3,0.9,1.4,217.2
2017,Bengaluru,Electronic City,1,1,699,22,0,11,16,Semi-Furnished,12.9,2.6,4.8,9.7,25.9
2018,Hyderabad,Kondapur,2,2,1563,21,2,12,15,Semi-Furnished,1.4,4.1,3.2,4.4,129.3
2019,Chennai,Velachery,5,4,4241,24,0,2,23,Furnished,12.4,4.3,7.1,9.1,315.5
2020,Bengaluru,Electronic City,5,5,2530,19,3,5,8,Semi-Furnished,12.9,3.3,4.1,2.1,228
2021,Pune,Wakad,2,2,1184,13,1,3,5,Unfurnished,6.3,4.6,0.9,7,83.9
2022,Chennai,Tambaram,2,2,1034,0,0,13,19,Furnished,4.8,3.2,0.7,6.5,80.4
2023,Chennai,Tambaram,5,6,4136,2,2,10,11,Unfurnished,14.5,2.6,7.5,1.4,230
2024,Hyderabad,Gachibowli,1,1,595,24,3,3,28,Furnished,11,4,4,5.6,48.1
2025,Hyderabad,Miyapur,5,5,2406,8,3,3,26,Semi-Furnished,3.8,3.8,3.4,5.6,199.7
2026,Chennai,OMR,5,5,3972,19,0,1,16,Semi-Furnished,5.9,5,6.1,5.8,283.9
2027,Pune,Wakad,5,4,2299,15,1,15,27,Unfurnished,0.2,4.1,4.6,7.1,184.5
2028,Chennai,Tambaram,2,2,1369,6,2,9,18,Unfurnished,7.8,4.3,5.8,1.3,85.8
2029,Hyderabad,Kukatpally,5,6,4381,24,2,4,8,Semi-Furnished,4.4,3.9,3.5,9,311.4
2030,Pune,Baner,5,4,4030,12,3,11,19,Unfurnished,8.5,4.4,7.2,1.8,303.7
2031,Pune,Hinjewadi,3,3,2173,6,2,12,12,Unfurnished,0.9,4.1,3.7,6.3,162.3
2032,Hyderabad,Madhapur,3,3,2227,10,1,12,12,Semi-Furnished,7.3,4.5,0.4,2.8,212
2033,Pune,Hinjewadi,5,5,3952,3,2,8,14,Semi-Furnished,2.5,4.6,1.4,7,315.5
2034,Chennai,Anna Nagar,3,3,1398,21,0,9,15,Semi-Furnished,0.7,5,5.8,7,137.5
2035,Bengaluru,Marathahalli,4,5,3092,14,1,16,21,Semi-Furnished,4.8,2.7,2,2.8,287.1
2036,Chennai,Velachery,5,5,2493,0,0,2,23,Unfurnished,4.8,4,5.1,3,197.8
2037,Chennai,OMR,4,5,2443,8,3,12,29,Unfurnished,9.4,4.2,3.1,5.7,189.3
2038,Bengaluru,HSR Layout,3,3,2276,24,2,12,25,Unfurnished,2.7,3.1,1.3,9.1,211.1
2039,Chennai,Tambaram,4,5,3547,3,1,2,16,Semi-Furnished,7.9,4.3,6.7,1.9,219.6
2040,Bengaluru,Marathahalli,1,1,485,13,3,1,18,Semi-Furnished,12.1,4.6,2,2.1,47.1
2041,Chennai,Anna Nagar,4,3,2995,17,3,6,30,Semi-Furnished,5,3.7,5,8.5,262.9
2042,Chennai,Anna Nagar,3,3,1380,4,1,8,30,Semi-Furnished,2.4,3.8,6.7,2.7,135.6
2043,Pune,Wakad,4,3,2414,11,0,1,12,Furnished,13.1,4.8,0.5,2.4,193.6
2044,Hyderabad,Kondapur,1,1,792,18,3,3,5,Unfurnished,4.1,4.8,6.4,8.9,60.9
2045,Hyderabad,Gachibowli,5,5,3541,12,1,11,14,Semi-Furnished,8.5,4.2,1.9,1.6,339.2
2046,Chennai,OMR,3,2,1755,24,0,3,21,Unfurnished,12.9,4.6,5.2,3.8,114.9
2047,Chennai,OMR,2,2,1222,20,0,18,19,Semi-Furnished,4.8,3.6,4.2,4.7,87
2048,Chennai,OMR,4,5,2004,9,3,6,21,Unfurnished,3.1,3.2,6.5,7.9,155.6
2049,Chennai,Tambaram,2,2,1368,10,3,8,24,Semi-Furnished,6.9,3.2,2,8.7,89.2
2050,Chennai,Anna Nagar,5,6,2265,19,1,9,12,Unfurnished,3.6,4.4,8,3.6,204.1
2051,Pune,Baner,1,1,876,12,0,2,12,Semi-Furnished,12.2,3.4,7.5,7.3,49.4
2052,Chennai,Tambaram,4,4,1979,21,0,0,7,Furnished,9.1,4.1,2.6,8.1,122.7
2053,Bengaluru,Indiranagar,1,2,597,0,0,7,13,Unfurnished,7.9,3.7,2.6,6.1,73
2054,Chennai,Porur,3,2,2307,0,1,3,17,Unfurnished,1,4.7,6.4,1,149.9
2055,Pune,Wakad,4,4,2975,9,1,6,30,Furnished,14,3.6,1.1,9.4,208.2
2056,Hyderabad,Miyapur,4,3,1874,8,0,1,10,Unfurnished,4.5,4.9,6.5,4,140.5
2057,Pune,Baner,2,2,1138,21,2,18,26,Semi-Furnished,14.8,4.8,3.2,2.5,89.8
2058,Hyderabad,Kukatpally,1,1,822,7,2,0,12,Furnished,11.4,3.3,5.6,6.3,46.7
2059,Pune,Baner,2,3,1634,3,3,14,25,Unfurnished,14.9,3,4.7,3.7,117.4
2060,Bengaluru,Electronic City,5,6,2873,6,2,12,21,Furnished,14.6,3.1,5.1,8.8,264
2061,Pune,Hadapsar,4,3,2334,22,0,4,12,Semi-Furnished,11.9,4.7,4,6.5,150.1
2062,Hyderabad,Kukatpally,1,1,636,17,0,7,20,Furnished,7,2.8,7.1,2.1,30.4
2063,Hyderabad,Kukatpally,5,5,3769,24,2,9,17,Semi-Furnished,12.3,3.8,4.9,1.1,279.8
2064,Chennai,Anna Nagar,4,3,3534,7,1,10,13,Unfurnished,10.5,5,5.9,9.9,268.5
2065,Bengaluru,Electronic City,3,3,2587,20,0,0,15,Semi-Furnished,2.8,5,0.4,7,219
2066,Hyderabad,Gachibowli,1,1,667,2,3,7,7,Unfurnished,4,3.1,6.2,6.6,62.9
2067,Bengaluru,Whitefield,2,1,948,21,1,24,25,Unfurnished,12.8,4.2,3.2,6.2,64.4
2068,Pune,Kharadi,2,2,1590,6,0,2,6,Semi-Furnished,8,3.7,7.1,9.8,123.4
2069,Bengaluru,Indiranagar,3,3,2208,2,1,1,9,Semi-Furnished,8,2.8,1.4,4.7,258.7
2070,Pune,Baner,1,2,646,2,1,1,5,Unfurnished,4.1,2.8,5.1,6.5,51.5
2071,Bengaluru,Electronic City,5,4,3945,14,3,0,13,Furnished,2.4,4.5,5.4,7.4,362
2072,Bengaluru,Electronic City,2,2,1550,25,3,14,30,Furnished,2.8,4.7,2.2,6.2,142.3
2073,Chennai,Velachery,2,2,1089,19,3,8,29,Unfurnished,10.3,3.2,7.7,8.2,68.4
2074,Pune,Hadapsar,4,3,3586,3,0,12,14,Furnished,3.5,3.6,0.5,7.4,251.3
2075,Pune,Kharadi,1,1,612,22,2,21,24,Semi-Furnished,10.5,4.4,7.3,7.3,26.2
2076,Pune,Hadapsar,4,3,2151,11,0,4,27,Unfurnished,11,4.9,7.6,5.2,131.1
2077,Bengaluru,Indiranagar,4,3,2243,4,1,9,15,Unfurnished,12,2.9,2.8,6.9,234.9
2078,Pune,Kharadi,2,3,1715,18,1,11,24,Furnished,12.8,3.3,3,6.1,132.6
2079,Bengaluru,Electronic City,4,4,3197,2,0,7,7,Semi-Furnished,14.8,4.9,3.8,3,264.4
2080,Bengaluru,Electronic City,4,5,3567,13,0,2,8,Semi-Furnished,8.4,4.3,1.5,2.9,300.2
2081,Hyderabad,Kondapur,4,4,1865,23,1,5,23,Semi-Furnished,14.9,3.9,4.2,3,168
2082,Bengaluru,Whitefield,1,2,799,22,1,2,7,Semi-Furnished,3.6,3.6,3,9.3,71.7
2083,Bengaluru,HSR Layout,1,2,518,0,0,14,24,Furnished,8.3,2.8,3.9,8.5,48.7
2084,Bengaluru,Indiranagar,5,6,3107,20,3,2,15,Unfurnished,11,3.3,2.9,7.2,317.9
2085,Chennai,OMR,1,1,766,9,2,4,27,Unfurnished,13.2,3,0.7,2.9,32.9
2086,Pune,Wakad,2,2,1229,1,1,20,28,Semi-Furnished,0.2,4.8,5.5,7.1,114.6
2087,Chennai,Velachery,4,4,3452,6,0,18,18,Unfurnished,14.4,2.6,5,8.8,221.9
2088,Bengaluru,Whitefield,4,5,3053,12,3,21,28,Semi-Furnished,3.9,4.6,2.3,3.5,320.2
2089,Hyderabad,Kukatpally,1,2,650,8,3,0,5,Semi-Furnished,4.5,4.5,2.9,1.2,64.4
2090,Hyderabad,Kukatpally,4,4,2092,18,3,5,27,Semi-Furnished,8.9,3.2,1.2,1.1,175
2091,Pune,Hadapsar,5,6,2654,23,1,5,8,Furnished,10.7,3.4,5.7,7.3,189.7
2092,Hyderabad,Kondapur,5,5,4117,20,3,9,25,Unfurnished,13.8,4.4,7.7,8.7,303.9
2093,Pune,Wakad,3,3,2570,11,0,3,29,Unfurnished,13.7,4.4,6.6,3.9,157.8
2094,Bengaluru,Indiranagar,4,4,2623,1,1,7,7,Unfurnished,8.9,4.9,0.5,9.2,284.7
2095,Hyderabad,Miyapur,4,3,3513,17,3,4,7,Furnished,2.1,4,7.2,4.3,258.1
2096,Chennai,Anna Nagar,5,5,2435,10,2,13,23,Semi-Furnished,6.8,4,7.9,1.8,242.3
2097,Pune,Hadapsar,5,5,2325,22,2,10,29,Semi-Furnished,14.6,3.6,2.2,7.9,164.7
2098,Hyderabad,Kukatpally,1,1,721,18,3,6,6,Semi-Furnished,13.2,4.1,7.7,2.6,46.1
2099,Bengaluru,Indiranagar,5,6,2498,0,1,7,13,Semi-Furnished,11.3,2.8,4.2,6.2,303.6
2100,Bengaluru,Whitefield,4,4,2599,3,0,7,28,Semi-Furnished,8.7,4.4,4,9,272.9
2101,Bengaluru,Indiranagar,1,1,806,12,0,27,30,Furnished,3.3,4.2,6.1,8.9,96.3
2102,Bengaluru,Marathahalli,3,4,2399,20,0,8,22,Semi-Furnished,14.5,3.7,5.7,1.5,207.5
2103,Hyderabad,Gachibowli,4,4,2816,18,2,18,24,Furnished,12.8,4.9,5.3,3.7,284
2104,Pune,Baner,3,3,1575,1,3,5,17,Semi-Furnished,2.2,4.1,7.4,3.6,152.1
2105,Pune,Baner,5,4,3851,0,2,5,12,Semi-Furnished,13.8,3,5,4,314.9
2106,Hyderabad,Kukatpally,5,6,3740,16,2,16,19,Semi-Furnished,13.8,3.7,3.5,9.9,267.7
2107,Pune,Kharadi,5,5,3143,9,0,6,20,Unfurnished,6.8,4.2,6.5,8.6,237.1
2108,Pune,Hinjewadi,2,2,1573,0,0,16,20,Semi-Furnished,5.9,2.9,1.8,7.4,119.3
2109,Chennai,OMR,2,2,1318,18,2,8,9,Semi-Furnished,11.5,4.3,2,7.9,97.3
2110,Pune,Baner,2,2,1369,7,2,21,27,Semi-Furnished,12.2,3.2,3.8,3.4,112.4
2111,Bengaluru,HSR Layout,2,2,1174,15,3,4,7,Semi-Furnished,9.3,4.7,4.8,7.4,122.4
2112,Chennai,Tambaram,1,1,468,1,3,7,8,Unfurnished,3.1,4.9,2.3,9.4,41
2113,Chennai,Tambaram,4,3,3368,5,0,18,22,Unfurnished,10,2.7,5.2,5.3,175.2
2114,Hyderabad,Kukatpally,3,2,2246,23,3,2,8,Unfurnished,2.4,4.9,5.3,6.9,156.1
2115,Chennai,Tambaram,3,3,2208,17,2,10,12,Unfurnished,4,3.4,6.5,4.1,118.8
2116,Bengaluru,Indiranagar,2,2,1338,0,3,15,20,Semi-Furnished,9.2,4.2,7.4,2.9,165.2
2117,Pune,Kharadi,2,1,1169,21,3,0,6,Semi-Furnished,10.5,4.6,3.4,4.4,91.4
2118,Bengaluru,Indiranagar,5,4,3002,21,1,0,9,Semi-Furnished,5.7,3.3,0.5,1.9,355.7
2119,Hyderabad,Kukatpally,4,3,3277,2,2,3,26,Unfurnished,1,4,1.9,3.8,229.5
2120,Pune,Hadapsar,4,4,2034,12,1,2,28,Semi-Furnished,3.1,3.1,5.6,3.1,160.5
2121,Hyderabad,Miyapur,2,3,1701,20,1,0,8,Furnished,3.5,3.7,1.5,9.3,109.4
2122,Hyderabad,Miyapur,2,2,1423,7,3,8,19,Unfurnished,11.7,3.3,5.1,3.9,90.3
2123,Pune,Wakad,5,5,2504,12,1,2,9,Semi-Furnished,7.9,4.2,6,9.6,200.7
2124,Bengaluru,Indiranagar,5,4,3442,8,3,13,27,Semi-Furnished,8.8,2.8,7.1,5.4,381.2
2125,Pune,Hinjewadi,4,4,2701,4,2,5,15,Semi-Furnished,3.4,3.9,5.7,5.2,225.3
2126,Chennai,OMR,4,3,3459,22,2,10,18,Semi-Furnished,7,4.7,8,1.8,253.9
2127,Pune,Wakad,5,5,2885,12,0,19,30,Unfurnished,12,2.9,3.4,7.5,191.3
2128,Pune,Baner,1,2,463,0,2,7,11,Unfurnished,7.8,3.6,2.9,7.6,41.8
2129,Hyderabad,Madhapur,1,2,643,9,3,11,23,Semi-Furnished,2.3,4,1.8,2.1,72.5
2130,Chennai,Velachery,5,5,3225,11,2,6,7,Semi-Furnished,1.5,4,7.8,6,259.3
2131,Hyderabad,Miyapur,4,3,3238,3,3,5,5,Semi-Furnished,10.9,3.5,7,1.9,211.3
2132,Pune,Kharadi,1,1,691,9,0,3,14,Unfurnished,14.6,3.9,5.9,6.4,31.5
2133,Bengaluru,Electronic City,4,3,3171,1,2,1,7,Unfurnished,12.5,4.8,0.7,5.2,250.9
2134,Pune,Hadapsar,3,2,1711,0,2,1,6,Semi-Furnished,4.5,3.7,5.6,9.4,120.5
2135,Bengaluru,Whitefield,1,1,795,5,3,15,16,Unfurnished,7,4.2,5.4,9.4,74.5
2136,Pune,Baner,5,6,3516,8,1,4,16,Semi-Furnished,10.2,4,6,7,288.9
2137,Chennai,OMR,4,4,2031,11,1,9,19,Unfurnished,11.9,4.2,3.1,9.1,152.9
2138,Bengaluru,Indiranagar,5,5,4069,25,3,24,30,Semi-Furnished,8.7,4.5,5,4.4,449.8
2139,Pune,Hinjewadi,5,5,3656,15,0,25,30,Semi-Furnished,9.1,2.6,3.1,3.7,278.6
2140,Hyderabad,Kondapur,3,2,2405,1,1,10,30,Semi-Furnished,2.7,4.3,5.5,5,210.7
2141,Hyderabad,Miyapur,5,6,3106,5,2,7,16,Semi-Furnished,14.6,4.3,1.1,9.1,213.6
2142,Hyderabad,Miyapur,3,2,2444,8,3,13,26,Furnished,9.2,4.2,5.9,6.4,179.7
2143,Hyderabad,Madhapur,3,4,1591,16,1,6,6,Semi-Furnished,10.9,3,2.4,9.4,142.3
2144,Hyderabad,Madhapur,2,3,1171,4,2,15,24,Semi-Furnished,2.2,3.3,2.9,5.9,118.6
2145,Pune,Hadapsar,1,1,482,24,2,8,20,Semi-Furnished,8.2,3.6,3.3,3.7,25.9
2146,Pune,Hinjewadi,4,4,3197,15,1,4,7,Semi-Furnished,7,3.7,4.4,8.3,234
2147,Bengaluru,Marathahalli,2,3,1356,13,3,17,23,Semi-Furnished,14.1,3.3,2.4,5.6,122.6
2148,Chennai,OMR,2,2,904,3,1,18,28,Furnished,14.8,3.5,7.2,1,68.6
2149,Pune,Wakad,4,4,3158,2,1,6,13,Furnished,7.8,2.6,1.5,3.5,253.8
2150,Chennai,Anna Nagar,4,4,2664,23,2,3,18,Furnished,1.2,3.4,4.6,4.6,262.1
2151,Bengaluru,Whitefield,4,3,3146,13,2,8,24,Semi-Furnished,13,4.9,1.1,1.3,318.1
2152,Pune,Baner,2,2,954,6,3,5,26,Furnished,13.7,4.3,7.3,1.6,89.7
2153,Bengaluru,Electronic City,3,4,2071,13,1,1,7,Unfurnished,1.3,3.9,0.4,5.9,166.6
2154,Pune,Hadapsar,1,2,663,2,2,9,27,Semi-Furnished,13,3.3,3.4,3.1,44.2
2155,Chennai,OMR,5,4,2926,20,1,4,15,Unfurnished,2.7,4.2,5.7,4.4,212.6
2156,Chennai,Porur,3,4,2556,22,2,8,10,Semi-Furnished,2.5,4.2,4.4,3.6,178.9
2157,Chennai,Velachery,1,1,490,21,1,5,26,Furnished,8.2,4.7,3.8,8.1,36.7
2158,Bengaluru,HSR Layout,2,1,1112,13,3,13,21,Furnished,2.1,3.6,7,5.3,131.5
2159,Pune,Hadapsar,3,3,2315,4,3,12,28,Furnished,10.9,2.9,4.2,9.2,161
2160,Bengaluru,Electronic City,4,3,3322,0,3,10,10,Semi-Furnished,12.4,3.2,5.2,8.3,268.6
2161,Chennai,Tambaram,2,2,1335,5,1,4,25,Furnished,12.8,3.6,5.3,7.9,66.9
2162,Chennai,Velachery,3,3,2546,15,1,1,6,Semi-Furnished,3.5,4.1,6.7,2.5,191.9
2163,Pune,Hinjewadi,3,3,1871,1,1,10,15,Semi-Furnished,13.6,3.8,5.9,7.3,135.7
2164,Pune,Kharadi,1,1,503,3,3,17,20,Semi-Furnished,14.3,3.4,4.8,6.7,40.3
2165,Pune,Kharadi,2,3,1761,25,2,0,17,Unfurnished,14.5,3.8,7.4,3.4,111
2166,Pune,Wakad,2,2,1628,5,0,5,27,Unfurnished,9.1,3.4,3.9,7.2,87.7
2167,Pune,Wakad,2,2,1220,18,2,6,10,Unfurnished,7.4,2.6,4.6,3.9,63.9
2168,Bengaluru,Whitefield,2,2,1489,16,0,3,27,Unfurnished,14.2,3.7,7,4.4,116.7
2169,Bengaluru,Electronic City,4,3,2456,17,0,4,6,Semi-Furnished,14.2,3.4,2,5.1,197
2170,Bengaluru,Electronic City,4,5,1843,4,3,5,20,Semi-Furnished,7,5,7.4,4.3,185
2171,Chennai,Tambaram,5,5,3697,15,2,10,23,Semi-Furnished,5.7,3.4,7.2,3.9,226.9
2172,Pune,Wakad,5,4,4064,3,2,11,21,Furnished,14.4,3.2,0.9,3,301.9
2173,Bengaluru,Electronic City,2,2,1046,25,0,16,19,Semi-Furnished,7.6,4.4,0.9,6.9,72.5
2174,Hyderabad,Miyapur,2,1,1206,11,3,11,14,Unfurnished,2.4,4.5,0.6,8.3,79
2175,Pune,Hadapsar,3,4,1764,0,1,0,14,Unfurnished,11,4.2,2.2,7.5,115.1
2176,Bengaluru,Electronic City,3,2,1704,18,1,13,29,Unfurnished,9.7,4.5,0.5,3.3,125.4
2177,Hyderabad,Miyapur,1,1,817,21,1,15,16,Semi-Furnished,8.8,2.7,0.5,9.3,32.2
2178,Chennai,OMR,2,2,1057,10,2,0,18,Unfurnished,13.5,2.7,7.7,2,69.4
2179,Bengaluru,Electronic City,5,5,4187,2,1,9,11,Semi-Furnished,9.4,4.2,7.2,4.8,344.5
2180,Bengaluru,Indiranagar,2,2,1739,4,0,3,29,Unfurnished,11.6,4,7.1,7.4,167.4
2181,Bengaluru,Whitefield,1,1,753,9,0,9,10,Semi-Furnished,9.1,3.9,5.3,7.4,65.2
2182,Pune,Baner,3,3,1735,3,0,18,26,Furnished,0.7,2.9,5.5,2.7,169.2
2183,Bengaluru,Whitefield,4,4,2278,24,3,12,25,Semi-Furnished,14.9,4.9,5.8,7.3,214.7
2184,Pune,Hinjewadi,1,1,803,17,0,3,24,Furnished,11.9,3.7,0.6,8.3,36.8
2185,Bengaluru,HSR Layout,2,1,1681,7,2,8,30,Semi-Furnished,6.6,4.9,0.9,9,178.9
2186,Pune,Baner,1,2,682,11,1,14,16,Unfurnished,1.3,3.4,6,2.1,51.3
2187,Bengaluru,Indiranagar,5,4,2630,20,0,14,15,Furnished,14.6,4.9,6.1,6.2,319.3
2188,Bengaluru,Whitefield,4,5,3581,14,0,2,5,Semi-Furnished,4.4,4.8,6.9,9.7,350.6
2189,Bengaluru,HSR Layout,2,2,1606,14,0,3,5,Unfurnished,10.3,3.8,0.4,1.2,151.8
2190,Hyderabad,Kondapur,1,2,551,7,1,4,11,Unfurnished,0.7,4.4,2.9,5.8,60.9
2191,Chennai,Porur,5,5,2950,7,3,0,15,Furnished,7.5,2.9,6.9,3.9,223.4
2192,Bengaluru,Electronic City,5,5,3373,11,2,3,8,Semi-Furnished,1.9,3.9,3.5,1.2,296.8
2193,Chennai,Porur,2,2,1338,15,1,22,22,Semi-Furnished,6.1,3.9,5.2,2.3,83.5
2194,Hyderabad,Gachibowli,3,3,2192,8,3,16,16,Semi-Furnished,6.4,4.5,4.3,7.6,225.1
2195,Chennai,OMR,4,4,2805,24,0,0,9,Semi-Furnished,1.8,3.3,7.2,6.2,200.7
2196,Hyderabad,Gachibowli,3,3,2401,9,0,3,21,Unfurnished,11.7,3.1,0.9,5,199.6
2197,Chennai,Velachery,4,3,1948,13,3,1,8,Semi-Furnished,13.8,4.6,7.1,1.7,158.7
2198,Bengaluru,Indiranagar,1,1,624,10,2,11,17,Furnished,2.8,3.5,7.8,4.4,84.5
2199,Bengaluru,Indiranagar,4,3,2346,25,0,4,11,Furnished,10.2,4.1,2.7,9.9,282.8
2200,Chennai,Tambaram,4,3,1818,7,0,1,7,Semi-Furnished,6.3,4.9,1.5,8,137.3
2201,Pune,Hadapsar,4,4,3206,4,0,23,25,Furnished,6.8,4.7,1.9,8.2,234.4
2202,Chennai,OMR,5,5,4097,0,1,0,13,Semi-Furnished,9.1,2.7,5.6,9.2,284.2
2203,Hyderabad,Gachibowli,2,3,1722,22,2,24,29,Furnished,3.8,4.5,5.1,6.1,170.2
2204,Pune,Kharadi,1,1,803,13,1,15,30,Furnished,5.1,4.2,2.9,7.4,61.6
2205,Bengaluru,Marathahalli,3,3,1933,19,3,18,18,Semi-Furnished,2.2,2.7,6,7.3,179.5
2206,Chennai,Tambaram,2,3,1251,5,0,0,5,Semi-Furnished,14,4.7,7.1,7.5,62
2207,Pune,Wakad,3,3,2294,18,2,24,27,Semi-Furnished,2.9,3.3,1.2,4.7,159.7
2208,Bengaluru,HSR Layout,4,4,3299,16,3,2,27,Semi-Furnished,10.3,2.6,1,1.1,348
2209,Hyderabad,Madhapur,5,5,3633,14,3,3,7,Unfurnished,4.2,5,7.6,6.1,321.8
2210,Hyderabad,Kondapur,2,2,1220,22,2,4,29,Semi-Furnished,13.3,4.7,1.9,2.9,93.3
2211,Pune,Baner,4,5,2975,17,0,6,26,Unfurnished,2.3,4.7,3.2,6.7,245.1
2212,Pune,Hinjewadi,1,1,715,17,1,23,28,Furnished,12.6,4.7,7.7,9.6,42.3
2213,Chennai,OMR,1,2,822,18,0,6,8,Unfurnished,4.7,3.5,2.3,7.4,39.6
2214,Hyderabad,Miyapur,5,5,2497,24,3,9,16,Unfurnished,11.6,4.7,4.1,9.6,170.1
2215,Chennai,Velachery,2,3,1638,21,3,8,14,Semi-Furnished,14.6,3.7,0.3,5.2,114
2216,Hyderabad,Madhapur,3,3,1703,10,0,1,10,Semi-Furnished,11,3.9,0.5,9.7,159.3
2217,Pune,Kharadi,5,4,3925,21,3,0,18,Unfurnished,6.6,4.8,6.8,5.9,279
2218,Chennai,Tambaram,1,2,607,12,1,0,8,Furnished,3,5,3.9,8.5,52.8
2219,Hyderabad,Kukatpally,1,1,699,16,0,20,21,Semi-Furnished,11.1,4.8,5.7,4.9,46.2
2220,Bengaluru,HSR Layout,1,2,859,25,0,16,23,Unfurnished,7.7,4,5.5,7.2,66.5
2221,Chennai,Porur,4,5,3201,5,3,1,16,Furnished,12,4.2,2.4,4.1,229.7
2222,Bengaluru,Indiranagar,4,5,2538,21,2,2,7,Semi-Furnished,6.8,4,4.1,6.2,285.5
2223,Hyderabad,Madhapur,3,3,1621,24,1,1,6,Semi-Furnished,2.9,4,7.8,1.5,149.1
2224,Pune,Baner,3,3,2110,14,1,0,12,Semi-Furnished,10.8,2.6,7.9,7.8,161.9
2225,Hyderabad,Kukatpally,2,2,988,13,2,2,9,Unfurnished,6.1,3.7,1.2,4.1,77.7
2226,Pune,Hadapsar,5,4,2503,23,2,6,11,Semi-Furnished,11.6,4,1.9,2.2,178.4
2227,Bengaluru,Electronic City,2,2,1445,11,3,8,10,Unfurnished,2.3,4.5,6.9,3,126.3
2228,Bengaluru,Electronic City,5,5,2667,1,1,7,30,Semi-Furnished,12.4,4.3,5.8,1.5,243.4
2229,Chennai,Velachery,2,2,934,6,3,2,5,Unfurnished,3.7,4.4,5.6,6.7,83.8
2230,Bengaluru,Marathahalli,3,3,2166,20,0,5,9,Semi-Furnished,13.4,4.1,0.4,5.2,179.8
2231,Chennai,OMR,4,5,2970,21,3,0,22,Furnished,9.9,3.5,3.1,7.4,227
2232,Bengaluru,Whitefield,3,4,2454,25,1,19,19,Semi-Furnished,6.6,2.6,1.9,2.3,242.4
2233,Bengaluru,Marathahalli,4,4,3063,6,2,4,28,Semi-Furnished,8.4,4.1,4.7,3,281
2234,Pune,Hadapsar,2,2,982,22,2,1,5,Unfurnished,9,3.4,4.8,7.1,61.8
2235,Chennai,OMR,1,1,619,0,3,13,18,Furnished,11.1,3.8,5.2,7.9,45.7
2236,Pune,Wakad,3,4,2205,15,0,13,14,Semi-Furnished,10.2,3.6,1.4,6.3,155.3
2237,Hyderabad,Gachibowli,2,2,1089,9,1,12,20,Unfurnished,1.7,3.4,6.1,3.2,109.6
2238,Chennai,Velachery,5,6,3183,19,2,10,24,Furnished,4.5,3,4.6,3.9,279.4
2239,Pune,Baner,4,4,2206,2,3,4,6,Semi-Furnished,0.7,2.9,6.9,1.1,205
2240,Pune,Wakad,4,5,2253,21,1,12,16,Semi-Furnished,7,4.3,6.7,2.5,176.6
2241,Chennai,Porur,4,4,2955,6,0,12,18,Unfurnished,1.6,2.8,4.9,3.7,186.8
2242,Pune,Hinjewadi,4,4,3558,23,1,9,18,Semi-Furnished,11.4,4.4,4.6,6.1,257.6
2243,Pune,Hadapsar,3,3,2640,8,0,13,20,Semi-Furnished,11.8,4,0.5,2.8,165.7
2244,Pune,Baner,3,2,1379,9,2,15,29,Furnished,10.8,3.5,7.7,8.5,114.4
2245,Pune,Wakad,2,3,1686,17,0,24,28,Semi-Furnished,14.2,3.3,4.2,6.2,101.1
2246,Pune,Kharadi,3,2,2482,6,3,9,22,Semi-Furnished,6.7,4,7.4,5.9,190.3
2247,Pune,Baner,2,2,1263,1,3,10,21,Semi-Furnished,7.6,3.5,6.1,1.5,111
2248,Pune,Baner,4,4,2343,7,2,27,29,Unfurnished,3.9,3.5,2.8,10,185.1
2249,Hyderabad,Kondapur,4,3,3484,7,3,0,7,Semi-Furnished,0.9,3.3,2.7,6.6,301.3
2250,Hyderabad,Kondapur,5,4,3118,15,3,7,13,Unfurnished,6.6,4.8,1.2,7.7,252.3
2251,Hyderabad,Madhapur,2,1,1731,10,0,7,29,Semi-Furnished,12.3,3.5,2.7,4.2,147.1
2252,Hyderabad,Miyapur,1,1,853,9,0,7,15,Unfurnished,5.7,4.6,3.5,7.4,48.6
2253,Hyderabad,Madhapur,5,5,3542,23,0,27,29,Unfurnished,8.9,4.5,4,8.1,283
2254,Hyderabad,Gachibowli,2,2,1730,11,3,8,8,Unfurnished,5.7,2.6,6.1,6.9,133.5
2255,Chennai,Porur,5,4,3026,12,2,2,6,Semi-Furnished,8.7,4.2,6,6.3,211.6
2256,Pune,Hadapsar,4,3,2827,13,3,7,7,Unfurnished,0.4,3.3,7.6,6.4,177.4
2257,Bengaluru,Marathahalli,3,2,2354,22,0,13,24,Unfurnished,14.5,3.1,6.6,1.7,159.3
2258,Chennai,Velachery,2,1,1476,24,2,5,6,Unfurnished,14.9,3,7,1.7,85
2259,Pune,Baner,5,5,3828,4,3,8,13,Unfurnished,6.1,2.7,7.4,9.5,283.9
2260,Pune,Wakad,1,1,480,12,2,6,7,Semi-Furnished,10.2,2.9,1.2,4.9,34.3
2261,Hyderabad,Miyapur,1,1,791,23,1,22,26,Semi-Furnished,3.6,4.2,6.8,9.3,34
2262,Bengaluru,Electronic City,3,4,2539,23,1,3,6,Semi-Furnished,3.5,4.5,6.6,4.1,207.5
2263,Hyderabad,Gachibowli,5,6,2691,18,3,1,22,Furnished,5.5,3.4,1,2.3,294.8
2264,Bengaluru,Indiranagar,1,1,657,25,2,3,29,Furnished,13.4,4.4,2.2,7.7,67.9
2265,Hyderabad,Miyapur,1,2,502,8,0,24,30,Semi-Furnished,3.7,3.6,2.8,3.5,51.3
2266,Hyderabad,Kukatpally,1,1,874,16,0,4,18,Semi-Furnished,7,3.4,3.6,6,53.9
2267,Chennai,Porur,1,2,582,4,2,4,7,Unfurnished,9.4,2.5,5.1,5.1,40
2268,Pune,Kharadi,2,2,1768,6,2,12,19,Semi-Furnished,9.2,4.7,6.5,2.8,134.3
2269,Chennai,Tambaram,2,3,1026,15,2,22,26,Semi-Furnished,7.9,4,0.4,9.7,74.8
2270,Pune,Wakad,5,6,3839,2,0,12,29,Semi-Furnished,11.6,3.9,3.7,7.9,270.1
2271,Bengaluru,Electronic City,4,5,2789,20,0,6,8,Semi-Furnished,2.5,3.7,4.1,7.2,225
2272,Hyderabad,Kondapur,4,4,2222,2,1,4,15,Unfurnished,14.4,3.4,2.9,7.7,185.3
2273,Hyderabad,Miyapur,3,3,2579,12,0,5,19,Unfurnished,14.3,2.6,6.2,1.1,137.4
2274,Bengaluru,Electronic City,2,1,1092,23,0,8,21,Semi-Furnished,6.3,3.3,7.7,6.6,68.3
2275,Bengaluru,HSR Layout,2,2,1643,22,0,4,5,Unfurnished,2.4,4.7,2.4,3.3,166.6
2276,Hyderabad,Kondapur,1,1,891,0,3,7,21,Unfurnished,13.6,4.6,5.5,6.7,74.3
2277,Pune,Hadapsar,5,5,3494,1,1,1,8,Semi-Furnished,8.1,3.1,2,6.6,248.1
2278,Hyderabad,Miyapur,1,1,471,25,3,4,9,Unfurnished,6.2,5,4.3,6.5,34.3
2279,Bengaluru,Electronic City,3,4,2274,9,2,6,9,Unfurnished,10.6,3.8,7.6,2.3,179.5
2280,Pune,Wakad,3,3,1955,23,1,5,9,Unfurnished,1.9,4.7,7.8,7.1,135.1
2281,Hyderabad,Kondapur,1,1,578,10,2,8,12,Semi-Furnished,3,4.9,1.5,9.9,56.8
2282,Pune,Kharadi,4,5,3251,1,1,17,22,Furnished,4.6,4.3,6.7,5,297.5
2283,Bengaluru,Whitefield,4,4,2225,2,1,12,27,Semi-Furnished,9.1,2.8,6.3,7.4,225.7
2284,Hyderabad,Gachibowli,4,4,3257,2,2,30,30,Unfurnished,0.3,4.5,0.4,4.5,303.7
2285,Chennai,Anna Nagar,2,3,1213,11,3,4,14,Furnished,3.4,4,5,5.3,135.5
2286,Chennai,Velachery,2,2,1183,25,3,9,10,Semi-Furnished,9.3,2.6,0.5,1.4,78.2
2287,Chennai,Velachery,3,3,2578,19,3,11,16,Furnished,10.8,4.1,5.9,5.7,191.4
2288,Pune,Hadapsar,4,3,3255,25,1,5,8,Semi-Furnished,2.5,4,2,4.9,224.2
2289,Bengaluru,Indiranagar,3,2,1781,6,0,2,10,Unfurnished,13.1,3.3,4.6,9.4,170.4
2290,Chennai,Tambaram,2,1,1219,23,1,12,30,Semi-Furnished,4.8,3.7,6.9,3.3,63.7
2291,Bengaluru,Indiranagar,4,5,3560,24,2,0,17,Unfurnished,14.5,3.4,5.8,2.5,360.3
2292,Bengaluru,Whitefield,2,2,1023,18,1,13,21,Furnished,8.2,3.7,6.4,7.9,94.7
2293,Chennai,Velachery,5,5,3059,0,2,24,28,Semi-Furnished,8.9,4.6,4.7,7,245.2
2294,Pune,Kharadi,4,3,2359,17,2,1,12,Unfurnished,3.9,4.8,1.9,4.1,195.8
2295,Chennai,Porur,5,4,2710,16,2,13,30,Semi-Furnished,2.5,3.2,1.2,8.9,195.6
2296,Pune,Hadapsar,1,2,837,22,0,8,14,Semi-Furnished,14.1,4.5,2.2,9.5,26.6
2297,Pune,Baner,5,5,3730,23,2,8,23,Unfurnished,9.4,3.7,6.1,9.3,264.3
2298,Pune,Wakad,4,4,2980,15,1,12,20,Semi-Furnished,7.9,3.7,3.1,2.9,218.1
2299,Pune,Hinjewadi,2,2,991,15,2,2,24,Semi-Furnished,3.5,4.5,4.6,9.6,85.6
2300,Chennai,Velachery,4,5,3550,4,1,9,11,Semi-Furnished,10.3,3.7,3.4,4.3,260.9
2301,Hyderabad,Gachibowli,1,1,762,3,2,8,14,Furnished,4.8,3,1.8,9.7,76.9
2302,Bengaluru,Whitefield,3,2,1528,0,3,6,8,Semi-Furnished,13.6,3.1,3.8,6.5,150.9
2303,Hyderabad,Kondapur,4,4,2886,21,0,14,17,Semi-Furnished,8.7,3.7,2.1,5.1,250.5
2304,Pune,Hinjewadi,1,1,839,6,3,6,10,Semi-Furnished,10.2,2.6,4.2,4.5,57.4
2305,Bengaluru,Electronic City,3,4,1562,21,2,14,16,Semi-Furnished,2.5,4.7,3.9,2.1,155.3
2306,Chennai,Porur,1,2,796,15,1,25,25,Unfurnished,12.6,3.5,6.6,6.3,31
2307,Pune,Hadapsar,5,6,2507,1,2,19,26,Semi-Furnished,14.1,3.8,7.9,5.3,196.6
2308,Chennai,Velachery,2,3,1180,8,3,1,6,Semi-Furnished,2.4,3.5,4.1,4.8,113.7
2309,Chennai,Porur,4,4,3306,10,3,23,25,Semi-Furnished,9.4,4.5,5.2,9.8,216.7
2310,Chennai,Anna Nagar,2,2,1774,14,2,1,15,Semi-Furnished,2.1,2.6,3.1,5,144.4
2311,Hyderabad,Miyapur,3,4,1994,7,2,0,15,Unfurnished,12.1,3.4,4.6,9.5,126.8
2312,Pune,Hadapsar,1,1,567,17,1,11,11,Semi-Furnished,13.9,4,1.7,6.5,20
2313,Pune,Baner,5,4,3383,25,0,7,20,Semi-Furnished,1,4.5,2.4,4.2,291.4
2314,Pune,Wakad,2,2,1758,0,2,0,8,Furnished,13.2,3.5,4.3,8.8,121.9
2315,Pune,Wakad,2,2,1304,14,2,13,25,Unfurnished,14.8,4.5,7.2,8.8,75.2
2316,Bengaluru,HSR Layout,2,3,1101,25,3,1,13,Semi-Furnished,2.4,2.6,7.7,6.2,121.7
2317,Hyderabad,Gachibowli,1,1,541,20,3,1,18,Semi-Furnished,8.1,4.2,4.9,2,46.8
2318,Chennai,Porur,4,5,2958,20,3,8,11,Unfurnished,3.7,4.6,3.6,3.4,188.3
2319,Chennai,Tambaram,3,3,2318,16,1,0,15,Furnished,13.7,4.2,6.2,7.2,130.2
2320,Bengaluru,Indiranagar,1,2,890,16,3,13,15,Semi-Furnished,1.1,2.7,6.8,7.3,101.5
2321,Hyderabad,Madhapur,5,5,3229,23,3,3,8,Semi-Furnished,2.1,3.7,2.3,6.4,312
2322,Chennai,OMR,2,2,1410,13,3,2,5,Furnished,7.7,4.9,4.1,1.6,112.7
2323,Pune,Baner,1,1,869,13,2,3,6,Unfurnished,6.9,3,4.4,6.8,53.2
2324,Chennai,Porur,2,1,1133,8,2,6,19,Semi-Furnished,13,4.1,5.6,1.1,68.5
2325,Chennai,Porur,2,3,1089,16,0,0,24,Unfurnished,13,3.9,6.6,3.2,62.3
2326,Pune,Baner,2,1,1338,15,2,19,28,Semi-Furnished,4.2,3.2,2.4,1.4,113.6
2327,Chennai,Porur,2,1,1104,5,0,11,19,Semi-Furnished,12.7,4.6,1.5,6.6,74.5
2328,Hyderabad,Kondapur,2,2,1753,20,0,9,9,Furnished,9.9,3.5,1.8,1.2,151.5
2329,Bengaluru,HSR Layout,3,4,2072,8,0,0,12,Semi-Furnished,9.7,2.8,3,8.2,222.3
2330,Bengaluru,Indiranagar,2,2,926,3,1,19,25,Semi-Furnished,1.6,4.9,2.8,1.2,127.9
2331,Hyderabad,Miyapur,2,1,1676,22,3,4,21,Furnished,1,3.8,1.3,7.2,119.9
2332,Hyderabad,Kondapur,3,3,2268,6,2,15,19,Semi-Furnished,13.3,4,4.3,7.7,183.6
2333,Chennai,Anna Nagar,2,1,1283,2,1,4,20,Furnished,3,3.8,1.4,9.4,133.8
2334,Chennai,OMR,5,5,3006,11,2,14,25,Semi-Furnished,11.7,4.5,5.4,1.7,244.4
2335,Hyderabad,Madhapur,1,1,744,13,2,4,14,Semi-Furnished,6.9,2.8,6.5,1.1,66.9
2336,Chennai,Porur,5,5,2721,22,2,0,28,Semi-Furnished,2.2,3.1,3.4,3.6,190.3
2337,Chennai,OMR,4,5,3019,11,2,11,30,Semi-Furnished,12,4.8,3.1,4,229.4
2338,Hyderabad,Miyapur,2,2,1357,14,2,7,14,Semi-Furnished,6.9,3.7,4.1,4.3,99.4
2339,Chennai,Anna Nagar,1,1,561,16,3,4,9,Semi-Furnished,12.2,3.1,4.9,6.5,24.2
2340,Hyderabad,Kondapur,3,3,2578,9,2,22,23,Semi-Furnished,7,3.2,5.8,9,210.1
2341,Bengaluru,HSR Layout,5,5,3977,21,3,2,8,Semi-Furnished,8.9,3.4,0.5,2.5,422.6
2342,Pune,Baner,5,4,3788,9,0,4,30,Furnished,14.8,3.7,5.5,4.6,317.5
2343,Hyderabad,Kondapur,3,2,2635,6,2,7,8,Furnished,9.6,2.6,2.9,9.6,223.3
2344,Bengaluru,Electronic City,3,3,2624,10,2,5,18,Furnished,6.5,3.9,7.8,2.9,229.7
2345,Pune,Kharadi,4,3,2947,25,2,0,29,Semi-Furnished,12.1,4,0.5,4.8,226.3
2346,Chennai,Velachery,1,2,495,11,2,15,26,Semi-Furnished,11.5,2.7,5.8,5.1,23.7
2347,Pune,Hadapsar,4,3,3394,19,1,6,7,Unfurnished,8.7,4.9,4.3,5.6,199.5
2348,Hyderabad,Gachibowli,1,1,640,25,1,2,24,Unfurnished,5.7,3,0.6,4.7,35.2
2349,Bengaluru,HSR Layout,2,3,1148,15,0,0,10,Semi-Furnished,13.4,3.9,5.2,5.7,122.2
2350,Hyderabad,Miyapur,5,5,4413,9,2,16,19,Unfurnished,11.4,4.4,3.6,3.2,281.4
2351,Bengaluru,Whitefield,5,5,3474,16,0,4,10,Unfurnished,11.5,3.6,4,2.3,322.2
2352,Chennai,Anna Nagar,1,1,687,20,1,21,29,Semi-Furnished,11.5,4,3.6,3.2,48.8
2353,Chennai,Porur,1,2,677,9,2,18,24,Unfurnished,5.9,3.6,1,9.4,37.8
2354,Bengaluru,Marathahalli,5,5,3271,2,2,13,15,Semi-Furnished,9.9,3,2.4,9.5,301.3
2355,Hyderabad,Miyapur,5,6,3348,24,3,13,17,Semi-Furnished,12.2,2.7,7.2,7,217.7
2356,Bengaluru,Marathahalli,2,2,1580,24,1,6,13,Semi-Furnished,2.2,4.8,2,2.9,145
2357,Chennai,OMR,4,3,2217,16,3,9,20,Semi-Furnished,14.8,4.9,4.1,3.2,176.3
2358,Chennai,Anna Nagar,5,6,3583,21,3,12,26,Semi-Furnished,10.1,4.5,3.2,8.2,315.7
2359,Hyderabad,Gachibowli,3,3,1487,23,1,15,17,Semi-Furnished,4.1,3.1,4.9,2.9,143.9
2360,Bengaluru,HSR Layout,4,3,2552,13,0,6,13,Semi-Furnished,13.3,4.5,1.7,1.6,265.9
2361,Pune,Kharadi,3,4,1554,11,1,1,6,Semi-Furnished,9.5,2.7,7.8,4.1,134.5
2362,Hyderabad,Kondapur,4,4,3084,3,1,5,12,Furnished,8.3,2.6,1,3.4,283.1
2363,Bengaluru,HSR Layout,5,6,3983,13,1,7,10,Semi-Furnished,10.4,2.6,2.4,2.9,422.5
2364,Hyderabad,Kukatpally,1,1,827,15,0,2,6,Unfurnished,9.1,3.8,3,9.1,42
2365,Chennai,Porur,4,4,3065,19,0,4,15,Semi-Furnished,10.6,3.4,5.1,1.9,181.4
2366,Chennai,Velachery,3,3,1441,9,0,15,25,Semi-Furnished,13.5,4.3,1.3,1.4,110.7
2367,Bengaluru,HSR Layout,1,2,731,18,3,5,14,Furnished,3.2,3.6,2.5,5,98.8
2368,Bengaluru,Whitefield,3,3,1519,19,1,9,19,Unfurnished,1.5,3.5,3.5,4.6,141.5
2369,Bengaluru,HSR Layout,4,3,2647,11,2,0,21,Semi-Furnished,2.4,3.6,2.9,2.3,296.4
2370,Bengaluru,Whitefield,2,3,1544,15,0,7,9,Semi-Furnished,1.9,2.5,7.7,9.1,150.7
2371,Pune,Hadapsar,4,3,2672,18,0,14,15,Furnished,11.6,4.9,0.9,5.7,198.5
2372,Pune,Hadapsar,2,2,1146,11,1,7,23,Semi-Furnished,13.8,2.5,7,3.5,58.8
2373,Chennai,OMR,4,4,2768,1,3,9,23,Unfurnished,12.9,4.3,2,2.3,195.8
2374,Chennai,Tambaram,5,5,3605,23,0,0,23,Unfurnished,0.7,2.7,6.3,9.2,188.8
2375,Chennai,Porur,5,4,3544,3,0,7,24,Unfurnished,6,3.4,2.2,9.8,209.6
2376,Bengaluru,Whitefield,3,4,2104,22,2,7,11,Semi-Furnished,1,3.9,4.5,3.5,219.2
2377,Chennai,Velachery,4,5,1867,20,1,7,8,Unfurnished,14.5,3.2,0.8,8.4,126.9
2378,Bengaluru,Marathahalli,2,2,1542,18,3,7,7,Semi-Furnished,12.7,3.4,4.4,5.1,125.4
2379,Chennai,OMR,3,2,2360,23,1,24,27,Semi-Furnished,0.7,4.3,7.9,7.2,170.2
2380,Hyderabad,Kukatpally,5,5,3263,22,0,18,20,Unfurnished,13.4,3.2,4.1,5.7,213.7
2381,Chennai,Anna Nagar,1,2,629,22,2,4,16,Furnished,5.1,3,6.8,5.2,54.6
2382,Pune,Baner,1,1,650,5,0,17,20,Furnished,4.9,2.9,7.6,2.6,48
2383,Bengaluru,Indiranagar,1,1,875,20,3,23,30,Furnished,1.2,3.9,4.2,8.8,108.9
2384,Hyderabad,Miyapur,2,3,1758,0,0,8,23,Furnished,0.3,3.9,5.3,1.4,153.7
2385,Bengaluru,Indiranagar,4,4,2880,0,2,21,30,Semi-Furnished,8,3.7,4.1,5.5,329
2386,Chennai,Porur,4,4,3228,12,1,1,8,Semi-Furnished,6.5,4.1,6,9.2,200.9
2387,Hyderabad,Kukatpally,4,4,3101,10,2,3,17,Furnished,12.3,2.9,3,8.3,241.5
2388,Bengaluru,Electronic City,4,4,3552,23,3,9,30,Semi-Furnished,11.8,4,3,1.4,279.4
2389,Pune,Kharadi,3,4,2658,15,1,3,16,Semi-Furnished,11,3.7,4.1,5.6,208.9
2390,Chennai,Tambaram,4,4,2565,19,2,17,25,Semi-Furnished,8.1,3.4,5,6.3,156.6
2391,Bengaluru,Electronic City,2,1,1762,2,1,5,6,Semi-Furnished,4,4.1,1.2,4.4,150.8
2392,Hyderabad,Miyapur,4,4,2231,11,1,1,26,Unfurnished,1.3,4.4,4,3,162.1
2393,Pune,Hadapsar,2,3,1282,7,1,10,15,Unfurnished,10.4,2.6,4.9,3.5,79
2394,Pune,Baner,4,3,2032,5,1,6,17,Unfurnished,5.7,3.6,4.7,2.5,165.1
2395,Bengaluru,Whitefield,4,5,2845,13,2,1,5,Semi-Furnished,4.3,4.3,6.8,4.4,302.8
2396,Hyderabad,Kondapur,3,4,2363,23,3,27,29,Semi-Furnished,7,3,7.3,7,186.3
2397,Chennai,Velachery,3,3,2379,22,0,5,7,Semi-Furnished,0.7,4,7.2,5.1,168.8
2398,Chennai,Porur,1,1,644,18,2,11,19,Furnished,3,4,1.8,6.2,44.9
2399,Pune,Kharadi,1,1,616,0,3,8,23,Unfurnished,13.9,4.1,2.4,8.2,34.1
2400,Hyderabad,Gachibowli,3,3,2346,24,3,9,13,Unfurnished,4.3,4,1.2,9.6,192.2
2401,Hyderabad,Miyapur,5,6,2715,6,1,27,29,Furnished,8.9,3.4,7.8,3.9,217.4
2402,Hyderabad,Gachibowli,1,1,816,15,0,4,11,Semi-Furnished,6.1,4.1,7,8.5,59.6
2403,Bengaluru,Indiranagar,2,2,1752,10,2,6,14,Furnished,0.2,2.9,1.3,3.1,227.4
2404,Pune,Hadapsar,2,2,1579,7,2,3,5,Furnished,1.4,3.6,5.4,3.1,123.5
2405,Hyderabad,Miyapur,3,3,2317,21,0,21,28,Unfurnished,1,4.5,7.4,5.7,153.7
2406,Hyderabad,Kukatpally,5,5,2693,12,1,4,15,Unfurnished,9.6,4.3,6,1,195.9
2407,Chennai,OMR,4,4,2617,2,3,1,21,Furnished,5.2,3.1,6.7,5.8,230
2408,Chennai,Anna Nagar,1,1,561,21,1,12,18,Semi-Furnished,12.1,2.9,2.9,9.5,29.5
2409,Hyderabad,Kondapur,4,4,2930,3,3,19,25,Unfurnished,5.7,3.7,1.6,1.5,248.3
2410,Chennai,Porur,2,2,987,18,0,21,25,Unfurnished,4.4,3.9,7.3,3.4,53.2
2411,Hyderabad,Kondapur,1,1,560,16,2,22,27,Semi-Furnished,8.7,3,1.2,8.7,34.3
2412,Bengaluru,Whitefield,1,1,870,22,0,7,8,Semi-Furnished,0.8,2.6,7.2,6.8,73.9
2413,Pune,Hadapsar,5,6,3901,11,2,2,22,Semi-Furnished,2.4,3,6.5,2.1,281.2
2414,Pune,Baner,5,4,3955,9,2,20,27,Semi-Furnished,14.9,4.9,1.8,2.3,318
2415,Hyderabad,Gachibowli,1,1,481,16,2,3,9,Unfurnished,6.2,4.7,6.2,9,33.6
2416,Bengaluru,Marathahalli,3,2,1606,4,2,5,17,Furnished,7.3,2.7,2.2,8,148.7
2417,Bengaluru,Electronic City,2,2,1062,7,3,1,19,Furnished,7.2,2.6,6.3,6.6,99.6
2418,Pune,Kharadi,4,5,2419,1,3,4,20,Unfurnished,6.8,3.3,6.4,8.6,184.5
2419,Bengaluru,HSR Layout,1,1,887,2,0,21,27,Furnished,11.4,4.3,4.1,9.3,87.1
2420,Pune,Wakad,3,3,1724,13,2,14,14,Unfurnished,11.2,4.2,4.4,7,115.1
2421,Pune,Kharadi,2,2,1616,5,1,21,22,Unfurnished,8.4,4.5,4.2,2.7,120.5
2422,Bengaluru,HSR Layout,4,5,2856,0,3,1,28,Unfurnished,9.8,3.1,7.3,5.1,291.6
2423,Hyderabad,Miyapur,5,5,3213,2,0,13,28,Semi-Furnished,9,4.2,5.3,3.9,228.8
2424,Pune,Hinjewadi,3,2,2311,20,0,15,20,Semi-Furnished,10.9,3.9,6.3,3.7,154.1
2425,Pune,Wakad,3,4,2123,16,3,13,27,Unfurnished,1.2,3.9,0.4,3.9,160
2426,Hyderabad,Miyapur,3,3,2085,8,1,5,10,Semi-Furnished,5.2,3,6.8,2.7,135.4
2427,Chennai,Porur,1,1,600,3,3,10,11,Semi-Furnished,1.8,4.4,7.4,1.9,60.2
2428,Pune,Baner,3,2,1821,25,3,6,12,Semi-Furnished,11.1,2.5,6.9,7.6,122.9
2429,Pune,Wakad,4,4,2088,7,2,6,9,Furnished,7.4,3.8,6.5,8.8,180.5
2430,Bengaluru,HSR Layout,2,1,1043,16,0,2,19,Furnished,13.1,4.5,5.3,6.1,101.6
2431,Chennai,Tambaram,3,3,1595,2,1,10,19,Furnished,6.5,4.4,4.1,8.4,108.4
2432,Chennai,Porur,2,2,1007,0,3,3,10,Unfurnished,6.6,4.4,6.3,6.2,72.3
2433,Hyderabad,Gachibowli,2,1,1421,25,0,11,12,Semi-Furnished,8.3,3.4,1,1.3,111.9
2434,Hyderabad,Miyapur,2,2,977,22,2,4,5,Unfurnished,0.9,3.8,7.8,1.6,73
2435,Pune,Hadapsar,4,4,2176,24,0,9,14,Semi-Furnished,7.3,4.8,0.4,7,164.2
2436,Chennai,Velachery,3,4,1873,6,1,4,14,Unfurnished,0.8,3.4,7,8.2,141
2437,Pune,Hinjewadi,1,1,772,9,0,1,11,Unfurnished,5.6,4.9,3.8,3.7,49.6
2438,Pune,Wakad,2,2,1511,11,3,27,29,Furnished,7.1,4.1,4.1,8.2,106.1
2439,Pune,Hadapsar,4,5,2667,15,3,2,16,Unfurnished,7.3,4.1,1.3,2.9,185.7
2440,Bengaluru,Marathahalli,4,4,1885,8,3,0,12,Unfurnished,1.9,3.1,2.9,5.5,190.7
2441,Hyderabad,Kukatpally,2,2,1016,17,0,18,20,Semi-Furnished,11.7,4.3,0.6,6.6,75.2
2442,Chennai,Tambaram,3,3,2619,6,0,17,29,Semi-Furnished,3.7,3.5,1.4,4.3,155.2
2443,Chennai,Porur,2,2,1497,5,3,5,7,Unfurnished,14.2,3.1,2.7,4.8,82.5
2444,Bengaluru,Whitefield,4,3,3372,11,1,17,19,Semi-Furnished,3,4.2,3,7.1,332.9
2445,Chennai,Velachery,3,3,1928,24,0,16,19,Semi-Furnished,10.2,3.6,5.7,5.5,132.9
2446,Bengaluru,HSR Layout,1,1,829,1,3,4,29,Semi-Furnished,0.3,3.2,6.2,6.6,97.4
2447,Hyderabad,Gachibowli,2,2,1312,3,3,15,16,Semi-Furnished,0.4,4.9,1,9,156.7
2448,Chennai,Porur,4,5,2790,2,3,4,13,Unfurnished,6.6,4.4,2.6,9.5,186.7
2449,Chennai,Porur,5,6,4175,2,0,0,30,Furnished,7.6,3.7,0.4,3.2,300.4
2450,Hyderabad,Kondapur,3,3,1409,14,1,4,9,Furnished,10,4.4,4.7,6.5,135.6
2451,Chennai,Porur,1,1,777,24,0,12,13,Furnished,7.8,2.8,3.9,6.6,38.4
2452,Bengaluru,Electronic City,4,4,2380,14,0,13,14,Semi-Furnished,1.8,4.8,1.8,1.8,219.4
2453,Chennai,Velachery,2,2,985,8,2,12,27,Furnished,1.6,4.5,1.6,4.3,95.7
2454,Pune,Hinjewadi,1,1,588,7,3,3,13,Semi-Furnished,2.5,4.7,6.5,5.2,49.3
2455,Chennai,Velachery,4,4,2445,2,1,1,11,Unfurnished,5.2,2.8,0.8,6.3,194.6
2456,Hyderabad,Madhapur,1,2,455,15,0,11,12,Semi-Furnished,8.8,2.6,0.6,8.8,23.7
2457,Chennai,Anna Nagar,2,3,1702,14,1,24,28,Semi-Furnished,3.2,3.2,1.3,8,139.2
2458,Pune,Hinjewadi,3,3,1903,23,1,2,18,Semi-Furnished,12.8,3.3,1.9,7.9,139
2459,Chennai,Porur,2,3,1442,4,2,4,6,Unfurnished,12.8,4,6.9,3.8,78.5
2460,Bengaluru,HSR Layout,2,2,1468,11,1,16,16,Unfurnished,3.3,4.2,7.5,4,150.7
2461,Hyderabad,Kondapur,1,2,611,1,3,21,27,Semi-Furnished,8.9,4.7,5.2,5.1,59.9
2462,Chennai,Anna Nagar,2,2,1085,8,3,15,20,Semi-Furnished,4.4,4.8,4.7,3.4,116.1
2463,Hyderabad,Kondapur,4,4,3452,1,0,0,18,Semi-Furnished,8.1,3.8,1.3,3.7,298.5
2464,Pune,Baner,3,3,2367,14,1,28,30,Furnished,8.5,4.8,7,6.9,202.8
2465,Hyderabad,Madhapur,1,1,883,8,0,5,19,Furnished,3.9,4.9,5.9,6.4,79.8
2466,Pune,Hinjewadi,5,5,2828,20,2,0,19,Semi-Furnished,2.3,4.9,3.1,9.4,242.8
2467,Pune,Baner,2,1,1602,12,0,2,11,Semi-Furnished,9.8,3.1,5.5,7.2,112.1
2468,Bengaluru,Marathahalli,5,5,3345,4,3,18,22,Semi-Furnished,10.3,3.1,1,8.7,308.8
2469,Chennai,Porur,4,4,2488,25,2,22,24,Semi-Furnished,5.4,4.1,6.8,7.6,169.5
2470,Bengaluru,Indiranagar,2,1,1404,22,2,23,26,Furnished,12.1,3.6,1.1,3.1,165.4
2471,Chennai,OMR,2,2,1514,6,3,4,26,Semi-Furnished,1.7,3.5,6.6,7.4,123.3
2472,Chennai,OMR,3,4,2038,21,2,1,8,Unfurnished,5.8,3.8,7.7,9.7,130.1
2473,Bengaluru,HSR Layout,5,5,2405,15,2,20,26,Semi-Furnished,5.5,4.5,7.5,9.8,283.9
2474,Pune,Kharadi,4,5,3427,8,1,9,11,Unfurnished,10.5,3,6.1,8.4,248.5
2475,Pune,Wakad,2,3,1432,6,3,23,29,Semi-Furnished,1.4,4.9,1.2,1.1,130.2
2476,Pune,Kharadi,2,1,1163,6,2,16,27,Semi-Furnished,13.2,4.2,3.2,8.1,92.6
2477,Bengaluru,Indiranagar,1,1,632,15,1,0,8,Semi-Furnished,0.3,3.9,1.8,6,71.9
2478,Chennai,OMR,4,4,3522,7,3,7,19,Unfurnished,2.1,3.7,1.8,9.5,252.7
2479,Chennai,Porur,3,2,1677,21,3,11,26,Semi-Furnished,12.5,4.2,4.3,4.7,108.2
2480,Hyderabad,Miyapur,1,2,527,5,0,20,22,Semi-Furnished,1.5,2.9,6.1,5.7,48.7
2481,Chennai,Anna Nagar,2,2,1510,20,2,13,23,Semi-Furnished,2.1,3,6.6,8.3,130.6
2482,Pune,Baner,1,2,634,14,0,2,11,Unfurnished,12.3,3.9,4.4,8.1,41
2483,Chennai,OMR,4,4,1824,5,2,3,8,Furnished,0.9,3.8,4.5,5.4,173.6
2484,Pune,Baner,3,3,1360,18,2,3,23,Semi-Furnished,0.8,4,7.3,2.6,126.5
2485,Pune,Hadapsar,3,4,1612,14,1,13,21,Furnished,1.7,4.8,2.5,7.2,130.7
2486,Bengaluru,Marathahalli,3,3,1444,21,2,4,17,Unfurnished,13.2,3.2,1.8,3.7,122.6
2487,Chennai,OMR,4,5,2719,8,0,17,19,Furnished,8.5,4.7,3.5,5.6,234
2488,Chennai,Porur,3,4,1904,19,0,2,29,Unfurnished,9.8,4.8,3.8,2.4,118.4
2489,Hyderabad,Miyapur,4,4,3137,18,3,19,22,Furnished,3.4,3.7,0.9,2.4,240.2
2490,Hyderabad,Kukatpally,3,3,2573,16,1,3,13,Furnished,6.7,2.5,3.7,3.6,192.5
2491,Bengaluru,Indiranagar,3,2,2392,14,2,5,17,Furnished,13.5,4.8,1.4,1.5,299.7
2492,Bengaluru,HSR Layout,4,4,2501,24,3,2,8,Semi-Furnished,13.4,5,7.9,2.4,261.9
2493,Hyderabad,Miyapur,3,4,2386,18,2,18,30,Unfurnished,3.7,4.3,1.7,8,151.8
2494,Hyderabad,Miyapur,5,4,3616,15,1,1,18,Semi-Furnished,3.2,3,7.3,1.7,255.4
2495,Bengaluru,Indiranagar,3,3,1606,18,2,17,18,Unfurnished,13.4,4,6.9,8.8,163.3
2496,Hyderabad,Kukatpally,1,2,472,0,3,6,13,Unfurnished,4.3,3.1,7,1.3,40.8
2497,Chennai,Porur,1,2,608,9,1,17,17,Semi-Furnished,10,4.1,6.8,4.4,38.2
2498,Pune,Kharadi,2,1,1266,15,3,9,30,Furnished,11.1,3.1,3.2,5.5,95.9
2499,Bengaluru,Electronic City,5,6,3509,2,2,7,10,Semi-Furnished,13.3,4.1,2.2,7.5,301.7
2500,Pune,Wakad,4,4,3251,8,1,2,7,Unfurnished,10.8,3.9,4.8,8.2,211.8
2501,Bengaluru,Whitefield,3,2,1379,14,0,2,11,Semi-Furnished,0.3,4.3,7.6,3.3,158.3
2502,Pune,Kharadi,4,3,2544,21,2,7,8,Semi-Furnished,5.8,2.5,2.7,5.9,203.6
2503,Hyderabad,Gachibowli,4,4,2558,14,3,14,20,Semi-Furnished,6.1,3.4,3.9,4.9,250.5
2504,Chennai,Tambaram,4,3,2951,11,1,4,5,Semi-Furnished,13.9,4.6,1.4,4.9,167.7
2505,Chennai,Velachery,1,2,636,1,2,19,23,Semi-Furnished,7.5,2.8,4.6,5.4,44.9
2506,Chennai,Anna Nagar,3,3,1691,0,3,5,7,Semi-Furnished,6.3,4,4.9,5.8,172.6
2507,Bengaluru,Marathahalli,4,4,1871,1,3,15,30,Unfurnished,6.3,4.9,1.9,1.3,187.6
2508,Hyderabad,Kondapur,2,1,1098,2,1,7,23,Unfurnished,0.5,2.7,7.4,8.2,90
2509,Hyderabad,Kukatpally,3,3,2377,17,2,15,15,Semi-Furnished,2.2,3.2,1.5,4.5,175.2
2510,Chennai,Velachery,4,5,2318,11,3,16,27,Unfurnished,1.3,3.6,4.7,5.9,190.8
2511,Pune,Hinjewadi,2,2,1257,12,3,13,24,Furnished,3.9,5,6.5,5.9,122
2512,Chennai,Porur,4,4,1939,14,1,12,15,Furnished,10.4,4,6.1,9.9,144
2513,Pune,Wakad,3,4,2584,9,3,5,18,Semi-Furnished,6,4.7,7.5,3.6,191.7
2514,Chennai,OMR,4,5,2191,13,3,23,23,Furnished,13.3,2.6,6.6,1,183.4
2515,Pune,Hinjewadi,5,4,3531,23,1,1,5,Semi-Furnished,10,2.9,7.3,2.1,264.6
2516,Chennai,OMR,5,4,3372,11,3,4,10,Furnished,10.9,3.5,1.7,1.3,273.2
2517,Pune,Kharadi,2,2,1516,6,2,4,6,Unfurnished,3,2.8,1.3,3.2,120.3
2518,Chennai,OMR,2,1,1558,15,2,9,15,Unfurnished,4.3,2.9,1.4,3.5,97.2
2519,Chennai,OMR,4,4,2555,0,1,27,28,Unfurnished,2.9,2.6,4.8,9.5,184.2
2520,Pune,Hinjewadi,2,2,1176,0,2,6,30,Unfurnished,13.6,2.5,4,7,69.6
2521,Chennai,Velachery,2,3,1386,20,1,13,20,Semi-Furnished,4,3.5,3.7,5,105.5
2522,Bengaluru,Electronic City,3,3,2491,3,2,3,19,Unfurnished,6,3.6,2.9,7.2,193.7
2523,Bengaluru,Marathahalli,3,3,2297,22,0,1,9,Semi-Furnished,14,2.7,7.1,8.5,166.8
2524,Bengaluru,Marathahalli,1,2,530,15,2,5,21,Furnished,12.2,3.7,2,9,42.8
2525,Bengaluru,Marathahalli,5,4,3155,14,0,19,27,Unfurnished,14.8,3.4,2.2,7.3,245.3
2526,Pune,Hinjewadi,3,3,1522,25,0,5,18,Furnished,0.7,4.8,3.3,6.9,139.9
2527,Hyderabad,Gachibowli,1,1,877,8,1,8,17,Furnished,6,3.2,1.9,2.4,95.2
2528,Pune,Hadapsar,1,1,525,5,0,1,25,Semi-Furnished,2.4,4.8,7.7,4.6,46
2529,Chennai,Velachery,4,3,3535,20,3,10,22,Semi-Furnished,1.8,4,2,5.9,265.1
2530,Hyderabad,Gachibowli,1,1,480,21,3,10,11,Furnished,5.3,4.3,3.6,9.6,54.1
2531,Chennai,Anna Nagar,4,4,2929,13,0,5,20,Semi-Furnished,4.8,3.7,0.5,3.6,268.5
2532,Bengaluru,HSR Layout,2,2,1739,12,2,25,25,Furnished,10.1,4.6,4.4,9.4,196.3
2533,Chennai,Anna Nagar,4,4,2481,3,3,15,15,Unfurnished,14.6,4.4,6.6,5.6,198.4
2534,Pune,Kharadi,5,6,3720,22,2,13,23,Semi-Furnished,6.3,2.6,7.5,9.3,294.4
2535,Bengaluru,HSR Layout,4,4,2114,5,3,8,28,Semi-Furnished,9.6,2.7,4.6,2.7,248.2
2536,Chennai,OMR,3,3,2073,15,2,6,28,Semi-Furnished,2.1,3.7,3.5,3.5,158.6
2537,Pune,Baner,2,1,1089,19,3,4,6,Unfurnished,11.9,2.9,4.8,2.3,61.4
2538,Bengaluru,Electronic City,2,2,1587,6,1,9,10,Semi-Furnished,0.7,4.3,5.5,9.5,132.5
2539,Pune,Wakad,5,5,2354,14,3,20,26,Semi-Furnished,12.2,3,0.7,5.9,182
2540,Bengaluru,Electronic City,4,5,2737,21,0,3,6,Semi-Furnished,4.8,3.5,7.9,4.4,221.8
2541,Bengaluru,Indiranagar,1,1,557,16,3,5,21,Furnished,11.2,4.8,0.4,3.9,71.9
2542,Chennai,Tambaram,2,3,1711,5,3,4,17,Unfurnished,13.7,2.9,3.7,8.3,83.5
2543,Chennai,Tambaram,5,5,4189,1,2,5,19,Unfurnished,10.1,3.1,5.2,8.9,235.1
2544,Pune,Kharadi,1,1,630,3,2,23,24,Semi-Furnished,1.5,2.6,3.2,5.6,50.6
2545,Pune,Hadapsar,5,6,2943,8,2,8,24,Furnished,11.4,4.2,6.4,6.9,237.9
2546,Chennai,OMR,5,6,3577,13,0,10,12,Unfurnished,0.9,3.9,4.5,7.3,250.7
2547,Hyderabad,Miyapur,2,1,1024,12,1,7,13,Semi-Furnished,1.2,2.8,6.7,9.3,65
2548,Pune,Hadapsar,2,1,993,24,1,0,10,Unfurnished,3.4,3.8,3.1,1.3,66.9
2549,Bengaluru,Marathahalli,1,1,527,6,0,3,11,Furnished,6,4.4,2,1.6,66.6
2550,Bengaluru,Whitefield,2,3,946,5,1,8,8,Semi-Furnished,6.5,3,6.7,2.6,102.2
2551,Hyderabad,Madhapur,1,2,698,20,2,0,17,Unfurnished,0.3,2.8,4.8,10,58.5
2552,Pune,Kharadi,3,3,1706,9,2,7,21,Unfurnished,3.4,4.7,7.3,5.3,139.9
2553,Hyderabad,Kondapur,3,4,1973,13,0,7,8,Furnished,1.1,4.3,4.6,1.1,202.6
2554,Bengaluru,Whitefield,3,2,1445,19,1,23,26,Semi-Furnished,0.3,4.7,7.5,2.8,162.1
2555,Hyderabad,Madhapur,2,2,1015,12,0,2,5,Furnished,13.1,3,2.3,1.7,89.4
2556,Chennai,Velachery,4,5,2128,11,1,1,25,Furnished,1.5,2.8,3.7,6.1,199.3
2557,Bengaluru,Marathahalli,2,2,1295,15,0,1,8,Semi-Furnished,7.7,2.8,3.6,9.3,106.5
2558,Pune,Wakad,5,4,2985,10,0,6,15,Semi-Furnished,13.1,4.4,3.6,3.1,207.4
2559,Bengaluru,Whitefield,5,5,2592,15,2,10,11,Furnished,4.4,4.2,3.1,2.8,310.1
2560,Chennai,OMR,1,1,464,14,2,10,30,Unfurnished,4,3.3,4.5,4.7,32.6
2561,Hyderabad,Madhapur,4,4,2693,14,3,5,6,Unfurnished,9.9,3.1,0.5,5,226
2562,Chennai,OMR,3,3,2009,10,0,7,7,Furnished,6.7,3.6,4.9,5,168.4
2563,Bengaluru,Marathahalli,2,1,1020,22,1,0,9,Semi-Furnished,1.5,2.9,6.7,3.3,85.8
2564,Bengaluru,Indiranagar,5,4,2548,19,0,0,16,Unfurnished,0.8,3.3,0.8,5.2,287
2565,Chennai,Tambaram,1,1,685,1,3,8,13,Semi-Furnished,12.2,3.6,3.7,5.6,37.4
2566,Bengaluru,Whitefield,2,2,1749,1,3,21,28,Semi-Furnished,4.8,3.2,5.6,9.5,174.6
2567,Hyderabad,Miyapur,1,1,501,24,2,13,15,Semi-Furnished,10.5,3.7,3.5,1.6,31.8
2568,Bengaluru,Electronic City,5,6,2368,3,3,4,6,Unfurnished,1.6,3.6,2.8,9.4,218.1
2569,Pune,Hinjewadi,2,2,1581,6,0,11,13,Furnished,14.4,3.3,4.2,2.5,117.5
2570,Bengaluru,Electronic City,2,2,960,19,2,18,25,Semi-Furnished,2.9,3.2,4.6,5.3,77.6
2571,Pune,Wakad,4,4,3068,19,1,10,11,Semi-Furnished,10.6,4.7,5.1,2.5,222.4
2572,Hyderabad,Miyapur,2,3,1581,13,1,19,27,Semi-Furnished,4.8,3.5,4.4,3.4,113.4
2573,Bengaluru,Marathahalli,5,5,3557,23,3,21,30,Semi-Furnished,10.7,4,4.6,6,317.4
2574,Pune,Wakad,2,3,1154,10,1,4,12,Furnished,14.1,4.1,0.7,1.9,91
2575,Bengaluru,Electronic City,1,1,584,22,1,5,7,Semi-Furnished,3.1,4.7,7.9,2.6,56
2576,Bengaluru,Indiranagar,2,3,1086,6,1,14,16,Unfurnished,4.3,3.4,6.5,2.1,135.5
2577,Chennai,Velachery,3,3,1651,2,0,7,8,Semi-Furnished,13.4,3.2,7.9,4,126.4
2578,Bengaluru,Whitefield,5,5,2985,20,2,7,17,Semi-Furnished,13.5,2.7,5.1,2.1,303.4
2579,Chennai,Tambaram,5,5,3280,21,3,2,14,Semi-Furnished,13.2,5,1.6,5,196.3
2580,Bengaluru,Marathahalli,5,6,3784,24,0,7,16,Furnished,1.1,3.3,1.2,4.3,380.7
2581,Hyderabad,Miyapur,2,2,1391,18,1,7,26,Unfurnished,14.4,4.5,4.6,3.3,80.1
2582,Hyderabad,Gachibowli,5,4,2824,8,3,14,14,Furnished,11.2,3.8,5.5,9.8,304.4
2583,Chennai,Velachery,1,1,587,20,3,3,5,Semi-Furnished,11.2,3.5,5.9,4.4,39
2584,Pune,Wakad,4,4,3043,3,1,27,30,Semi-Furnished,7.9,3.7,7.7,6.7,213.8
2585,Hyderabad,Kukatpally,1,1,674,2,2,0,23,Unfurnished,13.5,3.3,1.4,9.9,26.5
2586,Hyderabad,Gachibowli,3,2,1733,15,1,19,22,Semi-Furnished,11.9,4.9,4.2,3,157.7
2587,Bengaluru,Whitefield,5,6,2577,8,2,5,9,Unfurnished,7,3.5,3.2,6.4,263.9
2588,Pune,Hadapsar,3,3,1416,1,0,1,14,Unfurnished,4.2,3.1,0.4,5.3,115
2589,Bengaluru,HSR Layout,5,6,2527,22,2,11,23,Unfurnished,10.6,4.6,6,7.4,261.9
2590,Pune,Baner,4,5,2236,24,3,24,27,Semi-Furnished,2.7,3.1,2.9,5.5,200.2
2591,Bengaluru,Indiranagar,4,5,1832,15,2,20,28,Unfurnished,5.7,3,2.4,7.1,200.1
2592,Hyderabad,Kondapur,2,1,1142,10,3,0,28,Furnished,8.1,4.4,5.2,6.6,117.1
2593,Pune,Hinjewadi,5,6,3116,11,2,14,26,Furnished,6,4.8,2.8,1.7,281.2
2594,Hyderabad,Gachibowli,5,5,2780,12,1,4,26,Semi-Furnished,12.6,3.2,1.1,1.2,281.7
2595,Chennai,Anna Nagar,5,5,2499,16,2,19,30,Semi-Furnished,5,3.4,2.9,8.2,238
2596,Pune,Kharadi,5,5,2405,14,3,11,26,Semi-Furnished,5,4.7,4,8.7,219.5
2597,Chennai,Velachery,3,2,1699,5,2,17,28,Furnished,6.4,4.5,6.8,1.5,158.8
2598,Chennai,Velachery,2,3,1503,24,1,8,24,Semi-Furnished,11.5,5,2.8,2.5,116.3
2599,Pune,Kharadi,3,2,1641,1,1,16,26,Semi-Furnished,0.8,2.5,4.6,7.8,137.4
2600,Hyderabad,Madhapur,3,3,2199,18,2,10,20,Unfurnished,10.5,3.4,5.7,2.8,186.4
2601,Pune,Kharadi,2,2,1064,19,2,2,18,Semi-Furnished,10.9,4.4,0.5,1.5,85.9
2602,Hyderabad,Kukatpally,2,2,1169,13,0,7,7,Semi-Furnished,3,2.9,1.7,4.4,86.1
2603,Bengaluru,HSR Layout,5,4,3424,3,0,2,20,Furnished,12.1,2.6,2.2,9.9,390.7
2604,Bengaluru,Whitefield,5,5,3445,9,0,20,21,Semi-Furnished,6.4,4.5,3.6,7,357.3
2605,Bengaluru,Whitefield,2,3,1466,17,0,5,28,Semi-Furnished,1.2,4,7.5,5.4,158.3
2606,Pune,Kharadi,4,5,2731,7,3,14,15,Semi-Furnished,5.5,3.2,5.1,1.5,231.3
2607,Hyderabad,Miyapur,3,3,1763,11,0,0,8,Unfurnished,9.4,3.9,3.2,3.1,105.5
2608,Bengaluru,HSR Layout,2,2,1568,2,1,2,16,Semi-Furnished,9.9,3.3,6,1.3,157
2609,Pune,Baner,1,2,520,25,3,3,5,Semi-Furnished,10.8,3.3,8,7.7,21.1
2610,Pune,Kharadi,2,1,1330,9,1,8,28,Semi-Furnished,6.9,4.7,7.2,5.1,96.4
2611,Chennai,OMR,4,4,3489,15,1,5,16,Semi-Furnished,2.5,4.4,6.3,4.3,260.5
2612,Pune,Kharadi,1,1,641,17,1,8,22,Semi-Furnished,11.5,4,1,7,44.8
2613,Chennai,Porur,3,2,2136,21,2,18,24,Unfurnished,10.7,4,2.7,8.3,117
2614,Chennai,Anna Nagar,4,4,3371,10,1,9,12,Unfurnished,4,4.9,1.6,8.9,285
2615,Pune,Kharadi,5,5,3602,8,3,0,5,Semi-Furnished,7.2,3.7,5.6,7.9,285.9
2616,Chennai,Tambaram,4,3,3333,19,1,15,18,Unfurnished,9.7,3.4,0.6,2.2,172.7
2617,Hyderabad,Gachibowli,3,2,2295,15,0,15,25,Unfurnished,10.6,3.6,5.5,2,178.7
2618,Chennai,OMR,4,4,3442,21,0,8,17,Semi-Furnished,5,2.9,3,6.8,241.8
2619,Bengaluru,HSR Layout,5,6,4256,21,2,5,7,Semi-Furnished,6.5,4.7,4.3,5.6,452
2620,Pune,Hinjewadi,3,3,2201,21,3,6,7,Semi-Furnished,14.8,4.7,7.8,6.1,153.3
2621,Bengaluru,Indiranagar,3,4,2659,0,2,11,23,Semi-Furnished,10.5,2.8,7.3,3,301.7
2622,Pune,Wakad,2,2,1167,11,0,4,21,Semi-Furnished,9.2,2.7,1.3,9.5,73.8
2623,Pune,Hadapsar,4,4,2942,24,3,15,23,Semi-Furnished,8,3.9,6.7,6.6,202.6
2624,Bengaluru,Whitefield,5,6,3169,1,2,7,10,Semi-Furnished,4,3,4.7,8.5,330.5
2625,Chennai,Porur,1,2,578,4,1,0,5,Unfurnished,4.4,4,5.8,1.1,49.7
2626,Bengaluru,Whitefield,5,4,4307,13,1,0,19,Furnished,5.6,3.4,6.6,1,465.4
2627,Bengaluru,HSR Layout,1,2,546,11,3,6,20,Semi-Furnished,5.4,3.6,3.3,7.6,56.8
2628,Chennai,OMR,1,1,900,0,0,11,11,Unfurnished,3.2,3,1.3,7.9,54.3
2629,Pune,Baner,4,4,3332,25,2,3,9,Semi-Furnished,12.6,2.7,4.6,7.2,240.7
2630,Bengaluru,Marathahalli,1,2,888,21,2,21,21,Furnished,14.5,4.2,4.6,2.8,74.6
2631,Hyderabad,Gachibowli,1,1,707,24,0,15,19,Semi-Furnished,0.6,4.8,5.2,4.8,64.1
2632,Pune,Hadapsar,3,4,1708,16,0,7,25,Unfurnished,14.3,3.3,4.3,4,94.2
2633,Pune,Hadapsar,1,1,791,21,2,1,5,Semi-Furnished,3.4,4.1,1.8,7.7,52.6
2634,Bengaluru,Electronic City,3,3,2267,22,2,14,18,Furnished,8.8,3.4,6.6,8.5,189.6
2635,Hyderabad,Kondapur,4,5,2937,1,3,2,30,Unfurnished,12.9,3.5,1.5,8.6,239.7
2636,Hyderabad,Miyapur,3,3,2577,16,1,16,21,Furnished,13.7,4.8,0.9,2.1,182.8
2637,Pune,Kharadi,4,4,2976,2,1,2,17,Semi-Furnished,5.4,3.5,3,5.6,256.4
2638,Bengaluru,Indiranagar,1,1,786,8,0,9,9,Semi-Furnished,12.9,4,2.6,7,80.4
2639,Chennai,Anna Nagar,4,5,3507,25,3,2,17,Semi-Furnished,3.7,3.9,6.8,4.1,300.6
2640,Hyderabad,Miyapur,1,1,754,11,3,14,28,Semi-Furnished,2.3,3,5.7,9.8,52.4
2641,Chennai,Porur,2,3,1726,0,0,9,23,Unfurnished,9.6,2.6,3.2,6.1,94.7
2642,Bengaluru,Indiranagar,1,2,723,1,3,0,9,Semi-Furnished,0.6,4.6,2,6.7,100.7
2643,Hyderabad,Gachibowli,2,1,1676,18,3,15,17,Semi-Furnished,3.5,2.9,0.4,6.8,145.8
2644,Chennai,Porur,2,3,1270,13,3,3,5,Semi-Furnished,8.8,4.2,3,6.9,84.7
2645,Chennai,Velachery,5,6,4253,15,0,8,15,Semi-Furnished,6.9,4,0.9,3.3,328.7
2646,Chennai,Anna Nagar,4,5,3328,7,0,11,29,Semi-Furnished,7.6,3.8,0.7,2.4,292
2647,Hyderabad,Madhapur,5,5,3980,13,1,8,15,Furnished,11.7,4.7,5.6,6.1,391
2648,Chennai,OMR,1,1,647,3,2,14,24,Semi-Furnished,0.4,2.6,7.4,7,60.3
2649,Hyderabad,Kukatpally,2,2,1163,12,3,22,29,Unfurnished,4.8,3.7,2.2,4.6,90.9
2650,Hyderabad,Miyapur,5,5,2678,6,0,16,23,Semi-Furnished,8.7,3.7,4.3,2.3,195.2
2651,Hyderabad,Kondapur,3,3,2459,20,2,25,25,Semi-Furnished,5.5,2.7,1,9.1,201.6
2652,Bengaluru,Electronic City,5,5,2308,18,2,10,10,Semi-Furnished,1.1,3,4.6,6.6,217.9
2653,Hyderabad,Madhapur,2,2,1471,17,3,13,26,Furnished,6,3.6,8,4.5,135.6
2654,Chennai,OMR,2,2,917,20,1,19,23,Furnished,7.2,3,3.9,3.6,73.4
2655,Bengaluru,Whitefield,5,4,4341,6,3,2,12,Semi-Furnished,8.6,3,5.1,7.2,422.2
2656,Hyderabad,Madhapur,4,5,2296,16,1,3,5,Unfurnished,14,3.9,4.5,2.1,193.4
2657,Hyderabad,Gachibowli,4,5,1915,10,3,12,19,Furnished,7.5,4,7.9,8,221.8
2658,Bengaluru,Whitefield,2,1,1059,16,3,14,15,Unfurnished,5.5,4.1,7.3,3.1,107.2
2659,Bengaluru,Indiranagar,1,2,674,15,3,2,8,Unfurnished,9,4.2,1.6,3.9,79.3
2660,Pune,Hinjewadi,2,3,1188,18,3,8,20,Semi-Furnished,1.6,4.4,2.7,5.1,113.5
2661,Chennai,Tambaram,3,3,2411,17,1,4,15,Semi-Furnished,9.9,4.9,4.7,1.4,135
2662,Chennai,OMR,1,1,611,23,3,7,20,Semi-Furnished,8.2,3.4,2.8,4.9,40.1
2663,Pune,Hinjewadi,3,2,2197,24,0,17,24,Unfurnished,11.1,5,6.9,3,139.4
2664,Hyderabad,Madhapur,4,4,2842,13,0,10,12,Unfurnished,11.2,3.4,1.9,3.2,230.6
2665,Bengaluru,HSR Layout,3,3,1633,8,2,1,19,Semi-Furnished,4.9,4.7,2.9,5.2,195.4
2666,Bengaluru,Indiranagar,2,1,1743,20,1,5,30,Furnished,14.9,4.3,7.3,5.2,184.4
2667,Pune,Wakad,5,6,4145,23,2,13,20,Semi-Furnished,2.9,4.7,2,5.2,296.8
2668,Chennai,Anna Nagar,4,5,3340,22,1,16,18,Unfurnished,14.9,3,1.2,6.5,239.9
2669,Chennai,OMR,2,2,1042,16,0,27,29,Semi-Furnished,5.4,4.2,2.2,7.6,85.9
2670,Chennai,Anna Nagar,3,3,1919,2,1,7,15,Unfurnished,11.5,2.6,2.1,4.6,144.3
2671,Bengaluru,Marathahalli,2,3,1386,6,2,9,26,Furnished,0.3,5,4.8,7.8,163.9
2672,Chennai,Tambaram,1,2,874,25,3,4,25,Unfurnished,2.4,4.3,3.1,5.7,43.4
2673,Pune,Hadapsar,3,4,1948,20,1,7,14,Semi-Furnished,10.3,3.8,7,5.8,120.1
2674,Bengaluru,Electronic City,5,6,2975,16,2,14,17,Furnished,10,3.5,0.9,2.8,271.4
2675,Chennai,Tambaram,1,1,690,5,3,8,9,Semi-Furnished,3.7,3,7.2,3.8,36.8
2676,Chennai,Tambaram,3,2,2643,2,3,7,30,Unfurnished,9.8,3.1,8,1.3,149.8
2677,Hyderabad,Gachibowli,4,5,2281,24,3,5,18,Furnished,14.6,3.8,3.1,3.9,227.1
2678,Hyderabad,Miyapur,3,4,2610,12,1,9,10,Semi-Furnished,11.5,2.8,0.3,3.8,166.5
2679,Hyderabad,Kukatpally,4,3,3315,21,0,6,10,Furnished,4.6,4,5.2,5,254.6
2680,Chennai,Velachery,5,4,3805,4,2,1,13,Furnished,6.4,4.1,4.5,3.6,332.8
2681,Bengaluru,HSR Layout,1,2,628,1,1,8,26,Unfurnished,3.3,3.8,1.8,3.4,74.1
2682,Hyderabad,Kukatpally,1,1,778,0,3,5,29,Semi-Furnished,5.7,2.9,5.4,1.2,62.3
2683,Hyderabad,Kukatpally,4,5,1993,8,2,3,12,Semi-Furnished,11.7,3.7,0.9,5.1,170.6
2684,Chennai,Anna Nagar,1,1,738,25,1,12,14,Semi-Furnished,2.8,2.5,6.3,5.6,51.1
2685,Hyderabad,Kondapur,2,1,1421,18,2,1,9,Furnished,13.1,3.9,1.2,8.3,111.9
2686,Pune,Wakad,3,2,2020,24,0,7,20,Furnished,2.2,4.4,4.9,3.1,156
2687,Bengaluru,Whitefield,2,2,1274,1,1,8,20,Semi-Furnished,12.2,4.5,2.1,3.1,143.7
2688,Chennai,OMR,2,3,1557,12,2,3,13,Semi-Furnished,9,2.9,5.9,7.8,109.2
2689,Hyderabad,Madhapur,2,1,1435,13,2,4,8,Semi-Furnished,9.9,4.6,4.8,1.4,127
2690,Hyderabad,Kondapur,1,1,793,16,3,3,26,Semi-Furnished,0.6,3.3,4.6,9.2,64.7
2691,Bengaluru,Whitefield,1,1,697,8,2,7,13,Semi-Furnished,3.6,2.8,0.9,2.1,84.9
2692,Hyderabad,Gachibowli,2,2,1265,12,2,12,21,Semi-Furnished,14,4.4,4,8,113.3
2693,Pune,Kharadi,1,2,519,7,3,1,17,Semi-Furnished,12.8,4.5,2.3,2.3,51.4
2694,Hyderabad,Madhapur,4,4,2826,20,1,4,16,Semi-Furnished,10.2,4,2.5,3.8,258.5
2695,Chennai,OMR,4,3,2080,12,2,14,20,Semi-Furnished,10.4,3.6,4.6,9.5,161.2
2696,Bengaluru,Whitefield,4,4,2619,15,0,10,19,Unfurnished,12.5,3.9,2.2,3.2,235.6
2697,Chennai,Velachery,5,5,3151,0,1,24,24,Furnished,3.8,3.4,6,8.9,273.5
2698,Chennai,Velachery,2,3,1800,7,2,27,27,Unfurnished,1.4,4,4.9,8.5,129.7
2699,Chennai,Anna Nagar,4,4,3176,20,3,1,19,Unfurnished,8.9,4,4.7,4.8,250.6
2700,Chennai,Anna Nagar,4,4,2977,15,3,9,12,Semi-Furnished,11.7,2.6,1.8,7.2,239.8
2701,Pune,Wakad,4,3,1904,16,0,12,14,Unfurnished,10.2,4.9,2.7,6.6,127
2702,Bengaluru,Whitefield,4,4,3448,3,3,14,26,Furnished,10.2,3.6,7.4,6.3,366
2703,Pune,Wakad,2,3,1153,9,0,0,8,Unfurnished,12.9,3.6,4.6,7.4,67
2704,Hyderabad,Madhapur,4,4,3457,15,1,2,22,Semi-Furnished,2.3,4.4,6.8,2.5,321.9
2705,Chennai,Velachery,3,2,2629,12,0,16,25,Unfurnished,10.8,3.4,8,8,166
2706,Bengaluru,Indiranagar,2,1,1623,25,2,7,11,Furnished,3.2,3.8,3.1,4.6,191.2
2707,Pune,Hinjewadi,4,4,2322,17,0,11,13,Semi-Furnished,0.3,4.4,2.4,8.1,190.9
2708,Hyderabad,Madhapur,2,1,952,23,3,12,14,Unfurnished,11.6,4,1.5,4.7,78.4
2709,Bengaluru,Marathahalli,5,5,3501,4,3,11,11,Unfurnished,14.9,4.3,4.7,7.7,283.8
2710,Chennai,OMR,5,6,3048,25,3,10,18,Furnished,6.8,4.8,4.2,8.5,260.9
2711,Bengaluru,Indiranagar,1,1,879,22,2,9,11,Semi-Furnished,2.3,4.1,4.8,8.2,96.2
2712,Pune,Kharadi,1,1,549,22,3,5,5,Unfurnished,4.5,3.1,0.5,1.6,50.5
2713,Chennai,Tambaram,1,1,600,3,1,6,8,Semi-Furnished,12.7,3.7,1.4,8,20
2714,Hyderabad,Madhapur,4,5,2010,14,3,11,11,Furnished,0.3,4.7,6.2,2.6,240.6
2715,Bengaluru,Marathahalli,5,4,3454,6,0,13,20,Semi-Furnished,2.2,4.7,6.8,4.9,316.9
2716,Chennai,Anna Nagar,2,1,1305,20,1,2,23,Semi-Furnished,4.8,3.6,7.1,2.1,105.6
2717,Chennai,Tambaram,4,4,3138,1,1,0,18,Semi-Furnished,13.6,3.3,6.4,4.2,184.8
2718,Bengaluru,Indiranagar,1,1,581,0,3,1,12,Furnished,2.5,4.4,0.7,8.3,88.3
2719,Pune,Kharadi,4,4,2386,20,0,7,15,Semi-Furnished,2.8,2.9,7.8,2,201.4
2720,Chennai,Velachery,3,3,1691,16,3,7,7,Semi-Furnished,0.4,3.9,0.8,9.8,144.4
2721,Chennai,Tambaram,2,2,1018,7,3,25,29,Semi-Furnished,8.5,4.8,5.3,4.5,71.3
2722,Chennai,Velachery,4,3,2445,3,0,0,19,Furnished,5.3,3.4,4.1,4.3,220.6
2723,Chennai,OMR,5,6,4427,15,2,1,14,Unfurnished,3,4.8,4.8,8.5,314
2724,Pune,Wakad,3,4,2572,4,3,5,12,Semi-Furnished,0.7,4.1,2.9,4.1,201.3
2725,Pune,Hadapsar,4,4,1954,18,1,16,20,Unfurnished,5.2,2.7,7.8,5.1,121.7
2726,Chennai,Anna Nagar,5,4,2520,19,3,5,18,Unfurnished,14.1,3.5,1,3.5,206.5
2727,Chennai,Velachery,4,4,2308,4,1,4,9,Furnished,11.7,2.6,5.5,1.9,205.2
2728,Hyderabad,Kondapur,5,4,2937,18,3,4,7,Unfurnished,12.6,4,7.7,3.3,232.7
2729,Chennai,Porur,1,1,655,16,0,19,20,Unfurnished,11,3.8,0.4,5.6,33.3
2730,Hyderabad,Kondapur,5,4,4488,3,2,1,5,Unfurnished,10.7,2.6,8,6,341.5
2731,Hyderabad,Kondapur,4,4,2498,20,3,25,30,Semi-Furnished,0.8,3,1.1,3.1,222.3
2732,Pune,Kharadi,5,5,3962,0,1,2,25,Unfurnished,14.3,3.2,3.6,5,284.2
2733,Chennai,Velachery,5,4,2860,22,2,16,23,Furnished,6.1,2.9,3.8,8.3,237
2734,Chennai,Porur,3,2,1702,12,0,4,23,Unfurnished,3.5,4.3,2.3,4.9,110.7
2735,Chennai,Tambaram,1,2,650,11,3,20,21,Unfurnished,0.5,4.9,5.1,8.6,47.1
2736,Pune,Baner,1,2,588,11,0,12,21,Unfurnished,10.9,4.8,7.1,2.7,51.7
2737,Bengaluru,HSR Layout,1,2,525,8,3,8,17,Unfurnished,3,2.7,2,8.8,55
2738,Chennai,Tambaram,3,3,2464,12,0,0,21,Semi-Furnished,12.9,3,2.2,9,116.3
2739,Bengaluru,Electronic City,3,3,1638,21,3,16,21,Semi-Furnished,8.3,3.8,4.8,1.1,144.4
2740,Chennai,Tambaram,5,5,2978,11,3,4,30,Furnished,6.6,2.9,2.1,5.8,198
2741,Bengaluru,Indiranagar,3,3,1870,3,1,23,24,Semi-Furnished,11.3,3.4,2.9,9.9,216.4
2742,Hyderabad,Madhapur,2,1,990,14,3,0,7,Semi-Furnished,8.5,3.4,7.3,2.2,87.7
2743,Chennai,Anna Nagar,4,4,3391,11,1,1,13,Furnished,12.6,3.2,2.2,1.7,315.5
2744,Bengaluru,HSR Layout,1,2,879,21,3,18,19,Semi-Furnished,13.3,3.6,4,7.7,74.6
2745,Bengaluru,Whitefield,1,1,788,1,2,4,5,Unfurnished,3.9,4.4,6.8,2.6,75
2746,Hyderabad,Miyapur,4,5,3257,15,2,7,25,Unfurnished,14,4.8,1.4,3.9,205.3
2747,Bengaluru,HSR Layout,3,3,2087,24,3,14,20,Semi-Furnished,6.9,3.1,3.7,4.1,211
2748,Hyderabad,Miyapur,5,5,3014,2,0,8,14,Semi-Furnished,14.9,3.1,3.2,5.8,208.4
2749,Pune,Hadapsar,4,4,2161,25,0,23,29,Semi-Furnished,4.4,3.3,5.6,7.2,147.6
2750,Bengaluru,Electronic City,5,5,4081,24,3,3,6,Semi-Furnished,14.3,4.6,5.6,2.6,322.8
2751,Bengaluru,Whitefield,2,2,1217,13,0,15,18,Semi-Furnished,4.5,4.4,3.7,5.1,129.8
2752,Hyderabad,Miyapur,5,6,3131,22,3,2,28,Furnished,13.1,3.3,5.8,8,220.9
2753,Bengaluru,Whitefield,1,1,833,14,1,10,12,Semi-Furnished,9.5,2.7,2.5,2.9,69.9
2754,Pune,Wakad,4,4,2834,25,3,9,16,Semi-Furnished,8.5,4.1,4.1,5.2,190.1
2755,Pune,Hadapsar,2,2,920,1,0,0,5,Unfurnished,4,3.8,3.4,4.7,64.8
2756,Bengaluru,Electronic City,1,1,700,10,2,4,8,Furnished,11.6,4.4,4.7,4.6,49.4
2757,Hyderabad,Miyapur,1,1,815,8,2,15,21,Furnished,4.2,4.1,4,7.1,64.4
2758,Pune,Kharadi,3,3,2618,9,1,2,6,Unfurnished,2,3.7,6,1.6,200.8
2759,Chennai,Velachery,2,2,1137,13,3,14,16,Semi-Furnished,7.6,3,7.3,8.1,73.3
2760,Chennai,Porur,4,4,1898,6,0,2,5,Semi-Furnished,8.9,4,2.3,5.2,140.8
2761,Bengaluru,Marathahalli,1,2,493,21,0,8,20,Furnished,6,4.3,3.5,7.9,49.3
2762,Chennai,Tambaram,2,1,1370,3,1,12,14,Unfurnished,6,3.8,6.5,8,77.6
2763,Bengaluru,HSR Layout,3,3,2142,18,2,4,27,Furnished,5,3.6,6,4.4,241.4
2764,Hyderabad,Kukatpally,5,4,2476,21,3,8,10,Semi-Furnished,9.9,3.2,3.9,4.5,199
2765,Pune,Hinjewadi,2,3,990,8,1,12,26,Semi-Furnished,3.7,4.4,3.3,8.7,99
2766,Chennai,Tambaram,3,3,1806,18,0,10,23,Unfurnished,9.2,3.3,7.1,4.6,101.1
2767,Hyderabad,Kukatpally,2,3,1048,22,0,1,30,Semi-Furnished,1.3,3.1,3.7,5.2,85.3
2768,Hyderabad,Kondapur,5,4,2620,6,2,27,29,Furnished,3.1,4.8,5.9,7.7,279.9
2769,Bengaluru,Marathahalli,4,4,2127,15,1,25,29,Semi-Furnished,8.8,3.9,3.7,5.2,190
2770,Chennai,Anna Nagar,5,4,4192,2,1,18,27,Furnished,5.9,4.4,7.5,3.9,403.2
2771,Bengaluru,Indiranagar,1,1,786,4,1,11,11,Furnished,3.3,2.8,4.2,2.8,106.3
2772,Pune,Hinjewadi,2,1,1155,13,2,5,7,Semi-Furnished,1.4,2.8,5,1.6,89.6
2773,Chennai,OMR,5,5,3944,24,0,13,20,Semi-Furnished,13.6,3.3,4.9,2.4,274.4
2774,Chennai,Velachery,5,5,4258,21,0,6,18,Unfurnished,10.1,4.4,4.5,8.8,274.6
2775,Bengaluru,HSR Layout,3,3,2462,14,3,5,8,Semi-Furnished,3.1,4.5,4.9,4.7,270.5
2776,Bengaluru,Indiranagar,5,5,4293,8,3,10,13,Semi-Furnished,0.7,4.2,7.2,3.2,507.3
2777,Hyderabad,Miyapur,3,2,2427,17,0,15,22,Semi-Furnished,11.2,4.5,7.6,7.8,147.8
2778,Chennai,Porur,1,1,613,16,0,0,8,Semi-Furnished,9.7,4.7,6.6,5.4,29.8
2779,Chennai,Anna Nagar,4,5,1962,18,1,17,19,Furnished,11,4.9,3.2,8.5,201.5
2780,Chennai,Tambaram,3,3,1799,7,2,14,19,Unfurnished,8.7,4.9,1.8,5.3,122.5
2781,Bengaluru,HSR Layout,4,4,2828,3,0,0,16,Unfurnished,7.4,3,7.1,5.5,272.7
2782,Chennai,OMR,3,3,1586,19,2,2,5,Furnished,0.3,3.7,6.1,1.2,142.8
2783,Pune,Wakad,5,4,3354,11,3,7,19,Furnished,6.3,2.5,4.4,7.7,253.1
2784,Hyderabad,Miyapur,5,4,4048,24,2,7,20,Semi-Furnished,5.6,4,5.3,5.7,265.1
2785,Chennai,Porur,5,5,3733,14,0,1,12,Semi-Furnished,9.3,3.1,2.3,9.6,237.4
2786,Pune,Hinjewadi,4,4,3529,18,2,5,10,Semi-Furnished,7.3,3.7,2.1,6.8,252.9
2787,Bengaluru,Marathahalli,3,4,2260,11,3,1,7,Furnished,11.4,4.6,3.9,4.4,226.3
2788,Bengaluru,HSR Layout,2,1,1554,24,0,2,6,Semi-Furnished,4.9,3.4,1.2,3.1,150
2789,Chennai,Anna Nagar,1,1,823,18,0,7,23,Unfurnished,13.9,3.2,1.3,6.9,47.8
2790,Hyderabad,Madhapur,2,2,1152,1,3,7,15,Unfurnished,13.2,3,5.8,6.5,93.7
2791,Hyderabad,Miyapur,4,4,2831,5,0,12,24,Furnished,8,3.9,6.2,3.9,211
2792,Bengaluru,Indiranagar,2,3,1772,13,1,4,6,Furnished,6.9,4,6.6,7.5,218.6
2793,Pune,Kharadi,1,2,786,18,3,10,21,Furnished,14.6,4.5,6.1,7.2,49.5
2794,Chennai,OMR,4,4,3030,12,1,23,24,Furnished,11.6,2.6,0.9,9.4,227.7
2795,Bengaluru,HSR Layout,4,4,2102,14,1,9,16,Semi-Furnished,0.4,4.1,5.5,7.6,241.7
2796,Hyderabad,Gachibowli,4,5,2454,6,3,4,10,Furnished,4.9,2.7,7.1,8.1,271.5
2797,Pune,Hinjewadi,5,5,2279,15,2,10,27,Semi-Furnished,10.4,4.5,3.1,7.7,190.2
2798,Pune,Wakad,4,4,3582,19,2,6,6,Semi-Furnished,10.5,2.6,0.9,2.7,229.8
2799,Pune,Kharadi,2,1,1698,4,0,12,15,Semi-Furnished,8.4,4.5,6.7,2.6,138.7
2800,Chennai,Velachery,4,4,2028,9,1,1,14,Unfurnished,1.7,3.1,7,4.8,154.9
2801,Hyderabad,Miyapur,3,3,1418,13,2,16,26,Unfurnished,12.9,4.4,6.2,9.4,85.8
2802,Bengaluru,HSR Layout,5,6,3993,10,3,3,6,Semi-Furnished,5.7,4.8,4.6,5,437.2
2803,Chennai,Anna Nagar,1,1,613,23,3,4,20,Semi-Furnished,0.4,2.6,2.8,8.4,52.4
2804,Hyderabad,Gachibowli,5,5,3582,16,3,3,9,Semi-Furnished,7.7,4.4,6.3,6.7,336.3
2805,Hyderabad,Madhapur,3,2,1383,25,2,5,7,Unfurnished,7.1,4.9,6.2,6.2,110.9
2806,Pune,Hinjewadi,5,4,4003,24,0,5,7,Semi-Furnished,9.5,4.9,1,6.8,285.1
2807,Chennai,Tambaram,3,2,1436,1,2,9,15,Unfurnished,9.7,4,1.3,5.3,92.1
2808,Hyderabad,Kukatpally,3,3,2627,7,2,11,18,Semi-Furnished,12.8,4.1,4.2,1.4,194.2
2809,Pune,Wakad,5,5,3902,9,3,2,9,Semi-Furnished,5,3.8,6,5.4,285.7
2810,Bengaluru,HSR Layout,3,2,1957,20,1,4,13,Semi-Furnished,13.1,4,6.7,4.7,196.5
2811,Hyderabad,Gachibowli,1,1,632,6,0,11,13,Furnished,13.6,3.9,6.2,8.2,47.1
2812,Bengaluru,Electronic City,1,1,455,21,3,7,8,Unfurnished,8.8,4.9,1.9,5.5,25.3
2813,Hyderabad,Kukatpally,4,3,2256,0,1,17,25,Unfurnished,9.1,4.2,4.5,4.3,160.4
2814,Chennai,Anna Nagar,3,4,2138,4,2,7,19,Unfurnished,13,3,1.1,5,175
2815,Pune,Kharadi,2,2,1705,24,2,20,20,Semi-Furnished,4.8,3.2,0.6,1.5,132.2
2816,Pune,Hinjewadi,4,4,3135,7,0,10,29,Semi-Furnished,1.6,3.6,7.2,2.6,257.7
2817,Hyderabad,Kondapur,3,4,1529,13,2,6,6,Unfurnished,11.5,3.4,3.6,3.6,125
2818,Bengaluru,Marathahalli,4,4,3291,11,2,1,7,Furnished,14,4.5,4.6,3.3,313
2819,Pune,Wakad,1,1,865,17,1,7,19,Semi-Furnished,14,4.3,2.7,2.6,46.8
2820,Pune,Hinjewadi,4,4,3151,21,0,6,14,Unfurnished,11.5,3.2,6.4,4.9,194.6
2821,Chennai,Velachery,3,3,2016,11,2,2,17,Semi-Furnished,2.3,4.9,5.8,8.5,159.9
2822,Chennai,OMR,3,3,1498,0,2,2,13,Furnished,9.5,4.4,7,4.1,133.6
2823,Hyderabad,Miyapur,3,3,1377,14,1,2,20,Unfurnished,3,3.3,5.6,2.7,102.8
2824,Pune,Hadapsar,1,1,527,13,3,7,10,Unfurnished,2.5,3.5,3.8,9.2,33.3
2825,Chennai,Tambaram,5,5,4325,25,0,20,23,Furnished,11.5,3.8,3.7,7.4,258.4
2826,Bengaluru,Marathahalli,3,3,2593,19,1,2,30,Unfurnished,7.4,4.1,4.1,9.9,204.4
2827,Pune,Kharadi,5,5,2268,21,2,6,12,Semi-Furnished,13.5,4.1,1.9,2.7,189.2
2828,Pune,Hinjewadi,2,1,1395,14,0,7,15,Semi-Furnished,13.7,3.9,4.4,2.7,83
2829,Chennai,OMR,5,4,2681,12,3,8,13,Furnished,2.5,3.6,4.4,8.8,238.4
2830,Bengaluru,Marathahalli,5,5,3044,2,0,8,16,Semi-Furnished,10.1,3.1,4,9.2,273.9
2831,Bengaluru,Electronic City,1,1,746,25,0,5,5,Semi-Furnished,6.5,3.8,6.8,3.1,43.9
2832,Hyderabad,Kondapur,4,3,2089,13,1,4,30,Semi-Furnished,14.3,3.9,5,2.3,188.7
2833,Chennai,OMR,5,5,3995,20,0,24,30,Unfurnished,0.8,3.5,0.8,5.8,263.5
2834,Chennai,Tambaram,5,6,2322,12,1,19,27,Furnished,1.2,3.9,5,6.8,175.4
2835,Pune,Hadapsar,4,5,2566,1,1,17,18,Unfurnished,6,4.8,5.5,2.5,184.1
2836,Pune,Wakad,4,4,1910,16,3,4,7,Semi-Furnished,8.8,3,0.4,9,136.9
2837,Hyderabad,Kondapur,4,4,2614,25,0,0,20,Semi-Furnished,14.8,4.8,4.1,5.6,209
2838,Pune,Hadapsar,5,5,2508,7,1,7,19,Semi-Furnished,13.4,4.8,1.5,8.1,181.8
2839,Bengaluru,Marathahalli,4,4,3378,10,2,0,6,Unfurnished,10.1,4.2,4.5,9.6,276.6
2840,Pune,Baner,3,3,2662,2,3,9,30,Semi-Furnished,4.2,3.9,0.7,8.3,234.4
2841,Bengaluru,Electronic City,4,4,2618,13,1,11,20,Semi-Furnished,9.7,3.4,0.4,8.5,211
2842,Bengaluru,Marathahalli,4,4,1879,0,3,14,28,Furnished,9.3,2.6,1.7,5,195.5
2843,Hyderabad,Madhapur,3,2,1929,6,1,1,12,Furnished,5.7,3.6,3.5,1.2,192.5
2844,Chennai,Tambaram,1,1,766,21,1,5,11,Unfurnished,12.8,3.6,7.9,8.3,20
2845,Bengaluru,Whitefield,4,4,2067,24,3,7,17,Unfurnished,5.8,3.2,7.3,9.6,182.9
2846,Hyderabad,Gachibowli,4,3,3215,14,0,18,24,Unfurnished,7.1,4.3,0.7,7.9,275.2
2847,Chennai,OMR,5,4,2297,0,2,14,18,Semi-Furnished,3.6,3.4,6.5,10,190.3
2848,Chennai,OMR,4,5,2288,11,1,1,13,Unfurnished,14.2,2.9,1.7,9.4,152.3
2849,Pune,Kharadi,1,1,653,13,2,13,28,Unfurnished,4.6,2.9,1.8,9,40.3
2850,Chennai,OMR,3,2,2102,15,0,10,20,Unfurnished,2.1,3.7,5.6,9.4,142.8
2851,Pune,Baner,2,3,1024,10,3,19,21,Semi-Furnished,12.7,3.8,6.5,2,96.6
2852,Bengaluru,Whitefield,4,3,2449,3,0,4,7,Unfurnished,4.1,2.9,5.7,5.5,240.9
2853,Chennai,Tambaram,4,4,1952,21,1,2,19,Furnished,7.2,4.6,5.8,1.8,148.2
2854,Hyderabad,Kukatpally,4,4,2435,10,0,11,22,Semi-Furnished,12.3,3,0.4,2.1,192
2855,Hyderabad,Kukatpally,4,3,2745,0,3,3,8,Semi-Furnished,0.7,2.8,1.3,2.9,219.3
2856,Hyderabad,Miyapur,1,2,533,0,1,15,15,Semi-Furnished,5.5,4.6,2.3,1.3,59.8
2857,Chennai,Anna Nagar,2,3,1640,1,3,4,22,Furnished,1.3,3.6,2.5,3.4,180.1
2858,Chennai,OMR,1,1,899,15,2,10,14,Semi-Furnished,6.7,3.2,6.1,2.3,52.6
2859,Hyderabad,Kukatpally,3,3,1500,25,0,16,18,Unfurnished,1,3.8,7.6,6.4,101.5
2860,Chennai,Porur,2,2,1185,22,3,10,17,Unfurnished,12.7,3.7,3.6,3.9,67.6
2861,Bengaluru,Whitefield,4,4,2988,25,2,3,5,Unfurnished,5,4.6,1.1,7.2,268.9
2862,Hyderabad,Madhapur,3,4,1845,20,0,21,29,Unfurnished,7.5,4,5.6,6.8,154.4
2863,Chennai,Tambaram,4,3,2028,17,1,2,5,Unfurnished,10.2,4.1,7.7,6.7,110.4
2864,Pune,Wakad,2,2,1618,7,2,20,25,Furnished,7.1,3.6,4.9,1.3,130.6
2865,Chennai,Velachery,3,3,1506,21,3,27,30,Semi-Furnished,4,2.5,4.6,5.3,110.4
2866,Hyderabad,Miyapur,3,4,2490,18,3,10,13,Unfurnished,9.4,2.9,0.5,7.5,150.5
2867,Chennai,OMR,5,5,4228,18,1,2,21,Semi-Furnished,6.8,2.9,3.4,1.4,313.4
2868,Bengaluru,Electronic City,1,2,775,3,0,11,24,Furnished,0.7,4.2,5.9,9.1,83.6
2869,Pune,Wakad,4,3,2845,17,0,16,17,Semi-Furnished,1.5,2.8,7.7,8.4,191.1
2870,Chennai,Porur,2,2,1697,5,1,1,12,Unfurnished,6,3.7,3,8.4,103.7
2871,Bengaluru,Marathahalli,3,4,1602,13,1,14,27,Semi-Furnished,14.4,3.2,1.8,8.1,138.2
2872,Pune,Wakad,2,2,1223,20,3,11,12,Semi-Furnished,4,4.8,1.1,9.1,97.3
2873,Hyderabad,Miyapur,3,3,1421,14,1,8,20,Unfurnished,9.8,3.6,5.1,6.5,82.7
2874,Hyderabad,Kondapur,5,5,3601,7,0,18,29,Semi-Furnished,10.4,4.3,4.5,5.4,319
2875,Bengaluru,Indiranagar,3,3,2350,6,3,11,23,Semi-Furnished,3.5,4.3,1.1,9.6,283.5
2876,Hyderabad,Madhapur,5,5,2598,7,2,1,8,Semi-Furnished,9.6,3.1,1.9,2,260.6
2877,Bengaluru,Electronic City,1,1,894,8,3,8,23,Furnished,12.5,4.5,5.8,8.9,62.1
2878,Bengaluru,HSR Layout,2,2,1776,5,0,15,22,Semi-Furnished,8,3.3,5.7,8.2,167.9
2879,Chennai,Velachery,5,4,3268,15,0,11,21,Semi-Furnished,6.7,3.8,4,2.5,248.9
2880,Hyderabad,Kukatpally,5,5,2825,12,0,0,21,Semi-Furnished,12.2,3,0.8,2,211.2
2881,Pune,Hadapsar,3,3,2575,17,1,0,22,Unfurnished,9.6,5,3.7,7.7,146.9
2882,Hyderabad,Gachibowli,2,2,1356,1,2,8,23,Semi-Furnished,4.7,3.4,2.7,5,139.9
2883,Hyderabad,Gachibowli,3,3,2079,10,1,4,11,Semi-Furnished,1.7,2.8,4.2,7,207.1
2884,Bengaluru,Marathahalli,3,2,1629,23,2,15,20,Semi-Furnished,8.4,2.9,2.9,5.4,134.3
2885,Pune,Hinjewadi,3,4,1953,3,2,30,30,Unfurnished,11.2,3.6,0.4,4.7,153
2886,Pune,Hinjewadi,4,4,3367,7,0,1,8,Semi-Furnished,10.5,5,7.9,6.3,249.1
2887,Bengaluru,Whitefield,5,5,4257,6,0,4,11,Semi-Furnished,3.6,3.7,0.9,5.2,436.2
2888,Bengaluru,Indiranagar,5,5,2362,13,0,17,30,Semi-Furnished,13.2,4.7,2.5,9.3,279.1
2889,Hyderabad,Kukatpally,2,1,1300,5,2,9,19,Unfurnished,6.6,3.2,4,2.3,99.5
2890,Chennai,OMR,4,4,3509,4,0,7,15,Semi-Furnished,13.7,3.6,5.2,2.2,253.9
2891,Bengaluru,Whitefield,5,5,4202,17,0,5,12,Semi-Furnished,10.6,2.5,7.8,1.9,402.3
2892,Pune,Hadapsar,3,3,2009,13,2,14,27,Furnished,11.2,4.3,6.3,8.4,140.1
2893,Chennai,Velachery,1,1,583,1,2,5,7,Furnished,10.1,3.5,6.4,3.5,49.9
2894,Bengaluru,Whitefield,1,2,780,15,2,23,24,Semi-Furnished,3.8,4.8,0.5,3,86.5
2895,Hyderabad,Kondapur,1,1,827,20,0,15,17,Unfurnished,1.3,3.1,6.3,9.6,46.6
2896,Chennai,OMR,1,1,470,9,0,2,5,Semi-Furnished,4,3.4,5.1,4.5,41.4
2897,Chennai,Porur,4,4,2148,11,3,2,5,Furnished,8.4,4,6.9,4.6,158
2898,Pune,Kharadi,1,1,548,16,0,15,27,Semi-Furnished,11.1,2.7,4.2,2.5,35.5
2899,Pune,Baner,2,2,961,17,0,10,16,Semi-Furnished,4.8,2.8,7.5,5,80.3
2900,Hyderabad,Kukatpally,3,2,2644,13,2,15,20,Furnished,14.6,4.2,7.1,8.4,192.5
2901,Hyderabad,Gachibowli,2,2,1617,7,0,14,23,Semi-Furnished,1.1,3.4,7.7,1.9,158.6
2902,Chennai,Anna Nagar,4,5,2379,11,1,10,13,Semi-Furnished,14.1,3.9,1.7,9.1,199.9
2903,Hyderabad,Madhapur,4,4,2356,23,2,15,29,Furnished,9,4.3,6.3,5.1,240.5
2904,Hyderabad,Kondapur,3,3,1390,0,2,10,17,Furnished,13,3.1,3.4,8.9,139.3
2905,Bengaluru,Electronic City,5,6,2324,20,3,7,29,Semi-Furnished,10.1,4.2,4,8.2,216.9
2906,Pune,Wakad,4,3,2458,7,2,5,9,Unfurnished,1.7,3.8,1.2,2.1,185.3
2907,Pune,Baner,4,5,3452,14,3,12,18,Semi-Furnished,10.4,2.7,1.2,2.7,278.4
2908,Pune,Baner,2,2,1490,21,1,7,8,Semi-Furnished,8.8,4.6,6.8,5.8,109.1
2909,Pune,Baner,5,4,2357,20,2,13,25,Semi-Furnished,3.3,4.7,4.9,7,225.2
2910,Pune,Hinjewadi,3,3,2262,15,3,4,8,Unfurnished,12.1,4.6,3.9,9.3,144.8
2911,Chennai,OMR,1,1,638,9,2,9,24,Unfurnished,12.5,4.1,5.1,5.8,34.4
2912,Chennai,Velachery,3,4,2640,6,3,4,13,Furnished,8.3,3.4,5.9,7.4,218.3
2913,Pune,Kharadi,2,2,1747,10,2,0,10,Semi-Furnished,14.7,2.6,4.7,4.1,113.6
2914,Hyderabad,Kukatpally,2,3,1651,15,1,20,21,Semi-Furnished,11.7,3.7,4.7,7.1,115.9
2915,Pune,Hinjewadi,5,5,2895,23,3,0,17,Unfurnished,13.9,4.5,4.5,8.1,198.4
2916,Pune,Kharadi,3,3,2457,5,2,11,11,Semi-Furnished,1,3.7,6.7,8.2,200.1
2917,Bengaluru,Indiranagar,4,5,3194,16,2,4,9,Semi-Furnished,6.4,3.2,8,6.3,356
2918,Pune,Hadapsar,3,2,2314,25,1,5,15,Semi-Furnished,1.7,4,3,6.5,151.3
2919,Pune,Hadapsar,5,5,3102,1,3,1,26,Unfurnished,1.1,3,6.8,3.8,227.4
2920,Hyderabad,Madhapur,2,3,1206,7,1,18,18,Furnished,2.8,4.5,5.1,1.9,131.2
2921,Pune,Hadapsar,3,2,1591,20,1,9,23,Semi-Furnished,4.1,3.1,7.9,5.9,104.3
2922,Hyderabad,Kondapur,4,4,3008,11,0,2,7,Unfurnished,3,3.1,6.6,7.7,226
2923,Chennai,Porur,4,5,3192,13,2,3,9,Semi-Furnished,13.9,4.6,4.6,2.9,207.9
2924,Chennai,Velachery,5,5,3826,7,3,15,28,Unfurnished,9.5,4.1,2.8,7.6,264.6
2925,Bengaluru,Indiranagar,4,4,3200,25,0,18,19,Unfurnished,1.3,2.9,0.7,8.6,320.1
2926,Bengaluru,Indiranagar,4,4,2369,20,2,24,26,Semi-Furnished,3.8,3.7,3.3,6,278.2
2927,Pune,Hadapsar,2,2,1781,19,0,5,30,Furnished,14.5,3.6,4.2,5.3,104.2
2928,Pune,Hadapsar,1,1,600,0,3,5,17,Semi-Furnished,13,4.9,3.2,2.6,55.2
2929,Hyderabad,Kondapur,4,4,1952,21,0,0,9,Unfurnished,4.1,4.3,0.4,8.3,168.2
2930,Bengaluru,Marathahalli,3,3,1858,14,0,6,10,Semi-Furnished,8,2.7,5.1,3,158.8
2931,Hyderabad,Gachibowli,5,5,3765,6,0,2,26,Unfurnished,1.9,3.3,2.6,4.6,347.6
2932,Hyderabad,Madhapur,4,3,3222,1,0,22,26,Semi-Furnished,8.6,2.7,7.6,4.2,295.8
2933,Pune,Wakad,1,1,503,22,3,7,11,Unfurnished,12.5,3.7,5.2,1.4,29.6
2934,Hyderabad,Gachibowli,3,3,2197,5,0,17,30,Semi-Furnished,2.5,4.7,7.6,7.1,212.7
2935,Hyderabad,Kukatpally,1,1,718,12,2,13,13,Semi-Furnished,6.5,3.5,1.6,6.9,56.4
2936,Chennai,Velachery,3,2,1916,15,0,0,7,Furnished,0.7,3.3,0.7,9,162.9
2937,Hyderabad,Gachibowli,5,5,3914,1,1,12,20,Semi-Furnished,3,4.7,6.9,8.2,395
2938,Pune,Kharadi,5,6,3958,1,2,8,13,Furnished,5.1,2.9,3.9,1.1,353.1
2939,Bengaluru,Electronic City,4,4,3350,1,3,8,23,Semi-Furnished,10.4,3.5,1.1,7.6,277.2
2940,Chennai,OMR,5,5,4292,24,3,1,8,Semi-Furnished,8.5,4.5,3.2,4.3,311.4
2941,Hyderabad,Miyapur,4,4,2525,15,0,5,22,Semi-Furnished,11.1,3.5,7.7,9,154.4
2942,Chennai,OMR,3,3,1631,19,2,4,29,Semi-Furnished,7.5,4.1,4.4,1.5,126
2943,Hyderabad,Gachibowli,3,2,1815,14,3,28,29,Unfurnished,7.7,4.7,7.6,5,158.4
2944,Chennai,OMR,4,3,2403,4,0,12,19,Semi-Furnished,1.4,4.1,0.6,5.8,205.2
2945,Bengaluru,Indiranagar,3,4,1665,21,1,23,24,Semi-Furnished,7.1,3.5,1.1,1.4,193.9
2946,Pune,Hinjewadi,3,2,1409,25,3,0,18,Unfurnished,12.5,3.6,6.1,2,98.3
2947,Hyderabad,Gachibowli,4,5,2933,8,1,9,21,Furnished,5.6,3.6,4.4,4.9,311.2
2948,Hyderabad,Kukatpally,4,5,2068,22,0,23,24,Unfurnished,12.4,3.9,2.1,6.3,134.1
2949,Bengaluru,Whitefield,5,5,2703,11,1,5,19,Semi-Furnished,9.4,3.8,1.8,9.6,279.7
2950,Chennai,OMR,5,4,2948,21,0,8,16,Furnished,10.4,4.1,6.3,6.3,235.4
2951,Hyderabad,Gachibowli,2,2,1250,24,3,4,30,Unfurnished,3.4,2.7,0.4,6,97.4
2952,Chennai,Tambaram,1,1,885,12,1,1,27,Semi-Furnished,6.1,3.1,0.8,9.1,50.2
2953,Chennai,Porur,1,1,513,12,3,2,17,Semi-Furnished,6.3,5,3.4,8.2,36.3
2954,Pune,Wakad,4,3,2071,24,2,6,12,Semi-Furnished,3,2.9,0.8,2.3,153.9
2955,Chennai,Anna Nagar,1,1,648,19,2,4,5,Semi-Furnished,12.1,3.7,1.9,9.6,41
2956,Pune,Hinjewadi,5,5,3427,3,0,5,6,Unfurnished,6,3.8,4.3,9.9,258.9
2957,Bengaluru,Marathahalli,2,1,1674,0,2,1,18,Unfurnished,12.2,4.6,5.8,1,139
2958,Pune,Hinjewadi,4,4,2957,21,1,11,20,Semi-Furnished,0.3,3.2,7.1,9.8,224
2959,Chennai,Porur,2,1,1169,15,0,7,9,Semi-Furnished,8.7,2.9,3.8,3.4,57
2960,Bengaluru,Whitefield,1,1,772,25,0,8,8,Furnished,5.1,3.7,2.6,2.9,73.9
2961,Hyderabad,Miyapur,3,3,2342,9,0,5,17,Semi-Furnished,7.6,4.5,3.7,4.1,155.2
2962,Hyderabad,Kondapur,2,2,974,10,2,0,6,Unfurnished,2.5,3.7,1,4.9,93.4
2963,Chennai,OMR,3,2,1776,19,0,20,21,Unfurnished,7.8,3.4,1,3.6,108.4
2964,Hyderabad,Kukatpally,3,2,1912,23,2,5,7,Semi-Furnished,9.1,4.6,2,7.9,133.6
2965,Bengaluru,Indiranagar,5,5,4085,7,3,6,24,Unfurnished,14,4.2,1.7,2.8,418.7
2966,Hyderabad,Kondapur,4,4,2642,25,0,2,19,Unfurnished,12.5,4.6,1.9,2.8,210.7
2967,Hyderabad,Madhapur,3,2,2512,7,3,9,17,Furnished,6.6,3,3.6,7.1,237.6
2968,Chennai,Anna Nagar,5,5,3777,13,0,1,16,Semi-Furnished,8.8,5,7.4,4.4,325.9
2969,Hyderabad,Miyapur,4,5,3596,13,1,10,12,Semi-Furnished,2.1,2.5,1.5,8.4,234
2970,Bengaluru,Marathahalli,5,5,2674,21,3,1,5,Semi-Furnished,9.2,4.3,1.5,1.1,250.4
2971,Chennai,Velachery,5,6,3804,13,2,1,19,Furnished,9.9,3.5,6,5.2,312.9
2972,Pune,Kharadi,2,3,1415,0,2,7,11,Unfurnished,1.1,3.9,4.3,9.6,113.9
2973,Hyderabad,Miyapur,4,3,1991,19,1,7,14,Semi-Furnished,9.5,3.7,1.1,7.2,134
2974,Hyderabad,Gachibowli,5,6,3020,12,3,21,21,Unfurnished,9.8,2.7,3.6,9.5,267.5
2975,Hyderabad,Kukatpally,4,3,3592,5,3,1,23,Semi-Furnished,13,3.4,4.5,3.4,250.6
2976,Hyderabad,Kukatpally,5,4,4091,19,1,10,10,Unfurnished,10.1,4,3.8,6.4,253.4
2977,Hyderabad,Gachibowli,5,4,4425,6,2,0,22,Semi-Furnished,13.7,3.4,5.9,3.3,406.4
2978,Pune,Hadapsar,5,4,3362,17,1,4,11,Semi-Furnished,12,3.8,7.4,5.1,224.2
2979,Bengaluru,Indiranagar,1,1,501,6,0,16,26,Semi-Furnished,6.5,3.6,5.9,3.7,53.6
2980,Pune,Baner,2,1,1443,15,0,6,27,Semi-Furnished,2.8,4.9,6.3,7.4,122.7
2981,Pune,Hinjewadi,2,3,1652,16,3,2,5,Furnished,1.4,4.5,2.8,5.9,151.5
2982,Bengaluru,Indiranagar,2,1,1190,5,0,10,20,Semi-Furnished,2.2,3.7,4.9,9.7,130.8
2983,Bengaluru,Whitefield,4,4,2720,7,0,15,16,Semi-Furnished,2.2,3.8,6.7,9.3,276.7
2984,Chennai,Tambaram,3,2,1585,10,3,9,19,Semi-Furnished,5.9,2.8,5,5.4,102.8
2985,Pune,Baner,2,2,1251,21,2,4,9,Semi-Furnished,11.9,3.5,1.6,2.6,97.4
2986,Pune,Wakad,2,3,1383,19,2,3,6,Semi-Furnished,1.7,5,2.3,3,108.9
2987,Bengaluru,Marathahalli,4,4,2284,19,1,6,30,Furnished,10.1,4,3.3,2.4,229.7
2988,Chennai,Tambaram,5,6,3014,18,3,2,18,Unfurnished,5.5,3.4,2.4,6,185.4
2989,Chennai,Velachery,4,3,3245,9,1,4,18,Semi-Furnished,9.5,2.5,3.4,1.5,229.7
2990,Pune,Kharadi,3,4,2653,1,3,4,7,Semi-Furnished,0.7,4.8,0.9,1.4,234.2
2991,Pune,Baner,5,5,3515,10,2,7,28,Unfurnished,1.6,4.7,7,8.7,275.1
2992,Pune,Baner,2,1,1562,10,1,4,27,Semi-Furnished,10.2,3.9,7.5,5.1,123.9
2993,Bengaluru,Whitefield,4,4,2123,3,3,11,17,Furnished,13.5,3.9,1.1,7.7,233.6
2994,Pune,Hinjewadi,1,2,497,6,2,5,5,Unfurnished,0.7,2.6,2.4,2.3,50.8
2995,Pune,Baner,2,2,1752,18,2,21,29,Semi-Furnished,2.3,3.6,5.6,4.2,148.8
2996,Bengaluru,Electronic City,4,5,3176,8,0,6,7,Unfurnished,7.7,4.3,7.1,2.7,253.3
2997,Pune,Baner,3,4,1998,18,1,2,6,Semi-Furnished,10.2,4.7,1.6,8.1,165.6
2998,Bengaluru,HSR Layout,1,1,654,8,1,5,5,Unfurnished,14.5,2.8,7.7,5.1,39.3
2999,Chennai,Velachery,2,2,1507,22,2,14,16,Semi-Furnished,14.2,4.8,5.6,7.6,104.3
3000,Hyderabad,Kondapur,4,5,2065,8,3,8,28,Furnished,7.3,4.5,6.4,8.2,207.8
3001,Chennai,OMR,5,4,3929,14,0,0,5,Semi-Furnished,6.7,3.2,7.9,6.5,268.4
3002,Bengaluru,Whitefield,4,4,2068,3,1,4,21,Semi-Furnished,7.7,4.9,3.9,8,236.6
3003,Bengaluru,Electronic City,5,4,2257,10,2,18,20,Semi-Furnished,1.5,4.4,6.7,7.7,209.1
3004,Chennai,Tambaram,3,2,2682,4,1,3,14,Furnished,4.3,4.3,3.9,1.2,184.1
3005,Pune,Wakad,1,1,752,10,2,5,12,Furnished,8.2,4.5,7.4,8.7,52.8
3006,Pune,Wakad,1,1,717,5,0,3,25,Semi-Furnished,2.9,3.3,1.5,9.7,49.4
3007,Chennai,Anna Nagar,3,4,2483,16,1,14,29,Semi-Furnished,6.9,3.7,3.1,1.3,209.3
3008,Chennai,OMR,4,4,2588,21,1,7,10,Semi-Furnished,14,4.3,7,8.9,169.7
3009,Pune,Baner,4,4,1806,24,3,16,24,Unfurnished,11.1,2.6,4.3,10,136.2
3010,Bengaluru,Indiranagar,5,6,4276,21,2,10,10,Unfurnished,8.9,3.6,6.7,4.5,442.1
3011,Chennai,Anna Nagar,3,3,1570,21,1,11,21,Semi-Furnished,10.8,3.9,4.4,4.6,126.8
3012,Hyderabad,Gachibowli,4,4,2014,10,2,7,10,Furnished,6.8,4.5,6.7,9.9,229.8
3013,Chennai,Anna Nagar,2,2,1109,2,3,7,23,Unfurnished,10,4.1,6.6,4,96
3014,Hyderabad,Miyapur,4,3,3559,14,3,1,16,Unfurnished,12.1,4.5,6.4,2.5,212.7
3015,Chennai,Porur,5,5,4387,21,3,6,6,Unfurnished,2,2.8,2.8,5.6,263.2
3016,Pune,Wakad,1,1,619,6,3,6,17,Unfurnished,8.4,4.1,7.3,7.2,43.7
3017,Pune,Baner,4,4,2166,12,3,6,15,Unfurnished,11.3,3.4,5.4,7.8,161.9
3018,Pune,Wakad,1,2,616,14,1,3,28,Semi-Furnished,9.8,3.1,5,8.3,36.6
3019,Pune,Baner,3,4,1710,20,2,6,26,Semi-Furnished,0.3,3.9,7.5,8.5,156.7
3020,Pune,Hinjewadi,3,4,1818,21,3,10,21,Unfurnished,6.8,3.3,1.1,5.9,131.1
3021,Hyderabad,Gachibowli,2,1,1568,17,3,4,19,Furnished,7.3,3.9,2.4,8.5,148.6
3022,Pune,Hinjewadi,5,6,3898,23,3,12,26,Semi-Furnished,14.5,4.3,0.7,3.4,292.1
3023,Hyderabad,Gachibowli,1,1,650,20,2,14,15,Semi-Furnished,4.7,3.4,6.8,8.6,56.2
3024,Pune,Baner,4,4,3285,4,3,9,20,Unfurnished,1.1,2.5,4.3,6.5,262.6
3025,Bengaluru,HSR Layout,2,1,1526,25,2,5,18,Unfurnished,10.6,4.1,7,8.5,131.2
3026,Chennai,Velachery,4,4,3512,25,0,6,15,Semi-Furnished,13.1,2.9,4.9,9.6,235.7
3027,Hyderabad,Kukatpally,2,2,963,18,3,5,8,Furnished,7.3,4.6,0.7,4.6,85.3
3028,Hyderabad,Madhapur,4,5,1918,10,0,1,13,Unfurnished,9.9,3.9,6.9,5.2,176.9
3029,Bengaluru,Whitefield,5,5,3939,14,0,19,23,Semi-Furnished,0.9,3.7,5,8.4,401.7
3030,Bengaluru,Marathahalli,5,5,2325,16,3,16,22,Semi-Furnished,7.1,4.6,4.5,9.2,222.8
3031,Bengaluru,Indiranagar,3,4,2437,23,3,21,22,Semi-Furnished,2.8,5,7.4,2.7,290.3
3032,Hyderabad,Gachibowli,5,6,2515,10,2,10,20,Semi-Furnished,5.5,2.8,8,8.7,261.8
3033,Bengaluru,Indiranagar,4,4,3288,21,0,5,7,Semi-Furnished,11.5,3.8,0.8,1.2,356.6
3034,Bengaluru,Electronic City,4,4,3047,20,0,7,25,Semi-Furnished,6.4,3.3,4.7,7,233.3
3035,Bengaluru,Whitefield,3,4,2658,7,3,2,22,Semi-Furnished,1.9,4.1,5,4.3,280.1
3036,Hyderabad,Madhapur,4,3,1853,8,3,1,24,Semi-Furnished,11.1,3.2,2.3,7.9,182.1
3037,Hyderabad,Kondapur,1,1,765,8,1,17,20,Semi-Furnished,1.6,4.7,5.1,1.7,88.6
3038,Bengaluru,Indiranagar,5,4,2336,19,3,1,26,Semi-Furnished,12.4,3.8,7.2,8.5,264
3039,Hyderabad,Kukatpally,4,5,1996,3,3,14,29,Semi-Furnished,12.6,3.2,7.8,4.7,169.5
3040,Hyderabad,Miyapur,1,1,829,16,2,4,22,Unfurnished,10.2,3.1,5.3,5.4,38.9
3041,Chennai,Tambaram,2,2,906,1,1,1,6,Unfurnished,1.2,4.5,7,1.8,73.4
3042,Pune,Wakad,2,2,1525,9,3,8,18,Semi-Furnished,1.7,3.2,7.7,4.1,114.3
3043,Bengaluru,HSR Layout,3,2,2576,18,0,0,7,Unfurnished,12.9,3.5,1.9,9.4,229.5
3044,Bengaluru,Indiranagar,4,5,1912,17,2,9,23,Furnished,2.6,3.8,2.1,6.9,256.9
3045,Chennai,Anna Nagar,2,2,1162,17,1,3,7,Semi-Furnished,0.3,2.8,5.3,4,102.8
3046,Chennai,OMR,3,2,1781,19,2,7,16,Unfurnished,14,3.7,0.4,7.8,110
3047,Bengaluru,Whitefield,4,4,2141,10,1,22,26,Unfurnished,4.3,3.1,1.4,7.6,211
3048,Pune,Hadapsar,4,4,2695,5,0,6,20,Furnished,5.7,2.5,5.8,8.7,191.8
3049,Chennai,Porur,1,1,850,16,1,9,24,Unfurnished,12.9,3.9,4.3,2.7,41
3050,Pune,Wakad,5,5,4100,0,3,5,29,Semi-Furnished,5.5,3.8,3.9,3,297.2
3051,Hyderabad,Kondapur,3,3,1628,13,1,6,29,Furnished,10,4.9,8,4.4,146.9
3052,Hyderabad,Kondapur,2,2,1551,14,0,6,29,Furnished,11.6,4.6,7,9.4,125.4
3053,Chennai,Tambaram,5,6,3116,23,3,3,7,Furnished,14.8,4,3.9,5.7,208.1
3054,Chennai,Velachery,5,5,4460,18,0,5,30,Semi-Furnished,9.9,4.4,7.9,8.8,316.9
3055,Chennai,Tambaram,3,3,2671,15,3,12,13,Unfurnished,1.9,4.1,7.4,2.4,146.4
3056,Hyderabad,Miyapur,2,2,1690,13,2,8,26,Semi-Furnished,2.1,3.9,6,2.1,120.5
3057,Pune,Hinjewadi,5,6,2431,23,3,18,23,Semi-Furnished,3.2,4,2.9,1.3,217.3
3058,Bengaluru,Marathahalli,2,2,972,12,1,16,23,Furnished,5.8,3.3,1.7,5.6,102.5
3059,Hyderabad,Gachibowli,2,3,1566,6,0,12,16,Semi-Furnished,9.8,4.1,3.5,2.6,154.4
3060,Pune,Hadapsar,3,2,1637,6,2,8,10,Semi-Furnished,9.3,4.2,6.6,7.1,123.7
3061,Pune,Hinjewadi,5,4,2625,0,3,4,8,Semi-Furnished,2.8,4.9,5.7,1.2,248.7
3062,Pune,Hadapsar,1,1,735,21,2,12,13,Semi-Furnished,3.3,4.6,1.3,2,50.2
3063,Pune,Kharadi,4,5,2235,17,1,2,29,Semi-Furnished,1.3,4.8,0.7,3.7,207.8
3064,Chennai,Velachery,1,2,741,15,2,12,29,Semi-Furnished,11.8,2.9,4.6,6,51.4
3065,Hyderabad,Miyapur,4,4,2747,5,0,22,27,Furnished,1.8,2.9,3.3,6.6,208.7
3066,Pune,Hinjewadi,2,1,1034,21,1,2,8,Unfurnished,8,3.6,6.1,3.8,67.4
3067,Bengaluru,Indiranagar,3,2,1512,17,2,5,24,Unfurnished,3.4,4.6,1.2,4.1,180.9
3068,Bengaluru,Indiranagar,1,1,454,18,2,1,12,Furnished,0.5,4.7,0.8,6.4,74.6
3069,Chennai,OMR,2,3,1788,20,1,3,9,Semi-Furnished,0.5,3,3.8,1.3,124.2
3070,Hyderabad,Miyapur,3,2,1503,24,2,12,17,Unfurnished,10.6,4.5,0.6,5.2,86.1
3071,Pune,Wakad,1,1,636,1,0,6,18,Semi-Furnished,13.3,3.4,2.2,2.9,30.4
3072,Pune,Wakad,4,4,2466,2,0,13,14,Furnished,4.2,4.8,4,1.3,223.4
3073,Hyderabad,Kondapur,1,1,563,21,1,4,5,Semi-Furnished,3.2,4.7,7.5,8.5,49.3
3074,Bengaluru,Electronic City,1,2,608,2,1,13,15,Semi-Furnished,3.7,3.9,2,4.5,68.9
3075,Chennai,Tambaram,3,3,1803,19,0,10,23,Furnished,0.5,2.5,6.4,3.7,114.8
3076,Pune,Kharadi,3,2,1539,22,2,16,18,Unfurnished,2,3.5,0.3,8.5,107.5
3077,Chennai,Anna Nagar,3,3,2145,23,2,5,25,Unfurnished,7.6,4.4,7.3,1.2,165.2
3078,Hyderabad,Gachibowli,4,4,2015,19,0,0,17,Furnished,1.9,3.7,3,5.1,219.4
3079,Bengaluru,Indiranagar,4,5,3098,11,0,6,13,Unfurnished,6,2.9,1.4,6.7,322.6
3080,Chennai,Velachery,5,6,3666,13,3,30,30,Unfurnished,2.3,2.5,6.8,9.5,272
3081,Hyderabad,Gachibowli,2,3,1701,21,2,4,12,Semi-Furnished,11.3,2.7,2.5,2.3,157.6
3082,Pune,Hinjewadi,5,6,3460,10,1,4,7,Semi-Furnished,5.6,2.5,4.6,1.5,270.3
3083,Hyderabad,Kukatpally,5,5,3499,15,1,13,15,Furnished,4,4.5,5.6,6.3,282.4
3084,Hyderabad,Gachibowli,5,4,4382,5,2,1,15,Semi-Furnished,1.9,4.3,5.4,5,416.6
3085,Bengaluru,Indiranagar,1,2,601,3,3,6,6,Semi-Furnished,2.7,3.4,2.9,9.2,73.9
3086,Hyderabad,Madhapur,3,2,2271,13,1,8,10,Unfurnished,8.7,3.2,0.8,4.3,187.6
3087,Hyderabad,Kukatpally,2,3,1528,1,2,17,29,Unfurnished,2.6,2.8,1.7,2.8,125.6
3088,Pune,Hadapsar,1,1,839,24,1,18,30,Semi-Furnished,10,3.4,7.6,2.2,27.7
3089,Pune,Baner,4,4,3276,13,3,8,17,Semi-Furnished,12.3,3.5,2.8,1.4,262.3
3090,Chennai,OMR,1,1,576,25,1,14,16,Furnished,13.2,3.9,1.6,4.9,20
3091,Chennai,Anna Nagar,1,1,572,16,1,10,15,Unfurnished,3.8,4.8,5.5,7.5,51.3
3092,Chennai,Porur,1,1,890,18,0,11,29,Unfurnished,12.9,4.5,6.2,8.9,35.9
3093,Chennai,Velachery,1,2,700,7,0,21,28,Semi-Furnished,12.2,3.1,7.2,3.6,34.5
3094,Pune,Kharadi,4,5,3013,4,0,20,23,Unfurnished,0.5,2.5,4.1,1.9,235.6
3095,Chennai,Tambaram,3,3,2063,22,2,3,5,Semi-Furnished,14.8,2.8,2.7,5.6,109.7
3096,Pune,Wakad,5,5,3256,3,2,25,28,Semi-Furnished,7.5,4,4.9,5.2,241.8
3097,Pune,Wakad,4,4,2136,22,3,2,11,Furnished,14.2,3.7,0.6,7.1,164.6
3098,Hyderabad,Miyapur,1,1,659,12,2,25,26,Furnished,13.9,3.2,5.6,3.8,23.5
3099,Pune,Kharadi,5,5,2865,18,3,17,17,Unfurnished,9.6,3.6,7.5,8.3,215.7
3100,Hyderabad,Kukatpally,1,1,798,8,1,6,12,Semi-Furnished,6.7,4.3,2,3.2,53.7
3101,Bengaluru,Whitefield,5,5,3039,9,0,5,11,Furnished,7.3,2.8,3.7,6.1,333.1
3102,Hyderabad,Gachibowli,3,4,2131,5,0,6,19,Unfurnished,8.2,4.7,6.1,7.6,187.8
3103,Chennai,Anna Nagar,3,4,1975,14,1,1,7,Semi-Furnished,7.8,3.3,1.7,4.6,175.9
3104,Hyderabad,Gachibowli,5,5,3165,17,1,0,6,Unfurnished,10.1,3.7,6,9,270.4
3105,Pune,Hinjewadi,5,4,3333,2,0,21,29,Unfurnished,4.4,3.5,5.8,6,250.9
3106,Pune,Hinjewadi,4,4,2337,22,3,6,6,Semi-Furnished,3.4,4.5,6.7,1.7,198.3
3107,Hyderabad,Miyapur,1,1,681,4,1,23,23,Unfurnished,11.2,2.5,2.9,6.8,20.1
3108,Bengaluru,Electronic City,5,4,2581,12,2,13,20,Unfurnished,2.9,3.7,4.6,9.8,213.2
3109,Hyderabad,Madhapur,2,3,1564,4,1,15,25,Furnished,11.8,2.8,0.9,4.1,147
3110,Bengaluru,Electronic City,5,5,2389,5,0,6,11,Semi-Furnished,6.2,4.1,2.2,3.8,235.2
3111,Pune,Hadapsar,4,5,1827,4,3,9,14,Furnished,7.2,3.5,5.6,3.3,163.4
3112,Hyderabad,Kondapur,1,1,750,2,3,17,20,Unfurnished,8.1,4.2,3.7,6.7,65.9
3113,Chennai,Porur,2,1,1695,17,1,5,30,Semi-Furnished,9.8,3.8,2.4,6.1,88.5
3114,Chennai,Velachery,4,4,2297,24,1,3,6,Unfurnished,4.6,3.8,1.1,7.1,163.8
3115,Bengaluru,HSR Layout,1,2,705,17,0,4,7,Semi-Furnished,0.8,2.7,5.7,1.7,68.8
3116,Hyderabad,Kondapur,3,4,1565,5,0,6,22,Semi-Furnished,2.1,3.9,2.7,4,153.5
3117,Pune,Hadapsar,5,6,2537,15,1,25,30,Unfurnished,6.9,4.9,0.5,4.7,194.7
3118,Chennai,OMR,2,3,1470,18,0,11,18,Semi-Furnished,4.5,4.2,4.9,3.3,104.9
3119,Pune,Kharadi,2,2,1387,23,2,2,18,Furnished,7.7,3.4,2.9,5.1,114.1
3120,Chennai,Porur,2,2,1247,16,1,2,18,Semi-Furnished,10.3,4.5,7.3,2.7,73.6
3121,Bengaluru,HSR Layout,5,6,2403,9,1,4,13,Semi-Furnished,2.9,4.6,3.3,6.8,285.5
3122,Pune,Hadapsar,2,2,1708,18,0,3,17,Semi-Furnished,14.4,3.6,3.5,7.9,91
3123,Hyderabad,Madhapur,5,4,3495,6,3,1,13,Semi-Furnished,6.7,4.7,4.5,1.1,346.5
3124,Chennai,Anna Nagar,1,1,718,13,0,18,24,Semi-Furnished,14.7,4.7,6.8,7.7,37
3125,Bengaluru,Whitefield,2,2,1537,9,0,10,10,Semi-Furnished,5.6,3.2,3.1,1.4,162
3126,Pune,Baner,4,4,2547,10,3,8,14,Semi-Furnished,9.6,3.9,7.8,7.2,217.1
3127,Hyderabad,Kondapur,4,3,3584,10,2,6,20,Semi-Furnished,9.5,4.9,2.5,1.5,306.3
3128,Hyderabad,Kukatpally,4,3,2635,25,0,10,26,Unfurnished,1.4,3.4,0.5,7.2,172.8
3129,Chennai,Tambaram,5,6,2624,16,0,3,14,Unfurnished,10.4,4.7,3.3,6.6,159.9
3130,Pune,Baner,3,3,2155,25,0,17,17,Unfurnished,11.7,3,0.5,2.7,154.8
3131,Bengaluru,Electronic City,5,6,3889,12,0,22,22,Semi-Furnished,14.1,4.5,1.2,5.2,315.7
3132,Hyderabad,Kondapur,1,1,777,0,1,7,18,Furnished,8,3.2,1.1,8.2,67
3133,Bengaluru,Indiranagar,5,4,2924,5,1,4,5,Semi-Furnished,4.5,3,7.5,7.2,333.6
3134,Bengaluru,Electronic City,3,3,2250,19,0,3,6,Unfurnished,6.1,4.5,6.9,6,157
3135,Bengaluru,Whitefield,4,4,2658,11,3,6,21,Semi-Furnished,1.3,4.2,1.1,8.1,280.7
3136,Bengaluru,Indiranagar,4,5,2789,12,3,11,24,Furnished,9.9,4.1,6,7.5,341
3137,Pune,Kharadi,2,3,981,18,3,10,20,Semi-Furnished,6.9,5,6.5,1.3,96.5
3138,Chennai,Anna Nagar,1,1,725,22,2,3,14,Semi-Furnished,11.1,2.8,6.8,5,41.6
3139,Hyderabad,Madhapur,4,5,2797,8,3,19,21,Furnished,6,4.7,4.3,5.3,297.1
3140,Hyderabad,Kondapur,1,1,615,18,0,23,28,Furnished,4.4,2.6,2.5,3.6,47.8
3141,Bengaluru,Indiranagar,1,2,520,11,2,5,13,Semi-Furnished,7.3,3.5,0.8,4,64.9
3142,Bengaluru,Marathahalli,4,4,1912,14,2,3,7,Semi-Furnished,14,3.5,0.4,5,171.5
3143,Hyderabad,Madhapur,3,4,2421,19,0,0,26,Semi-Furnished,9.8,3.8,4,1,221.8
3144,Chennai,OMR,1,1,744,20,1,19,30,Semi-Furnished,14.8,3.5,7.6,8.5,32.5
3145,Pune,Baner,4,4,1988,24,3,15,29,Unfurnished,6.2,3.5,5.9,7.6,163.2
3146,Pune,Hinjewadi,4,4,3429,7,3,8,11,Unfurnished,0.4,3,6,4.7,246.2
3147,Pune,Baner,1,1,656,12,2,26,30,Unfurnished,7.4,2.6,2.7,4.5,38.5
3148,Bengaluru,Electronic City,5,5,3426,3,1,7,8,Semi-Furnished,0.9,3.9,0.5,1.7,306.6
3149,Bengaluru,Electronic City,5,5,4431,0,0,21,30,Semi-Furnished,12.4,3.4,6.9,3.9,351
3150,Chennai,Tambaram,5,6,3965,19,0,0,6,Semi-Furnished,13.2,3,6.3,3.8,227.3
3151,Hyderabad,Kondapur,1,1,776,14,2,8,21,Semi-Furnished,2.4,3.6,3.5,8.6,67
3152,Bengaluru,Indiranagar,4,4,3447,7,1,5,12,Semi-Furnished,12.7,3.3,1.5,1.8,380.9
3153,Chennai,Tambaram,4,5,1971,13,1,22,23,Semi-Furnished,1,3.5,0.8,2.9,149.4
3154,Hyderabad,Kukatpally,2,2,1553,13,2,3,9,Unfurnished,15,3.4,7.2,4.3,86.3
3155,Hyderabad,Madhapur,1,1,839,24,2,13,28,Semi-Furnished,2.8,3.2,5.5,1.7,72.7
3156,Bengaluru,Marathahalli,5,4,3479,21,1,6,15,Semi-Furnished,12.3,3.2,1.7,6.7,305.9
3157,Pune,Wakad,5,6,2259,15,0,7,29,Semi-Furnished,15,3.2,5.8,8.2,169.9
3158,Bengaluru,Electronic City,1,2,794,8,0,10,21,Unfurnished,10.5,3.8,7.8,7,39.8
3159,Chennai,Anna Nagar,3,4,2069,2,1,3,6,Semi-Furnished,10,4.1,1.1,6.6,196.2
3160,Chennai,Porur,4,4,3109,14,1,7,15,Semi-Furnished,3.6,3.3,2.4,3.8,216.2
3161,Chennai,Anna Nagar,2,1,1604,10,2,0,26,Unfurnished,14.8,4.4,5.9,2.9,117.6
3162,Hyderabad,Kukatpally,5,6,3245,0,2,6,26,Semi-Furnished,12.8,3.1,2.4,7.6,252.7
3163,Bengaluru,Marathahalli,2,3,1045,0,2,11,26,Semi-Furnished,5.6,3.4,7.4,9.9,108.8
3164,Chennai,Porur,4,4,2587,25,2,14,28,Semi-Furnished,3.5,5,2.1,3.2,185.2
3165,Chennai,Velachery,1,1,746,21,2,5,7,Semi-Furnished,8.3,3.8,1.7,8.9,51.7
3166,Hyderabad,Miyapur,3,4,1718,23,1,14,24,Semi-Furnished,0.4,4.6,4.6,6.1,137.3
3167,Chennai,Tambaram,1,2,835,9,2,5,18,Semi-Furnished,10.2,3.4,3.9,9.1,48.5
3168,Pune,Hinjewadi,5,6,3710,16,3,1,15,Semi-Furnished,8.4,2.6,1.3,5.4,295.1
3169,Bengaluru,Whitefield,3,4,2548,1,3,3,14,Semi-Furnished,9.6,4.6,7.4,3.3,274.7
3170,Bengaluru,Marathahalli,2,1,1052,9,2,8,29,Unfurnished,7.3,4.1,4.7,1.7,94.8
3171,Hyderabad,Gachibowli,1,1,479,24,1,12,29,Semi-Furnished,2.9,4.2,5.3,7.6,42.1
3172,Chennai,Velachery,4,3,3107,24,3,13,18,Unfurnished,1.2,2.6,5.6,3,207.3
3173,Chennai,Tambaram,3,3,1401,17,1,3,8,Unfurnished,0.3,4.3,0.9,8.8,89.4
3174,Hyderabad,Kondapur,2,1,960,15,2,6,7,Furnished,10.7,3.2,7.6,5.9,67.3
3175,Chennai,Velachery,5,5,2644,12,3,3,9,Unfurnished,14.9,3.5,6,9.9,186.5
3176,Hyderabad,Kukatpally,1,2,481,13,3,7,25,Semi-Furnished,6.9,3.8,5.1,1.7,37
3177,Hyderabad,Gachibowli,1,2,532,25,0,21,21,Unfurnished,9.4,4.9,4.4,1.4,35.2
3178,Hyderabad,Kukatpally,1,1,842,12,2,13,19,Semi-Furnished,8.2,3.4,6.1,5,42.9
3179,Bengaluru,HSR Layout,4,5,3583,23,2,18,25,Semi-Furnished,13.8,4.4,7.5,9.8,365.3
3180,Hyderabad,Miyapur,5,5,4228,16,2,22,22,Furnished,4.9,3,0.6,1,307.8
3181,Bengaluru,HSR Layout,3,3,1400,8,1,3,5,Furnished,0.2,2.9,7.6,5.2,174.5
3182,Pune,Baner,2,3,1724,9,0,6,18,Semi-Furnished,5.3,2.8,6.9,2.3,148.7
3183,Bengaluru,Whitefield,2,2,1419,5,0,5,20,Furnished,14.4,4.2,7,5.9,150
3184,Chennai,Porur,1,2,900,22,0,2,8,Semi-Furnished,7.6,3.3,5.7,3.1,42.3
3185,Chennai,Tambaram,4,4,1989,3,1,3,19,Semi-Furnished,7.8,2.5,4.4,1.9,145.3
3186,Pune,Kharadi,4,4,2552,4,0,4,15,Furnished,7.4,4.6,3.8,1.7,236.7
3187,Hyderabad,Kukatpally,5,6,4404,20,3,6,13,Furnished,12.5,2.8,3.9,3.1,344.4
3188,Chennai,Tambaram,5,5,3034,20,3,2,14,Semi-Furnished,4.9,3.6,3.2,6.2,195.5
3189,Pune,Kharadi,2,2,990,12,3,1,6,Semi-Furnished,14.6,4.1,5.4,7.7,63
3190,Chennai,OMR,5,5,2503,21,3,20,30,Furnished,5.4,5,1.1,6.5,222.6
3191,Bengaluru,HSR Layout,2,1,1566,9,3,4,20,Semi-Furnished,8.9,2.7,1,6.7,160.4
3192,Chennai,Velachery,2,2,993,12,1,21,29,Furnished,10.3,4.8,6.3,4.9,84.8
3193,Hyderabad,Kondapur,4,5,1909,21,1,4,5,Semi-Furnished,5.4,2.7,4.3,3.4,170.1
3194,Bengaluru,Indiranagar,2,2,1345,16,0,16,27,Semi-Furnished,9.3,4.8,7.7,3.2,147.7
3195,Chennai,Anna Nagar,1,2,687,12,1,8,8,Semi-Furnished,4.5,2.6,3.4,5.5,50
3196,Bengaluru,HSR Layout,4,4,3293,9,3,4,5,Semi-Furnished,9.6,4,2.9,4.8,346.7
3197,Hyderabad,Miyapur,3,3,1892,16,1,4,17,Semi-Furnished,13.6,3.1,6.9,2.7,116.8
3198,Bengaluru,Marathahalli,4,5,2624,7,2,2,5,Semi-Furnished,9.4,4.9,6,3.4,262.4
3199,Pune,Baner,2,2,1210,12,3,10,21,Furnished,1.9,4,0.8,4.3,124
3200,Bengaluru,Electronic City,2,2,1235,8,3,5,5,Semi-Furnished,5,4.1,3,9,105
3201,Chennai,Porur,1,2,662,13,2,14,22,Semi-Furnished,1.9,3.9,2.2,2.6,55.9
3202,Pune,Hadapsar,2,2,1258,19,2,5,22,Semi-Furnished,13.1,2.8,2.3,2.1,80.2
3203,Hyderabad,Kukatpally,1,1,900,11,1,1,14,Semi-Furnished,10.6,3.4,3.4,8.3,41.3
3204,Hyderabad,Gachibowli,1,1,794,24,3,9,12,Semi-Furnished,10.3,2.7,1.6,6.2,61.9
3205,Bengaluru,Electronic City,5,5,3403,17,0,3,26,Unfurnished,7.2,2.8,3.7,5.4,247.3
3206,Chennai,Tambaram,5,5,3047,19,0,3,23,Semi-Furnished,4.4,3.7,7.3,3.3,199.1
3207,Hyderabad,Madhapur,1,1,535,18,0,8,17,Furnished,9.2,4.4,2.8,7.7,33
3208,Bengaluru,Indiranagar,4,4,2459,4,3,10,25,Semi-Furnished,14.5,3.8,7.5,3.1,293.4
3209,Chennai,Tambaram,2,3,944,0,0,0,16,Semi-Furnished,2,3.8,4.5,1.1,87.1
3210,Hyderabad,Gachibowli,3,3,2284,17,1,12,22,Furnished,11.1,4.1,6.4,6.9,223.9
3211,Hyderabad,Madhapur,1,2,486,1,0,13,29,Semi-Furnished,2.7,2.9,7,6.3,48.5
3212,Pune,Wakad,1,1,587,2,2,2,27,Furnished,14.9,2.6,0.3,8,40.4
3213,Pune,Wakad,5,5,3512,4,3,5,11,Semi-Furnished,12.8,3.3,1.6,8.9,245.4
3214,Pune,Baner,5,5,3688,19,0,4,6,Unfurnished,11.7,3.1,2.1,4.3,269.5
3215,Chennai,Tambaram,2,2,1168,12,1,16,25,Furnished,1.6,3.6,5.4,1.2,83.5
3216,Pune,Baner,2,1,1614,20,1,13,23,Unfurnished,10.8,4,6.1,9.8,103.9
3217,Chennai,OMR,4,5,2959,10,1,1,25,Unfurnished,9,4.8,5,7.6,197.9
3218,Chennai,Anna Nagar,5,4,2540,17,0,20,20,Unfurnished,4.3,4.5,2.6,7.6,214.6
3219,Chennai,OMR,1,1,665,5,3,0,16,Furnished,7.5,3,0.5,1.5,62.8
3220,Hyderabad,Kondapur,4,3,1964,18,3,13,14,Unfurnished,11.5,4.2,2.8,3.9,156.5
3221,Bengaluru,Electronic City,3,3,2653,13,0,22,27,Semi-Furnished,6.5,4,0.4,1.9,222.3
3222,Hyderabad,Madhapur,2,3,1777,4,2,5,27,Unfurnished,9.8,4.2,6.3,7.1,138.8
3223,Chennai,OMR,5,4,3860,20,3,4,9,Semi-Furnished,11.8,2.6,7.5,8.3,259.7
3224,Pune,Wakad,3,4,2342,9,3,7,17,Furnished,14.4,4.9,4.4,4,175.1
3225,Hyderabad,Miyapur,1,1,468,22,3,4,12,Semi-Furnished,4.7,4.4,0.9,1.1,36.3
3226,Bengaluru,Whitefield,2,2,1099,0,2,27,29,Semi-Furnished,13.2,3.6,2,8,108.9
3227,Bengaluru,Marathahalli,4,5,2504,14,2,11,28,Semi-Furnished,5.1,3.5,2.8,4.5,240.1
3228,Hyderabad,Kukatpally,4,4,2825,15,1,12,26,Semi-Furnished,14.6,3.7,2,1.5,197.5
3229,Chennai,Anna Nagar,4,4,2497,7,1,7,14,Semi-Furnished,5.4,4,5.2,9.8,221.7
3230,Pune,Hinjewadi,3,2,1987,11,0,12,15,Unfurnished,3.1,2.6,4.9,4,130.3
3231,Hyderabad,Miyapur,1,2,781,3,1,20,22,Semi-Furnished,13.1,4.1,3,6.1,42.9
3232,Hyderabad,Madhapur,2,2,1195,2,3,2,19,Unfurnished,0.3,2.8,5.6,5,122.6
3233,Chennai,Velachery,4,3,3499,8,0,16,23,Semi-Furnished,2.5,2.7,2.3,7.2,259.9
3234,Chennai,Tambaram,3,3,2652,9,3,16,17,Semi-Furnished,3.3,3.8,0.9,6.7,156.5
3235,Pune,Kharadi,4,4,3289,10,0,9,22,Unfurnished,11.9,3.5,2.7,7.5,235.2
3236,Pune,Hadapsar,1,1,890,10,1,2,26,Unfurnished,6.4,3.4,5.7,5.4,38.8
3237,Chennai,Anna Nagar,5,5,4452,24,3,18,18,Semi-Furnished,8.6,4.6,5.2,4.7,371
3238,Hyderabad,Kukatpally,5,5,4097,6,0,16,30,Semi-Furnished,3.8,4,2.7,2.5,308.1
3239,Chennai,Anna Nagar,5,5,3076,5,2,16,27,Unfurnished,11.3,3.2,2.8,5.5,265.2
3240,Pune,Wakad,4,4,3379,6,2,4,8,Semi-Furnished,7.8,3.5,1.3,7.3,232
3241,Hyderabad,Kukatpally,3,2,1615,16,0,3,6,Unfurnished,9.5,3.7,2.1,3.7,101.7
3242,Chennai,Tambaram,1,1,782,23,3,3,11,Semi-Furnished,6.1,2.7,3.4,2.6,43
3243,Pune,Hinjewadi,2,2,1054,3,2,23,28,Furnished,4.2,4.1,5.9,9.5,104.4
3244,Hyderabad,Kukatpally,2,2,1584,12,2,2,6,Semi-Furnished,12,3.3,3.1,4.5,108.9
3245,Bengaluru,HSR Layout,3,3,2691,15,1,4,10,Unfurnished,4.9,4.3,3.1,8.3,251.7
3246,Pune,Hinjewadi,1,1,763,0,0,5,13,Semi-Furnished,13.7,2.8,3.1,6.7,37.3
3247,Hyderabad,Miyapur,4,3,3340,11,3,21,22,Unfurnished,5.2,4.9,3.4,5.6,216.3
3248,Hyderabad,Miyapur,2,2,1114,19,3,8,14,Semi-Furnished,8.8,2.6,7,7.4,62.6
3249,Bengaluru,HSR Layout,5,4,4137,19,1,12,17,Unfurnished,10.2,2.5,2.2,9,376.9
3250,Hyderabad,Kukatpally,3,2,2032,13,3,10,16,Semi-Furnished,11.5,4.1,6.1,6.8,138.8
3251,Pune,Hadapsar,4,4,2135,6,1,2,14,Unfurnished,3.8,2.7,2.1,1.6,148.1
3252,Hyderabad,Kukatpally,5,6,2662,23,1,7,17,Semi-Furnished,1.4,4.2,6.5,8.6,224.3
3253,Bengaluru,Whitefield,2,3,1011,4,1,2,11,Semi-Furnished,10.3,4.8,6.2,3.4,118.6
3254,Bengaluru,Electronic City,3,3,1629,4,2,19,28,Unfurnished,4.5,2.6,2.1,2.2,145.3
3255,Hyderabad,Gachibowli,1,1,516,14,1,21,22,Semi-Furnished,4.1,3.1,0.8,6.3,47.4
3256,Hyderabad,Madhapur,3,3,1681,19,2,3,17,Semi-Furnished,7.4,3.5,4.8,9,154.9
3257,Chennai,Tambaram,4,5,2385,1,3,18,19,Furnished,3.4,2.7,2.4,6,168.4
3258,Pune,Hinjewadi,5,4,3856,7,1,1,17,Unfurnished,14.2,4.8,5.9,4,267.3
3259,Bengaluru,Indiranagar,1,2,831,24,1,5,18,Semi-Furnished,4.5,4.5,5.4,6.1,93
3260,Pune,Wakad,5,5,3481,6,1,4,7,Semi-Furnished,9,2.9,7.9,9.5,249.2
3261,Bengaluru,Marathahalli,1,1,706,10,1,5,28,Unfurnished,9.1,2.6,1.4,7.1,50.8
3262,Chennai,OMR,1,1,603,2,1,5,14,Furnished,2.9,5,2.2,4.3,65
3263,Hyderabad,Miyapur,5,5,3178,22,2,2,6,Semi-Furnished,2.5,4.9,5.6,2.8,244
3264,Chennai,OMR,3,3,2050,17,1,11,11,Semi-Furnished,7.7,4.9,3.1,6.6,157
3265,Hyderabad,Kondapur,2,1,1493,20,2,15,15,Semi-Furnished,5.3,3.8,7.9,4.1,126.6
3266,Bengaluru,HSR Layout,2,2,914,0,3,4,5,Semi-Furnished,13.3,3.9,4.9,3.7,113.2
3267,Pune,Kharadi,3,4,2640,24,2,9,10,Unfurnished,8.3,4.3,7.6,4.4,180.8
3268,Pune,Hadapsar,2,2,1369,21,0,5,28,Semi-Furnished,2.1,4.2,6.5,6.7,93.2
3269,Hyderabad,Gachibowli,1,1,631,23,3,10,10,Semi-Furnished,1.3,3.6,3.4,4.8,64
3270,Hyderabad,Miyapur,3,2,1991,18,3,7,14,Unfurnished,3.2,4.6,1.6,3.6,141.6
3271,Bengaluru,HSR Layout,1,2,613,8,1,6,9,Semi-Furnished,4.6,3.1,7,7.3,72.1
3272,Bengaluru,Indiranagar,1,1,526,22,2,1,11,Unfurnished,1.2,4.2,7.5,5.8,57.7
3273,Hyderabad,Miyapur,3,3,1509,23,1,5,10,Unfurnished,12.9,3.5,4.8,3.5,87.5
3274,Hyderabad,Kukatpally,4,5,2394,9,1,13,21,Semi-Furnished,13.1,2.6,7.9,7.6,170
3275,Hyderabad,Gachibowli,1,1,505,4,2,8,14,Semi-Furnished,5.7,4,2.6,2.2,53.5
3276,Pune,Baner,5,4,2354,8,2,2,23,Furnished,9.9,4.4,0.8,2.5,230.4
3277,Hyderabad,Kondapur,5,5,2376,9,1,5,5,Furnished,4.5,4.7,1,1.7,258.1
3278,Chennai,Velachery,1,1,859,11,2,0,30,Unfurnished,5.6,3.8,3.8,3.8,58.1
3279,Hyderabad,Kukatpally,4,4,3126,3,2,4,8,Semi-Furnished,5.3,2.7,3.4,6.1,227.4
3280,Bengaluru,Indiranagar,4,3,3203,4,0,7,15,Semi-Furnished,1.9,4.9,1.2,1.7,385.9
3281,Bengaluru,Indiranagar,1,1,556,24,2,6,24,Unfurnished,0.7,2.8,6.9,9.7,35.7
3282,Chennai,Tambaram,2,2,1256,6,0,1,27,Semi-Furnished,7.6,2.7,1.4,4.9,69.9
3283,Hyderabad,Miyapur,3,3,1712,9,0,16,22,Semi-Furnished,11.9,4.3,3.6,6.3,112.7
3284,Bengaluru,HSR Layout,4,3,2003,21,0,23,23,Semi-Furnished,8.7,4.5,6.7,6.3,205.2
3285,Chennai,OMR,1,1,534,23,3,3,27,Furnished,8.9,4.2,6.8,6.8,31.6
3286,Pune,Baner,1,1,813,18,2,4,24,Furnished,4.1,3,5.7,8.4,52.3
3287,Pune,Baner,2,3,1148,17,3,19,25,Furnished,12.6,4.7,4.5,8.9,90.3
3288,Hyderabad,Madhapur,5,5,4168,4,2,0,11,Semi-Furnished,7.5,3.7,4.3,7,384.3
3289,Hyderabad,Gachibowli,4,3,2845,22,1,0,13,Semi-Furnished,11.9,4.1,0.9,7.3,264.4
3290,Bengaluru,Whitefield,3,4,2530,5,0,5,22,Semi-Furnished,11.9,3.5,6.7,4.5,237.8
3291,Hyderabad,Kukatpally,2,2,1651,3,1,12,17,Unfurnished,10.3,4.8,3.5,6.3,118.2
3292,Hyderabad,Gachibowli,5,5,2256,21,1,0,24,Semi-Furnished,2.9,4.1,7.6,5.3,243.7
3293,Bengaluru,Indiranagar,1,2,567,25,1,9,11,Semi-Furnished,14.6,2.6,3.3,4.6,50.4
3294,Pune,Hinjewadi,3,3,1390,16,0,1,25,Semi-Furnished,13.8,4.2,0.7,3,107.6
3295,Bengaluru,Electronic City,1,1,629,11,3,4,14,Semi-Furnished,8.9,4.4,6.3,8.6,42.4
3296,Pune,Hinjewadi,4,3,2561,0,1,20,24,Semi-Furnished,8.8,4.9,3.7,1.8,207.2
3297,Hyderabad,Kondapur,5,5,3941,15,2,0,24,Unfurnished,12.6,2.7,3.7,6.1,306.4
3298,Hyderabad,Gachibowli,4,5,2698,10,2,5,5,Furnished,11.9,3.2,6.7,4.1,286.2
3299,Hyderabad,Kondapur,4,4,3120,21,1,9,10,Semi-Furnished,10.8,3.1,4.6,1.3,250.3
3300,Hyderabad,Madhapur,4,5,2396,17,3,11,19,Furnished,7.2,3.4,1.9,8.2,256.7
3301,Chennai,Velachery,3,4,1932,6,1,0,20,Semi-Furnished,2.7,3.6,0.6,8.4,153.6
3302,Pune,Hadapsar,1,1,509,0,1,4,25,Furnished,0.3,2.9,2.1,9.2,52.2
3303,Pune,Hinjewadi,5,4,4150,11,3,16,27,Semi-Furnished,12,2.8,3.4,1.8,299.4
3304,Pune,Baner,3,3,2577,1,2,12,12,Semi-Furnished,11.2,4.3,7.1,7.5,206.6
3305,Bengaluru,HSR Layout,2,3,1606,14,1,3,18,Unfurnished,4.2,4.1,6.9,1.3,167.7
3306,Hyderabad,Madhapur,5,5,3938,11,2,4,23,Furnished,10.7,4,3.2,5.6,389
3307,Chennai,Porur,5,5,3036,21,3,5,13,Unfurnished,9.2,2.7,0.6,3.1,185.8
3308,Pune,Kharadi,1,1,605,8,1,22,28,Furnished,10.1,4.4,7.3,4.4,51
3309,Hyderabad,Miyapur,1,1,674,10,1,23,29,Semi-Furnished,4.7,3.5,2,5.8,40
3310,Chennai,Velachery,5,4,2303,5,2,5,23,Semi-Furnished,8.2,4.5,1.5,2.8,205.4
3311,Hyderabad,Kondapur,1,1,507,24,3,12,20,Semi-Furnished,12.3,4.8,3.4,1.8,36.3
3312,Pune,Baner,5,6,4306,21,1,9,27,Unfurnished,5.7,3.6,4.6,7.8,312.1
3313,Chennai,Anna Nagar,1,1,819,9,2,5,5,Unfurnished,8.7,3.5,4.4,9.1,59.5
3314,Pune,Kharadi,5,4,4392,3,2,9,14,Semi-Furnished,14.9,2.8,5.8,8.1,336.6
3315,Bengaluru,Marathahalli,2,1,1252,21,1,3,5,Unfurnished,13.4,4.5,1.1,1.4,89.3
3316,Pune,Hadapsar,4,3,1955,11,0,20,21,Furnished,13.7,3.1,8,8.3,123.8
3317,Bengaluru,Marathahalli,3,3,1909,24,0,6,21,Unfurnished,7.5,3.8,2.6,5.4,158.2
3318,Chennai,Velachery,3,2,2287,25,2,8,12,Furnished,0.9,3,3,7.1,182.3
3319,Hyderabad,Kukatpally,5,6,4081,14,2,0,15,Unfurnished,4.9,4.9,2.8,8.2,294.2
3320,Pune,Hinjewadi,2,3,1779,14,1,6,11,Unfurnished,2.9,3.1,2.5,10,124.9
3321,Hyderabad,Kukatpally,2,2,1530,10,3,2,18,Semi-Furnished,7.7,4.4,6.4,2.4,122.2
3322,Bengaluru,Indiranagar,3,3,1503,14,1,14,27,Semi-Furnished,11.2,3.7,0.8,4.5,170.1
3323,Pune,Hinjewadi,1,2,792,8,0,12,24,Semi-Furnished,13.5,2.7,6.7,6.3,37.6
3324,Bengaluru,Electronic City,5,6,2767,14,1,25,25,Furnished,7.2,3.7,2.8,1,265
3325,Pune,Hinjewadi,3,3,1584,6,3,10,13,Furnished,11.7,3.8,6.3,4.8,135.8
3326,Pune,Baner,2,2,1583,12,3,12,16,Unfurnished,5.7,3.1,5.5,3.3,114.1
3327,Chennai,Porur,5,5,4088,11,2,7,15,Semi-Furnished,4.6,4.8,1.7,1.4,285
3328,Pune,Hinjewadi,3,3,1882,15,3,16,16,Furnished,10.5,4,7.8,7.4,160.9
3329,Hyderabad,Miyapur,4,5,3382,22,1,1,19,Unfurnished,3.8,3.9,7.3,2.3,218.2
3330,Pune,Hinjewadi,3,3,1905,20,2,0,12,Unfurnished,8.8,4.2,3.9,7.5,132.2
3331,Chennai,Anna Nagar,2,2,962,4,2,0,22,Semi-Furnished,6.5,3.8,5.7,9,92.7
3332,Hyderabad,Miyapur,4,5,2208,8,1,5,20,Semi-Furnished,12.1,2.8,3,5.9,149.1
3333,Hyderabad,Kondapur,4,3,3518,12,1,7,7,Unfurnished,14,4.6,2.1,5.7,262.6
3334,Hyderabad,Kondapur,1,1,488,18,0,13,17,Semi-Furnished,11.7,2.8,1.6,7.7,24.1
3335,Pune,Kharadi,4,4,3308,2,1,4,10,Semi-Furnished,14.6,4.1,1.3,5.4,262.4
3336,Pune,Kharadi,1,2,502,12,3,4,7,Semi-Furnished,8.6,3.7,1.4,5.1,42.7
3337,Bengaluru,HSR Layout,3,3,2573,16,0,4,5,Unfurnished,11.4,3.1,3.7,3.3,229.5
3338,Chennai,Tambaram,1,1,627,10,1,1,10,Semi-Furnished,12.4,3.3,3.7,8,30.9
3339,Pune,Hinjewadi,4,5,2766,20,3,19,26,Unfurnished,13.1,3,6.4,4.5,195.1
3340,Chennai,Velachery,5,5,3041,12,2,5,10,Semi-Furnished,0.3,3.1,3.1,3.2,264.6
3341,Bengaluru,Whitefield,1,1,532,10,2,12,27,Semi-Furnished,11.6,4,2.6,6.3,50.2
3342,Pune,Kharadi,1,1,498,22,3,2,5,Semi-Furnished,9.9,2.8,4.5,2.7,20
3343,Chennai,Velachery,3,3,2109,12,1,12,30,Furnished,9.3,3.8,6.5,9.8,162.2
3344,Pune,Wakad,4,4,3170,9,2,16,23,Furnished,0.6,3.5,7.7,7.8,253
3345,Pune,Wakad,5,5,2361,12,0,2,13,Furnished,8.8,2.9,5,2.3,187
3346,Bengaluru,Electronic City,4,4,2235,20,2,3,6,Semi-Furnished,7.4,4.7,0.8,6.2,191.3
3347,Pune,Wakad,1,1,520,0,1,4,21,Semi-Furnished,9.3,3,6.1,9.7,36.2
3348,Hyderabad,Gachibowli,3,2,2102,19,2,7,14,Furnished,1.4,3.9,6.1,7.5,224.2
3349,Hyderabad,Madhapur,1,1,822,0,0,8,15,Furnished,7.9,2.7,5.7,2.8,83.1
3350,Chennai,Velachery,2,3,900,11,3,3,13,Unfurnished,11.1,2.8,7.3,4.1,65.8
3351,Bengaluru,Marathahalli,1,2,754,23,0,12,24,Furnished,14.9,4.1,5.4,6.4,40.3
3352,Pune,Baner,1,2,779,13,2,18,27,Unfurnished,13.6,4.6,7.8,3.7,54.4
3353,Pune,Hinjewadi,5,4,2555,13,0,1,8,Semi-Furnished,14.7,4.2,7.9,4.7,198.7
3354,Chennai,Velachery,5,5,3740,20,1,8,25,Furnished,7.5,2.8,0.3,6.3,292.1
3355,Hyderabad,Kondapur,2,2,1106,25,0,7,16,Unfurnished,11.6,4.9,6,9.3,74
3356,Hyderabad,Kondapur,5,6,2426,8,3,8,13,Furnished,5.1,3.4,7.9,7.1,253.7
3357,Bengaluru,HSR Layout,3,2,2031,24,3,25,29,Semi-Furnished,11.8,2.7,7.3,6.1,191.2
3358,Hyderabad,Gachibowli,2,1,1610,12,3,14,20,Semi-Furnished,9.4,4.2,3.1,1.7,151.9
3359,Chennai,Porur,4,3,2334,22,1,8,24,Unfurnished,0.4,5,4.3,6.9,155.1
3360,Bengaluru,Electronic City,5,5,4232,16,1,22,24,Furnished,8.3,3,0.5,5.1,362.2
3361,Hyderabad,Madhapur,1,1,732,25,3,20,23,Semi-Furnished,7.9,3,0.8,3.3,55.9
3362,Hyderabad,Madhapur,3,2,2563,11,0,0,13,Semi-Furnished,11.2,3.9,2.2,8.6,214.7
3363,Pune,Hinjewadi,1,1,591,16,2,11,14,Semi-Furnished,10.9,4.4,6,7.1,38
3364,Hyderabad,Gachibowli,5,5,3582,5,2,7,15,Semi-Furnished,5.9,3.3,3.1,1.7,352.2
3365,Bengaluru,Marathahalli,5,6,2500,2,0,6,24,Semi-Furnished,2,2.9,2.3,5.5,254.9
3366,Hyderabad,Gachibowli,3,3,1672,8,0,12,24,Semi-Furnished,13.9,2.8,5.5,8.3,138.7
3367,Pune,Kharadi,5,5,4364,2,0,0,5,Unfurnished,10.7,3,5.7,2.1,311.8
3368,Pune,Baner,3,4,2682,14,1,3,10,Semi-Furnished,9.8,5,1.8,5.5,212.3
3369,Bengaluru,Electronic City,3,4,1697,5,0,15,28,Unfurnished,9.1,2.6,7.9,5.6,139.1
3370,Hyderabad,Kondapur,5,5,2280,19,2,8,10,Semi-Furnished,6.7,3.1,1.5,9.6,209.2
3371,Hyderabad,Gachibowli,5,6,3007,14,2,0,8,Furnished,5.7,2.7,7.7,4.1,320.9
3372,Hyderabad,Kondapur,3,3,1536,17,2,11,23,Semi-Furnished,11.9,2.9,3.6,3.2,126.1
3373,Bengaluru,Whitefield,4,4,2062,17,2,4,9,Semi-Furnished,7.3,4.1,1.6,5.8,223.3
3374,Hyderabad,Madhapur,5,4,4129,5,3,3,15,Semi-Furnished,3.8,3.2,0.6,6.6,392.7
3375,Hyderabad,Madhapur,1,1,635,24,3,5,9,Unfurnished,3.4,4.7,2.5,1.6,51.3
3376,Hyderabad,Gachibowli,2,1,1188,13,2,2,14,Unfurnished,3.9,4.1,4.2,8.9,94.1
3377,Chennai,Anna Nagar,5,5,2795,15,3,5,5,Unfurnished,1,3.3,3.9,6.6,249.8
3378,Pune,Wakad,3,4,2561,13,2,1,7,Unfurnished,0.4,3.6,3.6,3.6,181.4
3379,Pune,Wakad,4,5,2189,6,3,0,21,Furnished,6.8,4.8,5,3.5,194.1
3380,Chennai,Velachery,2,1,997,2,1,26,30,Semi-Furnished,12.2,2.5,2.5,2.2,77.1
3381,Bengaluru,HSR Layout,2,2,1682,17,0,9,30,Unfurnished,1.9,4.7,7.6,4.9,161.3
3382,Pune,Baner,3,4,2542,15,0,3,20,Unfurnished,14.9,4.5,4.8,9.1,180.1
3383,Hyderabad,Kondapur,4,5,2062,7,0,7,11,Unfurnished,9.8,4.8,4.3,1.1,185.4
3384,Bengaluru,HSR Layout,4,4,3282,9,2,16,30,Semi-Furnished,14.7,4.3,6,8.7,335.9
3385,Chennai,Tambaram,5,6,3668,0,0,14,16,Semi-Furnished,1.2,4.9,6.8,5.8,248
3386,Chennai,OMR,1,1,825,15,2,16,29,Semi-Furnished,2.7,3.3,2.1,6.5,52.4
3387,Pune,Kharadi,1,1,608,17,3,23,30,Semi-Furnished,2,3.8,3.4,5.7,57.7
3388,Pune,Wakad,3,4,2299,9,3,16,19,Semi-Furnished,5.7,2.8,7.2,7.2,158.4
3389,Hyderabad,Miyapur,5,4,3551,13,3,9,15,Unfurnished,3.4,3.3,5.1,8.9,221.9
3390,Pune,Hadapsar,4,3,3282,14,0,14,20,Semi-Furnished,12.5,4.1,3.2,9.7,192.3
3391,Hyderabad,Gachibowli,4,4,2012,24,2,2,8,Semi-Furnished,14.4,4,1.1,2.7,196.7
3392,Chennai,Tambaram,4,4,2329,1,2,10,16,Semi-Furnished,13.7,2.9,6.9,1.9,145.4
3393,Chennai,Tambaram,3,3,2681,12,2,4,9,Unfurnished,4.8,3.8,1.3,2.4,146.3
3394,Hyderabad,Kondapur,1,1,664,9,3,3,6,Unfurnished,5.2,4.3,7.6,8.9,44.5
3395,Chennai,Porur,4,5,1896,19,3,7,19,Semi-Furnished,5.7,2.6,2.1,2.4,135.8
3396,Chennai,Tambaram,5,5,2984,1,2,0,28,Semi-Furnished,5.3,3.5,4.7,9.2,189.5
3397,Chennai,Porur,5,5,3366,21,2,3,9,Semi-Furnished,8.8,3.2,1.1,7.7,223.4
3398,Bengaluru,Whitefield,5,6,4263,12,0,0,14,Furnished,6.3,3.1,1.7,8.5,446.9
3399,Pune,Baner,1,2,692,18,1,13,23,Unfurnished,7.9,3.4,0.9,3.4,55.1
3400,Chennai,Velachery,2,1,1407,1,2,1,11,Semi-Furnished,0.9,3.6,1.6,2.3,124
3401,Chennai,Porur,5,5,3889,15,2,8,10,Semi-Furnished,0.7,3.7,3.3,9,263
3402,Pune,Wakad,5,4,2733,3,0,6,30,Unfurnished,5.4,4.2,4.8,9.5,195
3403,Chennai,Velachery,2,2,1376,15,2,2,6,Unfurnished,8,2.6,5.3,6.7,80
3404,Pune,Hadapsar,3,4,1420,8,0,5,27,Semi-Furnished,6.1,4.4,2.8,3.8,117.7
3405,Bengaluru,HSR Layout,5,6,2478,4,0,10,14,Semi-Furnished,11.2,4,6,1.3,289.3
3406,Pune,Hinjewadi,1,1,762,13,2,4,13,Unfurnished,11.3,4.4,2.3,5.4,54.8
3407,Bengaluru,Marathahalli,4,5,3599,1,2,1,5,Semi-Furnished,11.7,4.6,2.1,5.1,321
3408,Chennai,Tambaram,3,3,2163,0,2,11,22,Furnished,1.5,4,7.3,3.9,155.6
3409,Bengaluru,HSR Layout,2,3,1396,19,0,3,29,Unfurnished,7.5,3.3,1.7,6.4,122.5
3410,Pune,Wakad,5,4,3910,19,2,2,9,Unfurnished,12.8,2.9,3,5.9,228.2
3411,Pune,Baner,4,5,1977,15,3,15,16,Unfurnished,10.1,4.7,7.5,8.6,171.5
3412,Bengaluru,Indiranagar,4,3,2823,18,1,10,12,Unfurnished,7.8,4.3,6.5,5.2,282.8
3413,Hyderabad,Kondapur,5,5,3843,13,3,16,17,Unfurnished,14.2,3.7,3.1,4,290.8
3414,Hyderabad,Madhapur,2,3,1273,0,1,13,27,Semi-Furnished,0.4,3.7,0.3,2.4,135.8
3415,Bengaluru,Indiranagar,1,1,522,21,0,7,11,Unfurnished,12.4,3.7,4.7,6.2,36.1
3416,Pune,Hadapsar,5,5,3592,8,1,13,20,Semi-Furnished,2.1,3.1,5.9,3.2,255.2
3417,Bengaluru,HSR Layout,3,2,2315,5,0,19,30,Furnished,9.3,2.8,7.3,4.7,245.8
3418,Hyderabad,Miyapur,5,4,4438,17,0,0,13,Semi-Furnished,3.6,4.3,3.7,10,293
3419,Chennai,Velachery,2,3,1268,19,2,6,9,Semi-Furnished,12,4.2,5.8,5.4,84.3
3420,Bengaluru,Whitefield,3,3,1837,4,2,6,6,Unfurnished,9.4,3.9,6.3,2.7,186.9
3421,Pune,Baner,3,2,1524,22,3,2,15,Semi-Furnished,8.3,2.9,7.7,8.5,119.6
3422,Hyderabad,Madhapur,2,3,1336,23,0,10,28,Furnished,5,2.9,4.7,4.6,121.1
3423,Pune,Hinjewadi,1,1,558,4,0,4,19,Unfurnished,8.7,4,1,3.4,41.3
3424,Chennai,OMR,4,4,2686,18,2,2,30,Furnished,7,4.3,3.5,8.9,211.6
3425,Hyderabad,Miyapur,4,5,2998,14,3,5,6,Unfurnished,3.1,3.2,2.7,7.4,202.4
3426,Chennai,OMR,3,3,2272,21,0,8,28,Unfurnished,10.3,4.9,2.6,1.9,148.4
3427,Pune,Wakad,1,2,689,15,2,8,27,Unfurnished,2.3,4.6,5.5,2.2,60.9
3428,Pune,Wakad,5,4,2365,7,2,6,19,Unfurnished,5,2.6,1.7,9.4,172.3
3429,Chennai,OMR,5,5,3213,5,3,0,8,Unfurnished,3.3,4.9,1,3,256.1
3430,Bengaluru,Electronic City,2,1,1613,14,0,21,24,Furnished,14.5,4.7,3.2,9.4,114.4
3431,Chennai,Anna Nagar,4,3,3236,11,2,3,11,Furnished,9.6,4.9,1.6,3.7,306.9
3432,Pune,Hadapsar,5,5,2852,1,3,4,22,Semi-Furnished,9.7,4.8,2.3,8,223.5
3433,Bengaluru,Marathahalli,3,3,2293,3,3,21,23,Furnished,11.4,4.2,4.3,1.8,234.5
3434,Chennai,Anna Nagar,5,5,2687,9,2,11,12,Semi-Furnished,1.7,3,4.3,4.9,265.6
3435,Pune,Kharadi,3,4,1517,13,0,0,18,Semi-Furnished,3.8,3.6,0.5,7.8,140.1
3436,Bengaluru,Indiranagar,4,3,2060,15,2,0,20,Semi-Furnished,11.3,4.6,7.7,8.2,228
3437,Pune,Hadapsar,5,5,2251,21,3,24,24,Semi-Furnished,14.8,3.6,7.9,8.7,149.3
3438,Pune,Wakad,5,5,2516,19,0,12,25,Furnished,8.4,4.7,3.8,7.7,213.2
3439,Pune,Baner,4,4,1829,24,0,4,24,Semi-Furnished,5.3,4.7,3.8,4,171.6
3440,Chennai,Tambaram,1,2,507,9,1,8,22,Unfurnished,9.1,3.7,6.8,5.3,21.8
3441,Pune,Kharadi,5,4,3455,2,2,5,9,Furnished,11.3,4,3.3,4.7,309.3
3442,Bengaluru,Marathahalli,3,3,1678,16,1,1,11,Furnished,2.4,4,3.6,5.6,181.6
3443,Chennai,Velachery,3,3,2614,18,0,14,24,Furnished,7.1,3.1,3.1,9.4,199.2
3444,Bengaluru,HSR Layout,3,3,1814,15,3,6,11,Semi-Furnished,7.6,2.7,3.9,2,203.9
3445,Chennai,Velachery,3,3,2060,6,2,1,16,Semi-Furnished,8.6,4,4.2,6.9,163.4
3446,Pune,Wakad,1,2,810,4,2,8,15,Unfurnished,8.8,4.3,6.2,3.7,52.8
3447,Chennai,Porur,1,1,531,2,2,4,13,Semi-Furnished,14.7,2.6,3.4,8.6,20
3448,Bengaluru,Marathahalli,3,4,1885,1,2,2,5,Unfurnished,10.1,3.7,5.6,9.9,166.1
3449,Bengaluru,Electronic City,3,4,2232,12,1,3,6,Semi-Furnished,10,3.6,6.6,5.4,171.1
3450,Hyderabad,Miyapur,1,2,810,20,2,26,29,Furnished,1.7,4.6,0.5,2.5,77.5
3451,Bengaluru,Electronic City,4,3,2542,23,0,1,13,Semi-Furnished,1.1,2.6,1.5,2.4,202.4
3452,Bengaluru,Electronic City,1,1,766,0,0,9,10,Semi-Furnished,0.9,4.5,1,5,87.5
3453,Pune,Wakad,5,4,3673,11,2,3,9,Semi-Furnished,3,4,2.2,9.6,266.5
3454,Pune,Baner,3,4,2464,9,2,6,9,Unfurnished,3.3,4.9,6.3,8.7,197.4
3455,Chennai,Tambaram,3,2,2518,1,1,9,27,Semi-Furnished,11.9,3.9,2.6,2.9,139.2
3456,Hyderabad,Kukatpally,3,3,2541,1,1,7,16,Furnished,4.5,4.8,7.7,7.1,213.4
3457,Bengaluru,HSR Layout,3,3,2641,1,3,8,8,Semi-Furnished,2.4,4.9,5.1,5.8,290.1
3458,Pune,Hinjewadi,4,4,2965,5,1,6,7,Semi-Furnished,9.6,3.8,5.5,7,233.1
3459,Hyderabad,Madhapur,2,2,1308,18,3,5,5,Unfurnished,12.6,4.5,3.8,8.9,95.4
3460,Chennai,Tambaram,3,3,2700,2,0,20,24,Semi-Furnished,5.4,4.8,3.8,2.7,167.9
3461,Pune,Wakad,3,2,1671,7,2,4,24,Unfurnished,1.2,4.1,5.1,3.4,119.2
3462,Hyderabad,Miyapur,1,1,768,21,2,15,29,Unfurnished,13.4,4,5,3.1,40.4
3463,Hyderabad,Gachibowli,4,5,2263,7,1,5,21,Semi-Furnished,14.6,3.3,2,7.8,218.8
3464,Hyderabad,Madhapur,3,4,2151,16,1,8,12,Semi-Furnished,5.3,3.3,1.7,1.7,209.1
3465,Hyderabad,Kondapur,3,3,1981,17,2,19,20,Unfurnished,6.8,2.6,1.1,7.6,155.1
3466,Pune,Hinjewadi,2,2,1074,3,3,10,19,Semi-Furnished,1,3.4,2.2,9.1,100.9
3467,Bengaluru,Marathahalli,1,1,556,5,0,8,27,Unfurnished,1,4.1,1.3,7.9,46.4
3468,Bengaluru,Marathahalli,4,4,3019,10,3,11,15,Furnished,1.9,3.6,3.9,6.8,302.8
3469,Pune,Wakad,2,1,1715,5,1,3,16,Semi-Furnished,6.6,4.6,5.1,2.6,131.6
3470,Pune,Baner,4,4,2002,6,1,5,14,Semi-Furnished,10.8,3.9,5.2,9.5,181.5
3471,Chennai,Tambaram,2,1,1493,5,2,1,24,Semi-Furnished,11.1,3.3,2.6,7.8,78.5
3472,Bengaluru,Indiranagar,4,4,3346,14,1,13,16,Furnished,11.6,3.4,3.6,3.8,400.6
3473,Pune,Hadapsar,3,3,2367,15,0,3,15,Semi-Furnished,13,4.9,0.7,5.2,158.2
3474,Pune,Baner,3,2,1553,11,0,4,15,Furnished,12.7,3.5,3.8,3.8,126.3
3475,Chennai,Tambaram,5,6,3712,1,0,24,30,Unfurnished,6.1,4.6,5.6,6.7,215.7
3476,Bengaluru,Marathahalli,3,2,1955,3,3,7,9,Semi-Furnished,12.9,4.1,1.6,6.8,169.8
3477,Chennai,Velachery,1,1,842,24,1,0,22,Unfurnished,12.3,4.3,2.3,8.4,46
3478,Bengaluru,Indiranagar,4,4,2463,23,0,8,14,Semi-Furnished,8.9,3.7,1,7,268
3479,Chennai,Anna Nagar,3,3,2468,10,1,7,25,Semi-Furnished,13,3.2,5,8.5,199.7
3480,Hyderabad,Kukatpally,5,5,3162,11,2,2,9,Semi-Furnished,7.2,4.2,0.9,9.9,247.1
3481,Hyderabad,Gachibowli,5,4,4283,21,2,18,29,Semi-Furnished,11.5,2.8,2.5,6.5,377.6
3482,Pune,Hinjewadi,5,4,2470,10,0,10,14,Furnished,5,4.4,5.2,1.9,232
3483,Chennai,OMR,1,1,765,15,2,16,29,Unfurnished,13.7,5,3.1,7.6,33.5
3484,Hyderabad,Kondapur,2,1,1592,16,2,2,7,Semi-Furnished,13.9,3.5,2.4,1.3,121.1
3485,Pune,Wakad,3,3,1421,22,2,1,14,Semi-Furnished,13.3,4,4.7,5.1,103.5
3486,Pune,Hinjewadi,4,5,3146,0,3,6,7,Semi-Furnished,1.9,4.4,6.6,2.5,269.6
3487,Bengaluru,Indiranagar,5,5,3724,18,2,5,22,Semi-Furnished,11.1,4.2,4.8,8.6,423.5
3488,Pune,Hadapsar,1,1,648,18,2,0,24,Semi-Furnished,0.5,3.8,1.7,4.8,40.5
3489,Bengaluru,HSR Layout,3,2,2697,4,0,24,24,Furnished,5.6,4,6.3,6.3,301.2
3490,Pune,Wakad,3,3,1748,17,2,21,25,Semi-Furnished,3.2,3.4,7,7.3,122.3
3491,Hyderabad,Madhapur,5,6,4415,15,0,8,8,Semi-Furnished,9.5,4.2,6.9,7.1,386.6
3492,Bengaluru,HSR Layout,4,4,3596,21,1,3,11,Unfurnished,3.7,3.2,5.1,5,343.4
3493,Hyderabad,Madhapur,4,5,3380,19,3,3,12,Semi-Furnished,7.4,4.5,5.3,8.6,312.5
3494,Bengaluru,HSR Layout,2,1,1750,16,1,0,10,Semi-Furnished,7.9,4.1,5.8,8.8,160.2
3495,Pune,Hadapsar,5,4,3951,8,2,3,20,Furnished,0.7,3.2,1.4,8.8,304.9
3496,Hyderabad,Gachibowli,2,2,1068,4,2,3,29,Semi-Furnished,10.7,3.8,6.3,8.5,110
3497,Hyderabad,Madhapur,4,5,3184,8,1,0,13,Unfurnished,13.4,2.6,2.9,7,259.1
3498,Chennai,OMR,4,4,2256,7,2,3,21,Unfurnished,7.6,4.4,0.7,6.7,169
3499,Bengaluru,Marathahalli,4,5,2932,11,2,5,17,Unfurnished,5.9,3.6,5.2,4.8,240.6
3500,Bengaluru,Whitefield,2,2,910,14,3,9,18,Semi-Furnished,9.6,4.2,1.9,2.4,102.7
3501,Hyderabad,Madhapur,3,2,2646,3,0,4,12,Unfurnished,9.2,3.9,5.6,9.9,214.4
3502,Chennai,OMR,5,5,2588,16,2,18,21,Furnished,4,3.2,7.3,6.3,225.2
3503,Pune,Wakad,3,3,2304,4,0,7,14,Unfurnished,12.5,5,5.5,5,146.6
3504,Bengaluru,Marathahalli,3,2,1888,12,2,4,8,Semi-Furnished,4.7,4.2,3.1,3.8,169.8
3505,Chennai,Anna Nagar,2,2,1037,22,3,6,14,Semi-Furnished,0.5,3.9,2.1,1.2,101.8
3506,Hyderabad,Kukatpally,5,5,2885,2,1,3,24,Unfurnished,6.7,4,7.6,4.1,218.4
3507,Bengaluru,Indiranagar,4,5,2071,23,3,3,28,Furnished,3.9,2.9,2.3,2.5,270
3508,Hyderabad,Madhapur,5,5,3376,24,0,4,10,Semi-Furnished,2.9,4.9,6.9,9.2,303.8
3509,Chennai,OMR,5,6,3665,6,3,5,6,Unfurnished,6.6,2.9,4.9,9.3,256.6
3510,Pune,Kharadi,2,2,1281,5,0,4,5,Semi-Furnished,8,4.9,3.8,4.2,118.6
3511,Bengaluru,Indiranagar,2,2,989,16,2,24,30,Semi-Furnished,13.2,4.3,4.6,4.1,109.4
3512,Hyderabad,Miyapur,1,1,859,19,2,8,10,Unfurnished,12.3,4.3,2.1,2.2,46.7
3513,Pune,Baner,2,2,1573,18,2,6,15,Furnished,3.1,3.2,5.5,7.4,138.2
3514,Pune,Wakad,1,1,475,18,1,4,10,Unfurnished,11.7,4.6,7.8,8.5,20
3515,Hyderabad,Miyapur,1,2,565,3,3,3,11,Unfurnished,9.8,2.5,4.3,8.2,32.3
3516,Bengaluru,Electronic City,3,4,2379,7,0,3,20,Furnished,1.4,4.8,3.1,6.6,228
3517,Pune,Hadapsar,1,1,525,9,0,16,23,Furnished,10,3.7,1.6,3.5,38.3
3518,Chennai,Velachery,1,2,646,18,0,4,16,Furnished,8.2,2.7,7.5,6.1,35.8
3519,Chennai,OMR,4,5,2533,1,0,1,22,Unfurnished,4.3,4.9,6.1,5.2,194.3
3520,Hyderabad,Madhapur,2,1,1298,4,2,11,20,Unfurnished,14.7,2.5,3.3,4.7,96.7
3521,Pune,Baner,2,3,1558,7,2,14,30,Furnished,12.3,2.7,5.6,3.4,140
3522,Hyderabad,Kukatpally,2,1,1080,3,1,2,23,Semi-Furnished,3,3,6.9,9.7,75.3
3523,Hyderabad,Gachibowli,2,1,1661,6,0,1,6,Semi-Furnished,3.6,2.6,0.6,8,152.8
3524,Bengaluru,Electronic City,2,2,1489,5,2,13,14,Furnished,6,4.9,6.1,7.1,139.5
3525,Bengaluru,Whitefield,4,3,2408,11,2,1,24,Unfurnished,5.2,3.4,6.1,8.7,218.5
3526,Bengaluru,Indiranagar,2,2,1347,13,3,4,17,Unfurnished,13.7,3.7,0.9,3.7,135
3527,Hyderabad,Kondapur,3,3,1690,24,1,11,14,Semi-Furnished,10.4,3.4,6.3,3.3,146.3
3528,Chennai,Anna Nagar,5,6,4430,1,3,3,13,Semi-Furnished,9.3,4.9,5.3,4.6,402.1
3529,Bengaluru,Electronic City,5,6,3159,2,0,1,18,Unfurnished,5.8,3.4,7.1,6.1,253.4
3530,Hyderabad,Gachibowli,3,3,1725,8,0,5,7,Unfurnished,11.2,3,5.2,6.5,150.2
3531,Pune,Hadapsar,1,1,623,16,2,16,16,Semi-Furnished,14.3,3.6,2.8,6.7,24.2
3532,Pune,Hadapsar,5,6,3314,4,2,9,28,Furnished,9.6,4.1,0.7,7.9,256.5
3533,Pune,Hadapsar,2,3,1234,12,2,15,23,Furnished,8,2.7,5.6,9.3,84.1
3534,Pune,Kharadi,2,2,1138,1,0,0,15,Semi-Furnished,6.2,3.6,5.5,9.3,93.9
3535,Chennai,OMR,1,1,797,5,2,15,18,Unfurnished,10.8,3.9,4.9,5.2,42.6
3536,Pune,Hinjewadi,1,1,820,4,2,20,24,Semi-Furnished,4.9,4.5,4.6,5.4,69.3
3537,Chennai,Velachery,2,1,1476,22,1,2,17,Unfurnished,9.5,2.7,2.7,4.7,88.1
3538,Hyderabad,Miyapur,4,4,3254,18,2,0,7,Unfurnished,7.5,3.8,0.4,6.1,204.6
3539,Bengaluru,Marathahalli,5,5,2413,2,0,2,19,Furnished,13.3,4.4,7.6,5.4,251.9
3540,Hyderabad,Miyapur,3,4,2289,18,0,14,22,Semi-Furnished,10.5,3.7,7.8,2,144.8
3541,Bengaluru,Indiranagar,3,3,2354,9,3,0,6,Unfurnished,14.5,4.1,7.3,8.3,232.1
3542,Hyderabad,Gachibowli,5,6,2475,2,1,5,9,Semi-Furnished,10.4,3.5,6,1.6,252.6
3543,Hyderabad,Gachibowli,5,5,3248,25,3,0,6,Semi-Furnished,12.5,2.8,7.4,7.8,287
3544,Hyderabad,Madhapur,4,4,3589,19,0,3,15,Furnished,0.7,4.8,6.7,7.9,360.5
3545,Hyderabad,Kukatpally,5,5,3350,23,0,3,5,Furnished,6.7,3.8,4,1.6,277
3546,Hyderabad,Kondapur,5,5,2575,2,3,2,12,Semi-Furnished,11.2,3.4,4.7,3.3,237.2
3547,Chennai,Porur,4,3,2686,14,1,1,8,Furnished,7.4,4.7,1.5,3.9,203.1
3548,Pune,Baner,3,2,1671,22,2,5,28,Furnished,1.4,3.8,7.7,2.3,151.9
3549,Chennai,Porur,1,1,806,14,2,10,24,Unfurnished,13.2,3.2,7.8,6.9,20
3550,Bengaluru,HSR Layout,3,3,1815,3,3,10,25,Unfurnished,6.8,4.9,6.8,9.7,183.8
3551,Bengaluru,Whitefield,4,3,3213,6,1,1,5,Unfurnished,8,3.6,6.7,8.1,283.8
3552,Chennai,Porur,2,2,1422,23,3,0,22,Semi-Furnished,3.1,2.7,7.4,9.1,82.3
3553,Bengaluru,Whitefield,5,6,3959,12,3,26,29,Semi-Furnished,8.6,2.6,1.5,8.1,395.9
3554,Pune,Baner,5,4,2420,8,3,6,8,Unfurnished,15,3.3,2.3,8.5,186.5
3555,Chennai,Anna Nagar,4,4,2758,14,0,11,12,Furnished,9.6,2.8,1.8,2.5,257.1
3556,Bengaluru,HSR Layout,5,6,3130,4,1,14,30,Semi-Furnished,6.5,3.3,6.1,5.8,346.7
3557,Pune,Baner,5,5,4004,22,2,8,15,Semi-Furnished,3,4.3,5.8,2.4,327.6
3558,Chennai,Velachery,4,5,2468,24,2,6,16,Semi-Furnished,8.4,5,2,9.8,190.1
3559,Chennai,Velachery,2,2,1296,13,1,8,9,Semi-Furnished,11.1,3.5,3.1,5.4,87.9
3560,Bengaluru,Whitefield,2,1,1015,6,1,20,30,Semi-Furnished,6.1,4.5,0.9,4.3,112.3
3561,Hyderabad,Gachibowli,3,2,1585,2,2,24,28,Semi-Furnished,9.6,4.6,1.9,4.2,168.6
3562,Bengaluru,Marathahalli,1,1,633,17,3,12,28,Semi-Furnished,8.7,2.7,1.9,6.4,53.2
3563,Chennai,OMR,3,4,2590,24,1,5,8,Unfurnished,9.9,4,6.7,1.6,167.4
3564,Chennai,Anna Nagar,2,1,936,4,3,7,20,Unfurnished,0.4,3.4,3.4,3.6,94.2
3565,Pune,Wakad,5,4,4405,5,3,2,11,Furnished,12.2,3.5,2,6.8,318.3
3566,Bengaluru,Whitefield,1,2,623,7,3,4,7,Unfurnished,12.8,4.9,3.6,9.1,50.1
3567,Bengaluru,Whitefield,4,4,3296,12,0,3,14,Semi-Furnished,3.2,4.8,4.2,7.7,330
3568,Chennai,Velachery,5,5,3522,1,2,9,22,Semi-Furnished,4,3.9,4.8,5.4,285.4
3569,Pune,Wakad,3,3,2593,14,1,4,10,Semi-Furnished,10.4,2.6,5.3,3.5,159.3
3570,Hyderabad,Gachibowli,3,4,1592,3,3,16,19,Semi-Furnished,4.3,3,6,6.8,174.2
3571,Pune,Hadapsar,5,6,3824,4,3,5,24,Furnished,3.4,3.9,6.5,9.3,299.6
3572,Hyderabad,Gachibowli,2,2,1655,11,1,10,24,Furnished,2.9,4.1,3.4,2.9,183.5
3573,Pune,Wakad,1,1,868,11,1,5,14,Semi-Furnished,12.6,4.5,1.2,10,51.8
3574,Hyderabad,Gachibowli,4,4,2049,15,1,6,26,Semi-Furnished,3.1,2.9,2.6,6.1,201.2
3575,Chennai,OMR,3,4,2536,9,2,8,12,Semi-Furnished,8.3,2.7,7.5,3.1,191.1
3576,Bengaluru,Electronic City,5,4,2481,11,2,5,22,Semi-Furnished,2.6,4.8,1.9,4.8,232.7
3577,Bengaluru,Whitefield,4,3,3371,4,0,19,25,Semi-Furnished,14,3.6,4.4,7.5,317.2
3578,Chennai,Velachery,4,5,2476,3,2,6,12,Semi-Furnished,11.9,2.6,4.8,8.8,195.8
3579,Chennai,OMR,4,5,3061,18,0,20,26,Unfurnished,11,3.3,6.9,4.6,192.1
3580,Chennai,Anna Nagar,1,2,596,18,1,1,11,Semi-Furnished,1.4,3.3,6.1,7.4,46.5
3581,Hyderabad,Madhapur,4,4,2003,16,0,0,17,Semi-Furnished,11.3,3.5,1.6,7.2,190.1
3582,Chennai,Velachery,2,1,1337,11,3,3,7,Semi-Furnished,1.1,3.6,6.6,8.2,104.2
3583,Pune,Hinjewadi,3,3,2008,8,2,0,11,Unfurnished,9.8,4.5,6.6,7.9,152.2
3584,Pune,Kharadi,3,2,2677,9,3,26,28,Semi-Furnished,13,3.8,1,3.2,209.5
3585,Chennai,Velachery,2,3,1101,1,2,11,19,Semi-Furnished,7.7,3.4,7,5.1,85.7
3586,Chennai,OMR,4,5,2675,13,0,11,17,Unfurnished,14.1,4.3,3.6,9.5,173.4
3587,Pune,Baner,3,3,1628,12,2,8,20,Furnished,9.8,3.1,1.7,3.4,154
3588,Chennai,Velachery,5,6,4381,9,1,12,15,Unfurnished,0.3,2.7,5.4,2.4,323.7
3589,Pune,Hinjewadi,4,4,2887,17,0,6,23,Semi-Furnished,8.8,4.1,4,6.1,216.4
3590,Bengaluru,Marathahalli,1,2,898,19,1,6,8,Semi-Furnished,1.6,3.8,0.9,7.6,79
3591,Hyderabad,Gachibowli,5,4,4379,13,3,26,26,Semi-Furnished,2.1,3.5,2.7,8,410.6
3592,Bengaluru,HSR Layout,5,4,3903,13,2,23,30,Unfurnished,14.2,3,1.9,8.6,368.5
3593,Pune,Baner,5,5,2723,7,2,7,9,Semi-Furnished,6.5,3,6.5,4.1,237.9
3594,Pune,Kharadi,3,2,1540,16,1,13,15,Semi-Furnished,6.5,4.4,1.1,2.9,125.2
3595,Bengaluru,Indiranagar,1,1,578,17,1,5,18,Semi-Furnished,13.1,5,1.8,2.1,67.3
3596,Hyderabad,Madhapur,2,2,1311,0,3,9,14,Semi-Furnished,9.6,3.8,2.8,3.7,136.2
3597,Pune,Baner,3,3,2453,4,0,15,21,Unfurnished,14.7,4.1,1.1,2.1,178.7
3598,Chennai,Porur,5,6,4179,8,0,11,29,Unfurnished,11.6,3.4,1.9,7.9,241.6
3599,Hyderabad,Miyapur,4,4,3219,13,3,23,27,Unfurnished,7.5,3.2,4,5.4,193.5
3600,Hyderabad,Madhapur,3,3,2663,25,1,13,13,Furnished,0.6,3.4,3.8,9.1,254.8
3601,Pune,Kharadi,4,4,2663,24,1,24,27,Unfurnished,6.4,3.7,0.7,3.1,200
3602,Bengaluru,Indiranagar,4,5,2730,8,2,0,8,Furnished,13.5,4.2,2.2,6.3,350.3
3603,Hyderabad,Miyapur,2,1,912,6,2,4,6,Semi-Furnished,5.2,4.4,1.7,7.6,65.6
3604,Pune,Wakad,2,1,1116,2,0,12,18,Semi-Furnished,13.5,4.3,1,9.5,80.7
3605,Pune,Hadapsar,5,6,4162,16,2,16,16,Semi-Furnished,10.9,4,7.1,5.2,278.5
3606,Hyderabad,Gachibowli,3,2,2288,19,2,2,18,Semi-Furnished,9.3,4.8,4.8,9.2,198.7
3607,Bengaluru,Marathahalli,3,2,1392,17,1,7,9,Semi-Furnished,14.4,3.5,6.9,5.9,114.7
3608,Chennai,Velachery,1,1,567,5,3,10,30,Unfurnished,3.6,2.6,2.7,2.3,41.4
3609,Chennai,Velachery,1,2,658,11,0,7,30,Unfurnished,2.8,3.9,4.9,5.3,41.9
3610,Pune,Hinjewadi,1,1,852,20,1,22,29,Semi-Furnished,1,4.4,1.9,9.6,62.4
3611,Pune,Hinjewadi,2,3,1321,15,3,1,9,Furnished,14.1,3,2.6,3.9,107.5
3612,Chennai,Velachery,1,1,829,6,1,9,26,Semi-Furnished,12.6,3.9,4.8,8.8,43.2
3613,Hyderabad,Madhapur,1,1,716,24,2,1,23,Semi-Furnished,14.6,2.6,1.7,1.9,46.6
3614,Hyderabad,Madhapur,4,4,2175,7,3,7,28,Unfurnished,3.2,4.5,1.4,1.6,226.6
3615,Pune,Hinjewadi,5,6,3861,5,0,15,29,Semi-Furnished,7.1,4.6,5.4,7.6,313.6
3616,Bengaluru,Marathahalli,2,1,935,3,3,7,9,Furnished,8.2,2.8,5.8,9,96.3
3617,Chennai,OMR,4,5,2283,2,1,4,9,Semi-Furnished,10,4.3,2.4,4.5,181.2
3618,Pune,Baner,1,2,650,5,3,4,7,Semi-Furnished,1,3.6,7.4,5.8,70.9
3619,Pune,Wakad,2,3,1423,11,3,3,19,Semi-Furnished,14.6,2.8,0.8,6.3,101.7
3620,Hyderabad,Kukatpally,4,5,1802,21,3,0,25,Unfurnished,2.7,3.6,6.9,8,145.7
3621,Chennai,Anna Nagar,2,3,1417,9,1,5,5,Furnished,3.4,3.9,4.2,7.8,138.7
3622,Chennai,Tambaram,3,3,2572,2,3,20,22,Semi-Furnished,12.5,4,4.2,7.3,151.7
3623,Bengaluru,HSR Layout,1,1,819,18,1,6,10,Semi-Furnished,14,3.8,0.5,7.2,66.4
3624,Chennai,Tambaram,5,5,3425,10,3,22,27,Furnished,13.3,3,4.8,3.3,230.2
3625,Chennai,Velachery,1,1,563,4,1,5,10,Furnished,5.7,3.1,1.4,4.8,46.3
3626,Bengaluru,Electronic City,1,1,879,10,2,20,28,Semi-Furnished,3.6,3.2,4.7,6.9,67
3627,Bengaluru,HSR Layout,3,4,2247,13,0,8,11,Unfurnished,10.3,3.8,4,1.6,210.5
3628,Chennai,Anna Nagar,5,6,3367,3,3,18,25,Unfurnished,9.1,3.5,4,3.2,297.8
3629,Bengaluru,Marathahalli,2,2,1417,6,1,14,21,Furnished,8.4,3,5.8,4.6,134
3630,Bengaluru,Electronic City,5,4,4082,6,3,3,22,Furnished,5.8,3,1.4,4,367.8
3631,Bengaluru,Indiranagar,5,6,3203,23,2,1,9,Semi-Furnished,7.9,3.4,4.3,9.3,366.2
3632,Hyderabad,Madhapur,2,2,1080,19,2,4,6,Semi-Furnished,2.5,4.3,3.4,6.7,100.5
3633,Hyderabad,Gachibowli,4,5,2701,14,3,24,30,Semi-Furnished,6.3,3.6,5.8,7.3,264.1
3634,Hyderabad,Miyapur,1,1,783,18,3,6,13,Semi-Furnished,11.9,4.7,2.1,1.3,44.9
3635,Pune,Baner,1,2,530,8,1,3,17,Unfurnished,3.7,2.9,7.9,7.2,39.6
3636,Pune,Baner,1,1,849,19,0,17,24,Furnished,11.4,2.7,1.4,3.7,52
3637,Chennai,Tambaram,2,2,1378,12,1,17,24,Semi-Furnished,11.5,4.5,5.4,5.7,66.6
3638,Pune,Wakad,5,5,3178,16,2,0,21,Unfurnished,9.4,4,4.2,4.9,219.2
3639,Bengaluru,Electronic City,3,2,2019,2,2,0,24,Semi-Furnished,11.4,4.4,3,6.5,166.7
3640,Bengaluru,Electronic City,3,3,2131,9,3,0,8,Semi-Furnished,10.9,3.9,5.2,5.1,169.2
3641,Bengaluru,Indiranagar,3,4,1523,24,2,3,12,Furnished,0.4,3.7,1.3,8,206.9
3642,Pune,Kharadi,5,6,4039,22,1,22,22,Unfurnished,4.9,3.1,2.2,6,295.5
3643,Hyderabad,Gachibowli,4,3,2117,24,0,10,20,Furnished,1,3.5,6.9,9.1,220.2
3644,Chennai,Anna Nagar,5,5,3147,18,1,4,9,Unfurnished,5.5,3.6,1.7,2.6,257.5
3645,Chennai,Anna Nagar,1,1,768,25,2,2,25,Furnished,6.1,4,1.9,1.5,69.4
3646,Chennai,Tambaram,5,5,2420,15,0,13,16,Semi-Furnished,10.7,2.5,3.6,8.4,144.1
3647,Hyderabad,Gachibowli,2,3,1198,1,0,7,7,Furnished,14.7,4.2,4.7,6.4,128.9
3648,Bengaluru,Whitefield,3,3,1621,17,3,16,30,Semi-Furnished,11.4,4.7,3.4,5.5,176.8
3649,Bengaluru,Whitefield,2,2,957,11,1,5,7,Unfurnished,5.9,2.6,7.5,7.7,83.6
3650,Bengaluru,Indiranagar,1,1,809,23,2,16,28,Semi-Furnished,5,4,4.5,5.9,78.4
3651,Hyderabad,Miyapur,2,3,1261,9,3,2,7,Furnished,9.7,4.9,5.6,4.4,103.5
3652,Chennai,Porur,4,3,2488,12,3,3,9,Unfurnished,11.8,4.3,6.7,4.5,142.1
3653,Chennai,Anna Nagar,4,3,2538,0,0,3,9,Furnished,1,3.5,3.2,4.4,264.8
3654,Chennai,OMR,3,2,2397,11,2,14,27,Semi-Furnished,7.4,4.7,1.9,8.2,175.5
3655,Bengaluru,Marathahalli,1,1,699,8,1,4,19,Furnished,12.7,2.6,1.8,8.8,40.4
3656,Pune,Hinjewadi,5,4,2360,4,3,8,18,Semi-Furnished,13.7,4.4,2.7,3.3,207.5
3657,Bengaluru,Whitefield,1,1,866,20,0,6,9,Semi-Furnished,11.5,2.8,4,2.7,66
3658,Hyderabad,Madhapur,2,1,1526,17,1,4,8,Semi-Furnished,2.6,3.7,7.4,8.2,123.4
3659,Pune,Wakad,2,2,1427,14,2,4,25,Furnished,6.4,3.5,7.2,6,101.7
3660,Hyderabad,Kondapur,5,4,2378,1,2,18,22,Semi-Furnished,13.8,4.2,2,2,228
3661,Chennai,OMR,1,1,588,7,2,17,19,Unfurnished,9.6,4.9,3.8,9.7,42.9
3662,Chennai,Porur,1,1,900,16,0,3,16,Furnished,4.2,3.5,7.1,6.9,46.2
3663,Hyderabad,Kukatpally,1,1,451,13,2,4,18,Furnished,6,3.8,3.1,8.7,30.2
3664,Chennai,Velachery,4,4,2819,25,3,13,18,Semi-Furnished,9.4,3.4,4.9,2.5,204.9
3665,Chennai,Velachery,2,1,1754,13,1,6,10,Semi-Furnished,4.2,4.6,5,2,136.8
3666,Hyderabad,Kondapur,4,4,2923,16,1,6,17,Semi-Furnished,8.2,2.6,3.2,2.9,237.9
3667,Chennai,OMR,2,1,1593,6,2,3,18,Furnished,14.2,4.7,1.6,5.6,118.8
3668,Chennai,Anna Nagar,4,4,2712,5,1,12,12,Semi-Furnished,12.1,2.8,6.2,1.7,240.2
3669,Pune,Hadapsar,2,2,1254,16,2,16,26,Furnished,14,3.2,1.8,2.9,86.3
3670,Chennai,Tambaram,3,2,2430,14,2,8,19,Unfurnished,6.9,4,1.5,6.7,121.2
3671,Pune,Baner,4,4,2699,15,0,3,17,Semi-Furnished,3.8,3.2,1.4,2.1,231.3
3672,Chennai,Anna Nagar,3,3,1509,18,1,1,14,Semi-Furnished,2.1,4.9,2.1,5.9,139.9
3673,Pune,Hinjewadi,4,3,3503,20,3,9,13,Furnished,4.7,3.3,8,5.4,285.5
3674,Bengaluru,Whitefield,1,1,645,19,0,6,13,Furnished,1.8,4.2,2.6,1.7,81.7
3675,Bengaluru,HSR Layout,4,5,2860,8,0,19,28,Unfurnished,4.2,4.1,4.2,1.1,288.1
3676,Hyderabad,Miyapur,3,4,2665,3,2,3,16,Semi-Furnished,5.5,3.2,6.9,6.9,177.8
3677,Bengaluru,Marathahalli,4,4,2585,17,0,5,19,Semi-Furnished,6.5,2.7,7,1.4,224.8
3678,Hyderabad,Kukatpally,5,5,4418,4,3,5,27,Furnished,9.9,2.6,4.9,1.3,357.8
3679,Chennai,Tambaram,3,3,2047,0,1,5,5,Unfurnished,10.1,3.2,5.8,2.1,120.3
3680,Hyderabad,Miyapur,1,2,568,6,0,1,5,Semi-Furnished,12.4,3.1,8,8.3,22.5
3681,Bengaluru,HSR Layout,4,4,3505,13,2,2,6,Furnished,2.4,4.1,7.2,4,399.3
3682,Pune,Wakad,3,3,2020,4,1,11,18,Unfurnished,3.2,4.9,6.6,4.1,144.4
3683,Pune,Wakad,3,3,1547,6,2,19,30,Semi-Furnished,4.6,3.6,5.2,8.4,126.3
3684,Pune,Wakad,4,4,1822,22,2,4,7,Semi-Furnished,3.8,4.8,3.3,1.8,146.7
3685,Hyderabad,Madhapur,4,4,2659,9,0,24,25,Unfurnished,5.5,3.2,6.7,4.9,218.7
3686,Bengaluru,Marathahalli,5,5,2935,6,2,5,11,Furnished,9.2,4,4.4,6.4,308.3
3687,Chennai,Anna Nagar,5,5,2887,10,0,15,25,Unfurnished,7.4,2.9,2.4,5,239
3688,Chennai,Anna Nagar,1,1,713,24,2,6,18,Semi-Furnished,6.5,3.5,3,5.1,45.4
3689,Hyderabad,Gachibowli,2,2,1542,2,1,10,12,Semi-Furnished,10.6,3.8,3,2.9,153.6
3690,Chennai,Velachery,1,1,597,23,1,10,30,Unfurnished,11.7,3.3,6.3,3.6,21.7
3691,Bengaluru,Marathahalli,4,4,2950,22,1,4,16,Semi-Furnished,4.4,2.6,6.9,9.4,252.9
3692,Chennai,Velachery,1,1,482,15,1,9,26,Semi-Furnished,6.4,4.6,7.5,4.9,36.1
3693,Bengaluru,Electronic City,4,3,2533,15,2,3,18,Unfurnished,0.9,4.8,0.6,2.9,205.4
3694,Bengaluru,Whitefield,2,2,1496,10,2,2,8,Unfurnished,12.2,4,2,2.7,136.2
3695,Chennai,OMR,3,3,1686,13,1,4,25,Semi-Furnished,15,2.8,2.6,3.9,123.6
3696,Hyderabad,Kondapur,1,1,614,3,3,17,20,Furnished,7.5,3.8,0.5,8.5,53.6
3697,Hyderabad,Kondapur,5,4,3102,5,3,9,22,Unfurnished,13.6,4.3,3.3,4,262.2
3698,Pune,Hadapsar,1,1,548,22,3,18,28,Semi-Furnished,1.5,4.7,6.9,5,43.7
3699,Bengaluru,HSR Layout,2,1,1262,9,2,4,15,Semi-Furnished,14.8,3.9,3.9,6.7,115.1
3700,Pune,Hinjewadi,2,2,1237,13,2,5,5,Semi-Furnished,0.4,4,5,4.9,109.1
3701,Hyderabad,Miyapur,3,2,2336,22,3,18,20,Furnished,8.6,4,2,5.7,153.1
3702,Hyderabad,Miyapur,3,4,1908,12,0,3,10,Furnished,1.4,4.2,0.4,2.3,153.3
3703,Chennai,OMR,4,4,2864,24,3,7,11,Unfurnished,3.2,2.9,3.9,2.2,203
3704,Pune,Kharadi,4,5,3457,17,2,8,22,Unfurnished,1.5,2.9,0.8,7.4,258.4
3705,Chennai,OMR,3,3,2295,6,3,11,28,Semi-Furnished,4.5,3,0.4,4.2,179.1
3706,Hyderabad,Madhapur,1,1,686,10,3,4,6,Furnished,8.3,3.9,2.8,4.4,68.8
3707,Bengaluru,Electronic City,5,5,3084,8,1,1,11,Unfurnished,4.3,3.3,6,2.5,256.2
3708,Pune,Hinjewadi,4,4,3116,24,0,19,29,Furnished,1.8,2.6,2.4,6.9,255.6
3709,Hyderabad,Kondapur,1,1,831,3,2,2,5,Semi-Furnished,8.5,2.5,0.9,3.2,64.9
3710,Chennai,Velachery,5,6,3147,25,3,1,13,Furnished,2.7,3.5,3.8,3.9,271
3711,Bengaluru,Marathahalli,2,2,1248,6,3,2,5,Unfurnished,0.6,4.9,3.8,7.4,119.1
3712,Chennai,Velachery,5,6,4412,20,2,20,29,Unfurnished,11.9,4.9,3.6,8.7,289.6
3713,Hyderabad,Miyapur,5,4,2927,4,2,24,30,Semi-Furnished,2,3.1,1.5,7.9,209.5
3714,Pune,Hinjewadi,2,1,1522,24,3,22,23,Unfurnished,6.6,3.1,7,1.9,101
3715,Chennai,Porur,1,1,690,10,1,1,12,Semi-Furnished,2.2,4.6,7.2,3.2,55
3716,Hyderabad,Miyapur,4,3,2431,20,1,15,19,Furnished,8.3,3,3.1,5.2,171
3717,Hyderabad,Gachibowli,3,3,1841,7,0,1,5,Furnished,3,4.9,4.7,8.3,197.9
3718,Chennai,OMR,2,2,971,3,2,6,7,Semi-Furnished,9.2,5,6.1,7.2,75.3
3719,Pune,Kharadi,2,1,1276,9,1,4,5,Furnished,9.3,5,5.2,6.9,103.3
3720,Hyderabad,Madhapur,1,1,870,12,2,11,11,Semi-Furnished,7.5,3,2.7,8.9,71.2
3721,Chennai,OMR,3,3,1695,5,1,2,11,Furnished,10.4,4.6,4.2,3.9,139.6
3722,Pune,Hadapsar,5,5,3297,19,3,14,16,Semi-Furnished,8.3,5,2,2.6,244.8
3723,Pune,Hinjewadi,4,4,1813,13,2,2,7,Unfurnished,10.4,4.5,5.2,3.9,136
3724,Chennai,Anna Nagar,4,4,1817,14,2,0,5,Semi-Furnished,2.3,4.1,7.7,6.9,180.8
3725,Chennai,OMR,1,1,514,12,3,6,11,Furnished,2.7,4.8,5.9,2.7,63
3726,Chennai,Anna Nagar,3,3,2143,15,3,20,21,Furnished,7.3,4.9,4,3.8,210.7
3727,Bengaluru,Indiranagar,5,6,3046,0,0,7,27,Unfurnished,2.2,4,4.6,8.2,348.5
3728,Bengaluru,Whitefield,4,3,2150,20,3,15,26,Unfurnished,8.6,2.7,6.9,3.5,187.3
3729,Chennai,OMR,3,4,2076,13,0,1,18,Semi-Furnished,8.3,4,2.8,7.2,150.8
3730,Pune,Hadapsar,2,2,1413,14,2,12,27,Unfurnished,11.7,4.4,4.7,4.4,75.1
3731,Chennai,Porur,2,2,1061,23,2,16,19,Semi-Furnished,13.7,3.8,6.4,1.4,60.2
3732,Bengaluru,Whitefield,2,2,1653,23,3,26,28,Furnished,14.4,4.3,0.9,1.4,167.6
3733,Hyderabad,Madhapur,2,2,1553,18,2,27,27,Furnished,10.5,2.8,5.1,9.8,122.6
3734,Bengaluru,HSR Layout,2,1,1708,6,1,4,16,Unfurnished,8.7,4,3.1,2,156.8
3735,Bengaluru,Marathahalli,5,6,4173,25,1,21,22,Semi-Furnished,2.5,3.9,3.9,9.8,376.3
3736,Bengaluru,HSR Layout,4,3,3100,17,2,2,10,Semi-Furnished,5.9,4.7,6.8,4.7,321.8
3737,Chennai,Anna Nagar,5,6,3637,14,2,0,11,Furnished,2.5,2.6,4.4,3.8,357.9
3738,Chennai,Porur,5,4,4321,22,3,0,9,Unfurnished,8.9,2.7,1.9,7.8,240
3739,Bengaluru,HSR Layout,5,4,3436,2,0,2,29,Semi-Furnished,9.6,4,2.2,2.8,379
3740,Hyderabad,Kukatpally,3,3,1458,9,2,2,12,Semi-Furnished,12.4,4,4.7,9,118.2
3741,Bengaluru,Marathahalli,3,3,1578,25,3,6,7,Semi-Furnished,14.7,4.9,6.5,3.5,129
3742,Chennai,OMR,4,4,2071,7,0,7,11,Unfurnished,13.5,3.3,5.8,3.6,134.2
3743,Pune,Kharadi,2,2,1324,23,2,8,24,Unfurnished,5,3.4,7.1,5.8,88.8
3744,Hyderabad,Kukatpally,2,2,1404,16,0,3,30,Semi-Furnished,11.9,3.2,3.6,8.4,78.6
3745,Pune,Hinjewadi,2,2,1601,19,0,28,30,Unfurnished,1.1,2.9,5,1.9,106.1
3746,Chennai,OMR,1,1,719,2,0,0,6,Unfurnished,0.9,3,6,3.2,51.6
3747,Pune,Hadapsar,2,1,999,25,2,4,6,Unfurnished,2.3,3.1,3.6,8.3,53.3
3748,Pune,Kharadi,1,1,681,3,3,18,22,Unfurnished,8,4.1,4.6,8.8,51.3
3749,Pune,Hinjewadi,5,4,3064,17,1,7,14,Semi-Furnished,6.8,2.6,7.8,1.1,242.3
3750,Chennai,Tambaram,2,1,1542,17,0,8,10,Unfurnished,1.6,2.8,0.9,3.7,79.8
3751,Chennai,OMR,3,3,1392,8,2,6,14,Semi-Furnished,8.1,4,1.4,3.9,118.7
3752,Chennai,Porur,1,1,496,18,3,16,18,Semi-Furnished,9.2,3.1,3.1,1.6,20.6
3753,Chennai,OMR,1,1,772,1,1,3,5,Semi-Furnished,12.9,2.7,0.3,7.3,37.2
3754,Pune,Hadapsar,3,4,1986,25,1,20,30,Furnished,14,3.8,1.3,3.8,136.7
3755,Hyderabad,Miyapur,1,2,743,12,1,12,12,Unfurnished,13.5,2.6,3.1,2.3,42.3
3756,Pune,Kharadi,2,1,1709,7,3,10,11,Furnished,2.5,4.3,4.8,4.7,162.7
3757,Chennai,Porur,3,2,2327,23,1,1,11,Furnished,0.6,3.6,5.7,4.5,167.6
3758,Pune,Wakad,4,4,2004,22,2,17,30,Semi-Furnished,12.7,3.8,2.2,7.5,146.5
3759,Hyderabad,Kondapur,4,3,3395,11,3,2,7,Furnished,4.9,4.9,3.3,9.2,311.9
3760,Pune,Baner,4,5,2659,14,0,14,15,Semi-Furnished,14.2,4.9,6.6,2.3,230.4
3761,Hyderabad,Gachibowli,5,4,3632,20,1,11,29,Semi-Furnished,7.5,4,1.7,9.5,335.5
3762,Chennai,Anna Nagar,2,2,1371,13,0,0,16,Semi-Furnished,13.8,5,2.1,4.1,120.6
3763,Chennai,Porur,1,2,483,16,3,24,26,Semi-Furnished,9.6,4.4,1.8,1.1,35.9
3764,Chennai,Velachery,2,3,1453,11,1,1,9,Semi-Furnished,0.2,4.3,2,6.2,127.4
3765,Bengaluru,Whitefield,5,4,3399,0,0,7,12,Furnished,13.1,3.4,2.7,7.6,372.4
3766,Hyderabad,Gachibowli,3,2,2044,13,2,0,28,Unfurnished,5.4,3.9,0.6,7.7,186
3767,Hyderabad,Miyapur,3,2,1642,21,3,19,28,Semi-Furnished,4.2,3,5,1.6,117.6
3768,Hyderabad,Miyapur,2,3,1173,16,1,4,17,Semi-Furnished,13.7,3.5,3.5,2.7,82.8
3769,Pune,Hinjewadi,4,5,2451,5,3,21,27,Semi-Furnished,4.6,4.2,1.7,4.5,209.5
3770,Chennai,Porur,5,6,4461,17,0,20,26,Unfurnished,10.4,3.1,6.7,8.2,252.2
3771,Pune,Hinjewadi,3,2,2442,25,3,10,15,Unfurnished,6.6,3.2,6.8,5.8,155.4
3772,Pune,Kharadi,5,5,2352,3,1,3,23,Furnished,3.2,3.7,3.7,3.5,241.8
3773,Chennai,Velachery,1,1,573,8,2,8,11,Furnished,11.3,3.9,6.2,1.7,53.5
3774,Hyderabad,Kondapur,4,4,2438,15,3,23,26,Unfurnished,5.5,3.6,6.1,2.9,208.7
3775,Pune,Wakad,2,1,1413,21,0,4,12,Semi-Furnished,4.6,3.5,4.2,8.2,79.3
3776,Bengaluru,Whitefield,1,1,601,19,3,13,22,Unfurnished,7,4.3,1.7,8,51.3
3777,Hyderabad,Miyapur,5,4,4301,25,2,14,17,Semi-Furnished,7.1,4,3.2,1.8,272.6
3778,Chennai,Tambaram,2,2,1394,22,3,1,9,Unfurnished,14.9,4.1,0.6,5.7,61.2
3779,Chennai,Anna Nagar,1,1,861,1,2,4,14,Unfurnished,6.5,4.6,6.2,7.1,63.6
3780,Chennai,Tambaram,2,3,1281,13,1,28,30,Furnished,3,2.9,3.8,5.9,79.8
3781,Bengaluru,Marathahalli,1,1,549,14,0,3,8,Semi-Furnished,10.7,4.3,0.5,9.5,36.8
3782,Hyderabad,Madhapur,2,2,1431,19,1,4,29,Unfurnished,7.1,4.8,7.4,4.8,115.9
3783,Chennai,Tambaram,4,4,2218,5,2,4,8,Semi-Furnished,2.5,4.1,4.6,5.6,159.3
3784,Hyderabad,Kukatpally,4,4,2775,20,2,11,18,Semi-Furnished,10.2,3.6,3.2,8.4,193.7
3785,Bengaluru,Electronic City,2,3,1481,7,2,17,17,Semi-Furnished,12.7,4,4.6,4.3,119.8
3786,Bengaluru,HSR Layout,5,6,3101,10,0,7,7,Semi-Furnished,6,3.1,5.1,3.5,346.5
3787,Pune,Kharadi,4,4,2711,13,1,14,23,Semi-Furnished,1.3,4.9,0.4,1.6,242
3788,Bengaluru,Indiranagar,4,5,1912,13,3,9,19,Semi-Furnished,2.8,2.5,5.6,1.3,249.7
3789,Chennai,Tambaram,5,5,3902,5,1,6,7,Unfurnished,11.6,3.3,4.4,4.6,209.6
3790,Hyderabad,Kondapur,2,1,1035,2,2,3,7,Semi-Furnished,2.1,4,5.2,5.4,95.1
3791,Pune,Hadapsar,4,4,3413,3,2,13,18,Furnished,11.8,2.8,0.4,7.9,238.5
3792,Bengaluru,Marathahalli,4,5,1875,3,2,5,16,Unfurnished,4.8,4.3,2.3,4.5,198.3
3793,Chennai,Velachery,5,5,4241,17,3,30,30,Furnished,13.8,2.8,4.5,2.3,342.9
3794,Bengaluru,HSR Layout,4,3,1969,6,0,1,21,Unfurnished,1.4,3.2,4.3,1.3,220.7
3795,Chennai,Tambaram,3,3,2087,14,3,4,12,Semi-Furnished,3.4,3.9,2.1,6.5,128.2
3796,Hyderabad,Miyapur,2,3,1299,18,2,16,24,Unfurnished,8.9,4.1,4.3,4.5,82.2
3797,Pune,Wakad,2,3,1223,16,2,10,29,Semi-Furnished,7.2,4.8,1.8,1.5,94.3
3798,Chennai,Tambaram,5,5,3674,18,0,1,24,Semi-Furnished,14,2.6,2.6,5.7,211.3
3799,Pune,Wakad,4,4,2630,23,2,17,21,Furnished,8.9,3.7,7.9,3.4,193
3800,Bengaluru,Whitefield,2,2,1715,4,0,5,23,Semi-Furnished,8.9,4.2,6.7,6.3,156.3
3801,Hyderabad,Madhapur,2,1,1086,24,0,3,15,Furnished,9.8,3.8,0.9,4.4,90.8
3802,Chennai,Anna Nagar,1,2,792,10,1,7,12,Unfurnished,11.5,4.6,3.8,5.3,52
3803,Hyderabad,Gachibowli,2,2,1062,23,3,3,5,Unfurnished,11.5,3.7,6.1,3.2,83.6
3804,Chennai,Porur,3,4,1907,20,1,0,7,Furnished,14.8,2.9,7.9,5.9,119
3805,Chennai,Anna Nagar,2,3,1632,13,3,0,12,Semi-Furnished,8.3,3.8,0.9,4.8,150.7
3806,Chennai,Porur,5,6,4484,4,1,3,13,Unfurnished,2.2,4.2,0.9,4.2,296.2
3807,Bengaluru,Marathahalli,2,2,921,15,0,1,13,Unfurnished,11.7,3.3,0.5,4.7,78
3808,Pune,Kharadi,5,5,3479,8,2,11,14,Furnished,7.1,4.1,7.7,1.6,307.8
3809,Hyderabad,Kondapur,4,5,2231,3,0,4,9,Unfurnished,12.1,3.3,5.9,4.9,179.1
3810,Chennai,Tambaram,5,5,3770,16,1,3,27,Furnished,12,2.5,6.9,6,222
3811,Pune,Wakad,4,4,3195,5,3,1,16,Furnished,7.5,2.7,1.5,3.8,241.3
3812,Hyderabad,Madhapur,2,3,1733,5,0,7,20,Semi-Furnished,6.3,4.3,6.3,6.7,161.5
3813,Pune,Hinjewadi,4,4,2985,22,0,23,28,Semi-Furnished,1.9,4.6,5.4,8.4,222.4
3814,Bengaluru,Electronic City,4,4,2186,18,2,0,30,Unfurnished,13.4,4.7,7.1,9.9,161.7
3815,Hyderabad,Gachibowli,1,1,541,4,0,7,16,Unfurnished,2.7,3.9,2.1,7.5,51.7
3816,Hyderabad,Miyapur,5,4,3443,13,3,7,7,Unfurnished,12.8,4.7,2.5,8.8,208.3
3817,Pune,Baner,5,4,2748,15,1,1,23,Semi-Furnished,6.4,2.6,3.4,5.8,236.2
3818,Chennai,Tambaram,4,3,2174,14,1,6,8,Unfurnished,12.5,3.4,1.5,3.7,127.9
3819,Hyderabad,Kukatpally,2,2,1659,14,0,22,27,Semi-Furnished,2.5,4.8,7.3,6.9,129.8
3820,Chennai,Anna Nagar,4,4,2581,17,3,14,17,Semi-Furnished,9.6,4.2,5.8,4.7,236.7
3821,Hyderabad,Kondapur,2,2,908,0,0,5,5,Unfurnished,11.4,4.9,2.3,5,78.8
3822,Hyderabad,Gachibowli,4,4,2839,25,1,2,11,Unfurnished,12.7,4.9,5.6,7.2,229.6
3823,Pune,Wakad,2,2,1637,7,2,1,15,Unfurnished,4.3,3.7,3.4,5.2,121.7
3824,Pune,Hinjewadi,1,1,468,0,2,2,24,Furnished,2,4.7,1.6,7.6,58.7
3825,Bengaluru,Marathahalli,2,2,1208,16,0,0,14,Unfurnished,14.6,4.1,3.3,9.3,75.4
3826,Chennai,Anna Nagar,3,2,2678,0,3,15,16,Semi-Furnished,7,2.7,5.6,2,241
3827,Bengaluru,Marathahalli,2,2,1402,1,2,4,13,Semi-Furnished,14,3.3,1.1,2.8,126.3
3828,Bengaluru,Marathahalli,3,3,1573,17,2,9,10,Unfurnished,14.3,4.3,7.9,5.1,115.5
3829,Pune,Wakad,2,3,1576,1,0,3,6,Semi-Furnished,6.1,3.4,6.4,8.4,110.7
3830,Bengaluru,Indiranagar,5,5,2573,20,0,4,22,Furnished,2.6,4.1,3.9,4.8,342.4
3831,Hyderabad,Kukatpally,1,1,509,16,3,12,24,Unfurnished,14.6,3.5,7,1.9,28.8
3832,Bengaluru,Marathahalli,5,5,2606,22,0,10,20,Semi-Furnished,4.7,3.4,6.5,1.2,246.4
3833,Bengaluru,HSR Layout,4,4,2031,8,1,20,21,Semi-Furnished,14.8,2.7,5.6,2.1,218.2
3834,Pune,Hadapsar,4,4,2312,10,2,18,30,Furnished,14.1,4.2,1.6,1.3,187.1
3835,Bengaluru,Electronic City,3,3,1461,0,1,26,30,Semi-Furnished,1.1,4.3,4.5,5.1,147.5
3836,Bengaluru,Electronic City,3,2,1430,16,2,4,12,Furnished,13.7,3.1,1,6.5,124.8
3837,Bengaluru,Indiranagar,2,3,1765,25,3,6,21,Unfurnished,7.6,4.6,5.1,2.7,190
3838,Hyderabad,Miyapur,1,2,789,15,0,14,20,Semi-Furnished,2,3.1,0.6,1.5,67.1
3839,Bengaluru,Indiranagar,1,2,609,10,3,8,29,Unfurnished,9.5,2.7,2.4,5.8,51.1
3840,Hyderabad,Gachibowli,1,1,566,7,0,20,26,Unfurnished,1.9,4.6,4.8,3.3,51.5
3841,Hyderabad,Madhapur,5,5,2696,11,0,4,23,Semi-Furnished,7.5,2.9,2.5,6.8,262.1
3842,Chennai,Anna Nagar,4,3,2860,23,2,17,18,Semi-Furnished,1.7,4.8,5.2,7.7,245.7
3843,Pune,Baner,5,6,3517,15,0,18,25,Unfurnished,7.8,4.4,5.6,6.4,276.1
3844,Hyderabad,Miyapur,2,2,1434,4,3,13,16,Unfurnished,7.2,4.1,6.3,4.4,105.1
3845,Bengaluru,Indiranagar,4,5,3199,19,0,5,17,Semi-Furnished,14.7,4.7,5.5,7.1,348.7
3846,Pune,Kharadi,3,4,1957,17,3,14,16,Semi-Furnished,14.3,4,7.3,5.4,149.9
3847,Hyderabad,Gachibowli,4,4,1869,23,3,4,21,Unfurnished,11,4.5,2.1,9.1,171
3848,Chennai,Tambaram,3,2,1709,13,3,16,22,Semi-Furnished,5.2,2.6,2.2,8.4,110.1
3849,Chennai,Anna Nagar,4,3,3323,23,2,1,9,Furnished,14.9,4.8,1.3,3.2,288.3
3850,Chennai,Porur,4,4,3436,20,0,10,10,Furnished,8.9,4.5,2.9,7.8,233.9
3851,Pune,Hadapsar,2,1,1424,16,1,1,20,Semi-Furnished,11,4.3,6.7,7.1,85.7
3852,Hyderabad,Kukatpally,2,2,1601,21,0,9,16,Unfurnished,4.7,4.1,4.6,5.4,108.3
3853,Pune,Hinjewadi,5,5,4466,23,3,3,20,Unfurnished,6.7,4.4,2.6,5.8,305.8
3854,Pune,Wakad,3,3,2215,11,0,8,24,Unfurnished,14,4.1,6.3,8,138.2
3855,Bengaluru,Electronic City,1,2,533,17,3,0,6,Furnished,3.8,4.6,3.2,8.7,53.3
3856,Hyderabad,Gachibowli,5,4,4342,14,0,3,19,Unfurnished,11.8,4.3,4.7,6.4,364.5
3857,Hyderabad,Kukatpally,1,1,526,5,0,1,12,Furnished,8.8,3.5,2.7,2.7,38.6
3858,Hyderabad,Gachibowli,4,4,2404,2,3,8,27,Furnished,4.3,4.6,3,3.7,269.6
3859,Bengaluru,HSR Layout,2,2,1272,18,0,9,18,Semi-Furnished,1.5,4.1,3.4,1.2,138.4
3860,Bengaluru,HSR Layout,5,6,3510,16,3,0,15,Unfurnished,14.1,3.2,2.8,9.1,333.9
3861,Hyderabad,Gachibowli,5,4,3942,11,1,8,17,Semi-Furnished,12.1,4.1,5,8.6,363.5
3862,Pune,Kharadi,5,4,3101,8,0,12,14,Semi-Furnished,4.3,4.6,4.5,4.9,268.8
3863,Hyderabad,Kondapur,2,2,925,18,0,8,26,Unfurnished,5.4,4.4,6.7,3.5,85.6
3864,Pune,Wakad,5,5,3304,20,3,3,16,Semi-Furnished,3.2,4.8,1,1.3,262
3865,Hyderabad,Madhapur,4,4,3341,7,2,15,29,Semi-Furnished,11,3.9,4.7,2.4,297.2
3866,Hyderabad,Miyapur,1,2,889,6,1,21,23,Semi-Furnished,2.4,3.1,7.6,4.5,59.1
3867,Bengaluru,HSR Layout,5,6,3729,15,0,2,8,Semi-Furnished,14.7,4.4,1.4,7.9,399.9
3868,Bengaluru,Whitefield,1,2,538,7,0,6,21,Furnished,14.9,4.1,2.4,2,55.9
3869,Hyderabad,Kukatpally,4,5,2050,21,3,3,5,Semi-Furnished,1.5,3.7,5,9.2,161.8
3870,Bengaluru,Electronic City,5,4,3269,23,1,6,16,Unfurnished,5.7,3.4,1.6,7.8,251.8
3871,Bengaluru,Electronic City,3,2,1908,22,0,8,23,Unfurnished,11.9,4.2,1,8.5,129.4
3872,Bengaluru,Whitefield,5,5,3438,9,3,5,22,Furnished,1.6,3,1.3,5.4,385.2
3873,Pune,Baner,4,4,2089,22,1,2,11,Furnished,3.9,4.6,1.8,9.9,198.1
3874,Bengaluru,Indiranagar,5,4,2899,10,2,4,8,Semi-Furnished,2.2,3.8,4,8.3,342.4
3875,Chennai,Porur,1,1,582,14,2,2,27,Semi-Furnished,4.8,3.2,0.9,4.1,41.4
3876,Hyderabad,Kukatpally,3,3,2066,6,1,7,23,Semi-Furnished,4.2,4.6,5.4,7.8,157.7
3877,Chennai,OMR,5,5,3557,0,3,10,20,Furnished,4.1,2.8,4.5,2.1,299.3
3878,Pune,Hinjewadi,4,5,2164,11,0,6,8,Furnished,3,3.3,5.4,5,206.3
3879,Chennai,Porur,3,4,1687,9,2,4,23,Semi-Furnished,5.4,4.8,7,7.2,130.9
3880,Hyderabad,Kondapur,4,4,3291,1,0,5,21,Unfurnished,7.2,3.8,0.3,5.5,273.3
3881,Bengaluru,Whitefield,5,5,3709,5,0,5,5,Semi-Furnished,9,4.4,1.8,4.1,375.1
3882,Hyderabad,Madhapur,1,1,700,24,1,18,23,Unfurnished,4.9,2.6,6.4,9.2,30
3883,Bengaluru,Electronic City,4,4,2481,25,2,2,11,Semi-Furnished,0.7,2.9,1.6,1.4,207
3884,Pune,Kharadi,1,1,569,15,0,3,20,Semi-Furnished,0.9,3.4,2.8,3.6,38.6
3885,Chennai,Porur,2,1,1454,10,0,2,16,Semi-Furnished,2.3,4.7,3.5,4.4,91.7
3886,Pune,Baner,5,5,2698,3,3,5,8,Furnished,13.5,3.1,2.6,9.3,255.1
3887,Bengaluru,Indiranagar,2,2,1528,21,0,3,29,Unfurnished,9.1,3.6,2.5,7.2,137.3
3888,Bengaluru,HSR Layout,5,6,4465,21,3,15,25,Unfurnished,4.8,4.8,5.4,2.7,448.9
3889,Chennai,Porur,5,5,4236,2,2,15,19,Unfurnished,7.1,2.7,6.6,7.7,254.8
3890,Hyderabad,Madhapur,3,3,1798,12,1,4,16,Unfurnished,14,2.9,2.3,9.6,143
3891,Hyderabad,Kondapur,3,4,2211,7,0,20,26,Unfurnished,3.5,3.7,3.2,1.6,185.5
3892,Hyderabad,Gachibowli,5,5,3301,19,0,4,24,Semi-Furnished,5.9,4.2,2.9,5.3,315
3893,Pune,Kharadi,3,2,1920,7,0,7,11,Furnished,0.5,4.4,0.3,1.8,186.5
3894,Hyderabad,Gachibowli,1,2,576,17,1,4,10,Furnished,3.7,3.5,6.3,9.7,54.4
3895,Chennai,OMR,5,4,4245,16,2,2,15,Furnished,9.1,3.4,7,4.6,322.8
3896,Hyderabad,Madhapur,3,3,2583,22,2,19,22,Unfurnished,14.6,3.2,2.4,5.7,196.3
3897,Hyderabad,Gachibowli,1,2,750,10,3,17,24,Unfurnished,8.1,3,7.5,9.9,49.3
3898,Pune,Kharadi,5,5,3844,25,3,0,14,Semi-Furnished,12.6,3.1,0.7,4.1,291.6
3899,Hyderabad,Kukatpally,3,2,2406,3,0,14,17,Unfurnished,8.7,3.6,3.2,1.9,168.1
3900,Chennai,Porur,2,1,1453,12,2,11,11,Semi-Furnished,8.8,3.4,3.1,5.8,87.6
3901,Hyderabad,Miyapur,3,4,2138,23,2,9,13,Furnished,4,3.7,4.2,8.1,160.5
3902,Pune,Hadapsar,5,4,2279,15,3,20,27,Semi-Furnished,2.8,2.7,3.9,6.7,169
3903,Pune,Hadapsar,1,2,828,13,1,11,12,Unfurnished,5.2,3.8,1.2,6.8,56.4
3904,Hyderabad,Madhapur,4,5,2657,3,2,8,8,Unfurnished,15,4.6,2.7,3.4,237
3905,Hyderabad,Gachibowli,3,3,2056,19,3,10,18,Semi-Furnished,2.9,3.1,7,5.9,201.4
3906,Pune,Hadapsar,3,2,2568,12,0,9,13,Furnished,9.3,4.9,0.8,8.5,181.7
3907,Hyderabad,Miyapur,1,1,605,20,2,13,14,Semi-Furnished,2.7,4.4,3.2,8.5,38.6
3908,Bengaluru,Marathahalli,5,6,3139,25,0,12,19,Semi-Furnished,6.2,3.4,1.5,3.3,284.3
3909,Hyderabad,Madhapur,1,1,696,18,3,3,5,Furnished,5.3,3.9,1.1,2.2,70.9
3910,Hyderabad,Kukatpally,4,4,2692,7,2,5,6,Semi-Furnished,6.4,3.8,7,6.1,216.7
3911,Pune,Hinjewadi,4,5,2150,6,1,5,16,Furnished,0.2,3.7,5.1,5,214.7
3912,Chennai,Anna Nagar,5,4,3085,4,3,3,8,Semi-Furnished,12,4.8,6.7,9.3,284.8
3913,Hyderabad,Miyapur,2,2,1107,20,1,20,25,Furnished,1,3.3,7.4,3,79.2
3914,Pune,Kharadi,3,2,2278,3,2,3,12,Unfurnished,1.3,3.5,5.7,3,185.2
3915,Bengaluru,Marathahalli,4,4,2195,21,0,16,29,Unfurnished,14,4.6,2.1,3.6,173.7
3916,Chennai,Velachery,5,6,3287,11,3,2,29,Semi-Furnished,3.1,4,5.8,2.9,269.6
3917,Hyderabad,Kukatpally,5,4,4160,0,0,4,21,Furnished,1.4,4.3,7.2,8.5,332.4
3918,Chennai,OMR,2,2,1002,5,0,17,22,Unfurnished,13.3,3,0.4,6.9,61
3919,Hyderabad,Miyapur,3,3,2050,20,2,13,20,Semi-Furnished,13.9,4.4,3.2,4.1,129.8
3920,Hyderabad,Gachibowli,4,3,3335,4,0,4,12,Furnished,10.4,3.7,2.4,6.7,342.5
3921,Chennai,Tambaram,3,3,1776,0,0,2,9,Unfurnished,2.8,3.1,7.7,1.8,123.7
3922,Chennai,Velachery,2,2,1653,25,2,7,7,Semi-Furnished,2.6,2.7,0.8,2.2,130.9
3923,Bengaluru,Indiranagar,1,1,821,1,3,15,30,Semi-Furnished,4,2.6,7.6,7.3,84.3
3924,Hyderabad,Kukatpally,2,1,941,2,0,3,24,Unfurnished,10.3,3.2,0.6,8.4,53.9
3925,Hyderabad,Kondapur,5,5,3835,13,3,11,27,Unfurnished,3.2,4.6,3.1,5.2,321.5
3926,Bengaluru,Indiranagar,5,5,2998,23,0,5,10,Semi-Furnished,2.9,3.2,4.5,8.8,333.1
3927,Pune,Hadapsar,4,4,2747,15,3,9,15,Unfurnished,5.4,4,1.6,6.1,178.3
3928,Bengaluru,Whitefield,2,2,1250,21,1,7,13,Unfurnished,10.6,4.9,7,9.5,99
3929,Chennai,Tambaram,5,4,2897,4,1,10,11,Semi-Furnished,10.2,4.1,6.4,3.5,192
3930,Chennai,Porur,3,3,2159,24,2,5,14,Unfurnished,4.1,2.8,3.1,2.3,132.5
3931,Hyderabad,Kondapur,2,3,1635,1,3,3,7,Unfurnished,8.8,3.2,7.3,2.2,133.3
3932,Chennai,Tambaram,1,1,558,23,2,8,15,Semi-Furnished,13.9,4.1,1.4,4,21.1
3933,Hyderabad,Madhapur,4,4,3517,0,3,14,30,Semi-Furnished,12.9,3,7.6,9.7,308.4
3934,Hyderabad,Madhapur,5,5,3295,12,3,0,10,Semi-Furnished,5.3,4.9,1.9,2,332
3935,Bengaluru,Marathahalli,2,1,1422,23,1,10,28,Unfurnished,3.7,3.8,4.4,9.5,99.3
3936,Chennai,OMR,4,3,2508,3,0,6,13,Unfurnished,14.5,3.3,6.2,6.7,153.8
3937,Pune,Kharadi,2,3,1796,22,1,3,14,Furnished,12.5,4.9,2.6,8.8,136.5
3938,Chennai,OMR,3,4,2052,6,0,4,7,Unfurnished,11.3,3.1,2.3,3.9,136.5
3939,Hyderabad,Gachibowli,2,2,1043,2,2,3,22,Unfurnished,2.1,2.6,3.1,6.5,94.5
3940,Bengaluru,Whitefield,5,5,3009,4,0,4,10,Furnished,12.2,3.6,7.4,6.3,319.8
3941,Pune,Hadapsar,2,2,1465,5,3,13,27,Semi-Furnished,1.1,4.8,5.4,6.4,127
3942,Pune,Kharadi,2,2,1607,9,3,5,10,Semi-Furnished,9,4,5.9,2.3,123.8
3943,Chennai,Velachery,1,1,532,10,1,10,13,Furnished,6.6,3.1,3.6,3,34.1
3944,Pune,Baner,4,4,2394,0,1,2,25,Unfurnished,2.8,2.8,5.1,3.3,207.9
3945,Pune,Wakad,1,1,641,10,1,1,10,Semi-Furnished,14.5,4.3,5.3,8,37.7
3946,Chennai,Anna Nagar,3,2,1665,12,2,11,30,Unfurnished,14.5,4.5,5.9,1.5,126.6
3947,Chennai,Porur,5,5,2863,25,3,16,17,Semi-Furnished,0.4,2.6,5.2,4.1,206.4
3948,Bengaluru,Marathahalli,3,3,1988,23,1,2,6,Unfurnished,3.3,5,1.1,3.3,183.2
3949,Hyderabad,Kukatpally,2,3,918,14,1,8,20,Semi-Furnished,13.5,2.6,7.8,9,54.3
3950,Chennai,OMR,2,2,1723,25,0,18,19,Semi-Furnished,3.6,4.8,3.9,6,125.7
3951,Hyderabad,Kondapur,5,5,2660,11,0,11,28,Furnished,2.7,4.6,4.6,5,269.2
3952,Hyderabad,Kondapur,1,1,705,3,2,5,5,Semi-Furnished,11.4,4.5,3.9,8.3,62.7
3953,Hyderabad,Kondapur,4,4,2074,18,0,6,25,Semi-Furnished,11.6,2.6,0.8,6,169.7
3954,Hyderabad,Kondapur,4,5,3212,7,1,4,5,Semi-Furnished,14,3.3,6.3,6.4,261.7
3955,Chennai,Porur,2,2,1041,14,3,14,20,Unfurnished,6.6,3.1,3.7,9.3,65.5
3956,Pune,Hadapsar,3,4,1771,21,3,6,8,Unfurnished,6.1,4.1,5.7,1.8,121.9
3957,Chennai,Porur,3,3,1986,2,3,6,8,Semi-Furnished,4.7,3.9,2.7,6.7,141.8
3958,Bengaluru,HSR Layout,3,2,1370,3,0,1,5,Semi-Furnished,12.1,3.9,1.9,2.1,150.7
3959,Hyderabad,Kondapur,1,1,493,2,1,6,6,Unfurnished,6.9,3.3,2.3,6,52.1
3960,Pune,Hadapsar,4,3,3004,25,2,3,9,Semi-Furnished,1,4.3,1.6,3.9,213.2
3961,Bengaluru,Electronic City,4,3,2842,0,3,4,6,Unfurnished,7.9,4.5,3.8,7.6,224.9
3962,Chennai,Velachery,3,3,1715,21,2,14,26,Unfurnished,2.7,4.1,1.1,3.9,139.9
3963,Chennai,Tambaram,4,5,3042,20,1,3,5,Semi-Furnished,2.8,3.6,1.3,7.8,180
3964,Hyderabad,Miyapur,4,3,2841,13,1,4,11,Semi-Furnished,4.3,3.1,3.7,4.2,200.8
3965,Bengaluru,Marathahalli,1,1,712,23,2,16,17,Unfurnished,2.2,3.3,0.3,9.3,49.8
3966,Bengaluru,Indiranagar,2,3,1465,22,2,9,24,Unfurnished,13.2,4.7,6.5,5.1,133.3
3967,Chennai,Tambaram,3,2,2059,7,3,19,25,Unfurnished,13.4,2.5,6.1,1.2,106.9
3968,Bengaluru,HSR Layout,5,5,2296,21,0,5,5,Semi-Furnished,9,3.8,3.5,5.3,262.3
3969,Bengaluru,Electronic City,4,4,3093,10,1,4,5,Unfurnished,2.9,2.9,1.3,5.9,236.9
3970,Hyderabad,Madhapur,3,3,1707,22,1,2,12,Semi-Furnished,3.5,3.1,2.4,9.1,162.2
3971,Hyderabad,Miyapur,2,1,1160,24,2,21,22,Unfurnished,10.1,3,7.7,2.1,55.7
3972,Chennai,Tambaram,4,3,3032,18,3,0,7,Semi-Furnished,1.6,3.8,1.8,9.4,190.8
3973,Bengaluru,HSR Layout,4,4,3265,21,1,4,7,Semi-Furnished,5.5,3.3,3.7,2.4,333.7
3974,Hyderabad,Kondapur,5,6,3328,24,2,2,10,Semi-Furnished,9.3,4.7,1.8,3,292.9
3975,Chennai,OMR,5,5,4043,8,1,0,9,Semi-Furnished,13.3,5,3.4,1,304.5
3976,Bengaluru,Whitefield,4,5,2298,13,3,11,20,Furnished,5.5,3.8,7.3,9.6,264.9
3977,Chennai,Tambaram,2,2,1138,10,1,6,21,Semi-Furnished,14.6,4.9,1.7,5.8,75
3978,Chennai,OMR,3,4,2566,23,2,26,26,Semi-Furnished,11.5,4.9,1.6,9.5,185
3979,Hyderabad,Madhapur,1,2,760,20,3,4,9,Semi-Furnished,13.2,4.5,3,2.4,68.5
3980,Pune,Baner,4,3,3581,14,1,4,19,Unfurnished,7.2,4.3,6.7,1.2,256.9
3981,Chennai,Anna Nagar,3,4,2281,14,2,7,20,Semi-Furnished,0.8,3.5,5.8,8.8,199.4
3982,Hyderabad,Kukatpally,1,2,699,20,3,16,21,Unfurnished,0.5,2.9,2.5,7.8,55.7
3983,Bengaluru,Whitefield,1,1,564,9,0,15,22,Furnished,2,3.3,2.7,7.2,71.8
3984,Bengaluru,Marathahalli,2,1,1695,7,0,5,11,Unfurnished,1.8,4.8,3.7,3,139.8
3985,Chennai,OMR,3,2,2612,17,3,11,27,Semi-Furnished,14.8,3.7,1.4,2.6,177.5
3986,Pune,Hadapsar,1,1,717,7,3,9,11,Unfurnished,0.8,2.9,2.4,4.9,53.4
3987,Pune,Wakad,1,1,727,2,3,2,23,Furnished,11.4,3.9,4,5.2,53.1
3988,Pune,Baner,3,3,2551,2,0,11,22,Unfurnished,1.8,3.2,1.6,8,190.5
3989,Chennai,Tambaram,2,1,1654,3,0,15,21,Unfurnished,7.6,2.9,2,2.2,89.4
3990,Pune,Wakad,4,4,2124,3,2,7,10,Semi-Furnished,11,4.8,5.4,3.2,179.2
3991,Chennai,Velachery,3,2,2140,12,1,5,22,Semi-Furnished,6.7,3.4,4.8,2.2,159.9
3992,Hyderabad,Miyapur,5,5,3918,0,2,11,11,Furnished,14.3,4.8,2.9,9.2,283.1
3993,Hyderabad,Miyapur,4,4,2331,22,3,20,30,Semi-Furnished,7.4,3.6,2.5,9.8,164.7
3994,Bengaluru,Marathahalli,1,2,695,24,1,0,17,Semi-Furnished,11.4,4,7.3,9.9,47.6
3995,Hyderabad,Gachibowli,1,1,696,22,3,7,22,Furnished,1.9,4.6,6.7,2.4,75.1
3996,Pune,Baner,1,2,797,23,0,2,11,Unfurnished,1,3.8,5.1,3.1,63.1
3997,Bengaluru,Indiranagar,3,3,2106,8,2,9,28,Semi-Furnished,13.7,4.9,3.7,9.2,240.2
3998,Bengaluru,Electronic City,3,4,2291,2,3,0,14,Semi-Furnished,6,3.5,4.7,6.2,195.9
3999,Hyderabad,Kukatpally,1,1,691,13,1,7,11,Semi-Furnished,12.4,2.8,7.8,6.4,36.2
4000,Bengaluru,Whitefield,5,6,4370,24,3,0,23,Semi-Furnished,2.8,5,1.7,1.7,442.4
4001,Pune,Wakad,3,2,2098,13,3,0,7,Unfurnished,13.6,2.9,5.8,7.8,123.3
4002,Bengaluru,HSR Layout,3,4,1617,25,2,3,14,Semi-Furnished,2.9,3.9,7.1,5.5,171.2
4003,Hyderabad,Madhapur,3,3,1469,1,2,2,12,Unfurnished,14.7,3.9,4.2,6.8,123.1
4004,Pune,Hadapsar,4,5,2682,25,3,6,21,Unfurnished,14.6,3.7,4.9,3.4,164.5
4005,Bengaluru,Indiranagar,3,2,1786,15,3,17,26,Furnished,4,2.8,6,1.9,226.9
4006,Pune,Kharadi,5,4,3440,10,0,4,24,Unfurnished,10.9,3.2,5.1,4.8,240.5
4007,Chennai,OMR,5,5,2410,11,3,9,22,Semi-Furnished,5.3,4.5,4.8,2.9,206
4008,Hyderabad,Gachibowli,4,4,3570,5,3,26,27,Furnished,9.3,2.9,7,9,354.2
4009,Chennai,OMR,2,2,1244,19,1,25,27,Unfurnished,2.5,4.4,7.7,2.5,85.1
4010,Chennai,Porur,3,3,2630,0,1,0,26,Semi-Furnished,4.9,2.8,2.2,4.9,183.4
4011,Bengaluru,HSR Layout,5,6,4059,21,3,6,21,Semi-Furnished,14.4,3.3,0.9,2.8,415.9
4012,Pune,Wakad,4,5,3072,9,0,22,24,Semi-Furnished,12.9,2.6,1.9,7.5,199.6
4013,Hyderabad,Kukatpally,4,4,2891,0,1,2,17,Unfurnished,10.1,3.4,2.2,7.1,193.8
4014,Hyderabad,Miyapur,3,4,2031,0,2,16,28,Unfurnished,4.7,5,2.4,2.6,149.7
4015,Bengaluru,Electronic City,4,3,3252,4,1,7,23,Furnished,13.6,2.7,4.1,3.7,284.2
4016,Pune,Wakad,4,4,2906,23,0,8,16,Semi-Furnished,0.7,2.5,7.6,8.6,189.3
4017,Hyderabad,Kukatpally,3,3,1514,14,1,2,18,Furnished,0.7,4.2,2.3,4.6,149.8
4018,Hyderabad,Kondapur,4,5,2012,24,1,10,18,Unfurnished,8.1,4,4,10,162.4
4019,Chennai,Velachery,4,5,2903,16,0,13,18,Semi-Furnished,0.8,3.5,0.9,6.2,241.2
4020,Pune,Baner,3,4,1747,25,1,7,7,Semi-Furnished,14.9,4.4,2.6,5.2,144.8
4021,Pune,Hinjewadi,4,3,2866,24,2,10,28,Semi-Furnished,7.7,3,4.5,4.4,206.1
4022,Bengaluru,HSR Layout,4,4,2431,2,0,26,28,Semi-Furnished,5.6,3.7,0.7,1.8,284.3
4023,Pune,Wakad,4,5,3349,19,0,1,22,Furnished,2.1,5,4.8,1.2,268.3
4024,Chennai,Tambaram,2,1,1332,23,2,13,27,Unfurnished,14.6,3.5,2.7,8,55.2
4025,Bengaluru,Indiranagar,3,3,2453,6,1,25,28,Unfurnished,9.9,3.2,2.2,2.4,260.3
4026,Chennai,Porur,2,2,1663,0,3,13,18,Semi-Furnished,4,4,7.4,7.9,106
4027,Hyderabad,Gachibowli,2,1,900,1,0,2,11,Semi-Furnished,6.1,4.6,3.9,1.1,106.7
4028,Pune,Baner,3,2,2151,4,3,15,27,Semi-Furnished,5.3,2.9,5.9,7.9,185.3
4029,Bengaluru,Electronic City,1,1,528,4,0,6,16,Semi-Furnished,7,5,7.8,2.4,50.8
4030,Pune,Kharadi,4,3,2569,5,2,9,9,Semi-Furnished,3,3.8,1.1,7,225.6
4031,Pune,Hinjewadi,1,2,686,24,2,6,14,Unfurnished,3.5,5,7.3,3.4,44.8
4032,Chennai,OMR,4,4,1994,4,1,1,12,Furnished,12.8,3.1,4.9,4.4,158.2
4033,Pune,Baner,1,1,879,24,1,11,19,Unfurnished,1.8,3.2,5.9,4.7,52.9
4034,Bengaluru,HSR Layout,5,6,3039,20,1,16,19,Semi-Furnished,2.6,3.8,5.7,9.4,341.1
4035,Pune,Wakad,3,3,2078,20,0,2,7,Unfurnished,9.1,4.5,6.5,3.4,133.7
4036,Chennai,Velachery,3,3,2039,18,2,0,12,Unfurnished,8.7,3.4,4.7,5.4,134.2
4037,Chennai,Anna Nagar,3,2,1882,10,1,29,29,Unfurnished,2.2,4.1,1.9,5.9,161.2
4038,Pune,Hinjewadi,2,3,922,9,1,2,7,Furnished,1.7,4.7,0.6,4.7,102.4
4039,Pune,Baner,2,1,941,1,2,13,22,Semi-Furnished,2.8,4.2,2.8,4.9,101.3
4040,Pune,Wakad,2,2,1532,1,2,8,30,Unfurnished,1.6,2.7,3,8.8,105.4
4041,Bengaluru,Marathahalli,2,3,1672,18,0,0,19,Furnished,3.9,3.8,4.1,7.4,152.7
4042,Bengaluru,Marathahalli,5,5,2588,14,2,4,25,Unfurnished,7.1,2.6,2.7,2.8,219.7
4043,Pune,Kharadi,2,3,1796,7,1,10,16,Unfurnished,2.5,4.6,2.7,6,136
4044,Pune,Wakad,2,2,959,13,1,8,14,Unfurnished,3.7,4.4,6,9.1,62.4
4045,Hyderabad,Gachibowli,3,4,1875,13,3,0,16,Unfurnished,1,4,2.8,3.7,195.5
4046,Chennai,Velachery,1,1,749,15,0,6,6,Furnished,10.4,2.5,6.1,2.9,32.5
4047,Hyderabad,Miyapur,5,4,3238,8,0,18,26,Furnished,10.5,2.6,4.4,5.3,240.4
4048,Chennai,Porur,4,4,2470,16,2,2,9,Semi-Furnished,12.8,3.6,4.3,5.2,156
4049,Pune,Baner,3,3,2540,5,3,10,20,Unfurnished,9.1,2.9,3.1,7.4,193.7
4050,Chennai,Porur,3,3,1733,24,1,6,7,Semi-Furnished,9.3,4.7,1.6,5.6,105.1
4051,Chennai,Porur,5,6,2560,22,2,0,10,Semi-Furnished,10.6,4.2,3.8,5.5,183.9
4052,Hyderabad,Madhapur,3,2,1943,18,1,12,21,Semi-Furnished,3.4,2.9,2.1,1.6,180.2
4053,Chennai,Velachery,2,3,1104,20,2,14,20,Semi-Furnished,3.4,4.7,5.8,4.9,105.1
4054,Chennai,Porur,2,3,1723,13,2,14,14,Furnished,12,4.6,7.3,6.3,104.2
4055,Pune,Wakad,1,1,814,15,2,3,21,Furnished,10.1,4.2,7,3.8,60
4056,Bengaluru,Indiranagar,5,6,3928,3,0,10,19,Unfurnished,6.1,2.7,5.8,9.5,404.4
4057,Hyderabad,Gachibowli,4,4,3451,19,0,16,22,Semi-Furnished,11.4,4.7,7.1,1.8,316.9
4058,Hyderabad,Gachibowli,4,3,3303,16,3,9,9,Semi-Furnished,0.3,2.7,1.7,4.7,309.5
4059,Hyderabad,Kondapur,4,4,3127,8,1,3,6,Unfurnished,9.7,4.9,6.3,4.6,255
4060,Pune,Kharadi,5,4,3656,8,1,4,15,Furnished,13.2,4.5,6,8,308.7
4061,Chennai,Tambaram,1,1,804,4,1,7,10,Semi-Furnished,0.7,4.5,3.9,3.2,60
4062,Pune,Baner,5,5,2743,5,1,1,30,Furnished,3.2,3.2,5,7.9,267.1
4063,Chennai,Tambaram,3,3,1517,14,1,2,29,Semi-Furnished,9.8,3.2,7.9,2.9,96.7
4064,Hyderabad,Miyapur,4,5,3584,0,0,17,23,Semi-Furnished,14.1,3,0.5,3.9,244.8
4065,Chennai,Porur,2,1,1460,3,1,2,8,Semi-Furnished,13.6,2.5,7.5,6.2,68.5
4066,Hyderabad,Madhapur,3,2,2050,8,0,13,19,Unfurnished,13.3,2.8,4.6,7.1,158.3
4067,Chennai,Velachery,4,3,2188,2,2,7,15,Semi-Furnished,4.4,4.1,6.3,8.5,188.9
4068,Pune,Hadapsar,3,3,2410,8,2,9,22,Unfurnished,2.2,3.6,4,4.4,150.4
4069,Hyderabad,Miyapur,1,2,837,13,3,5,9,Unfurnished,8.9,4.4,5.9,3.6,61.9
4070,Chennai,OMR,5,4,3911,14,3,10,14,Unfurnished,11,2.5,6.1,6,240
4071,Bengaluru,Electronic City,3,3,2353,3,0,21,26,Semi-Furnished,2.7,3.6,5.9,4.1,196.7
4072,Bengaluru,Indiranagar,2,2,1115,22,2,14,23,Unfurnished,4.8,3.8,4.3,9.7,117.5
4073,Bengaluru,HSR Layout,2,2,1769,24,1,0,15,Unfurnished,14.6,3.6,3.7,6.9,146.6
4074,Hyderabad,Madhapur,2,2,1403,3,1,0,20,Semi-Furnished,13.2,4.7,5.8,7.6,117.2
4075,Bengaluru,Whitefield,2,1,934,23,2,5,5,Unfurnished,10,3.2,7.7,10,57.7
4076,Pune,Wakad,5,5,3777,24,1,1,16,Semi-Furnished,2.1,3.3,5.9,3.2,262.1
4077,Pune,Kharadi,5,5,3023,13,2,12,21,Semi-Furnished,13.8,4,5,5.3,248.5
4078,Chennai,OMR,2,2,1200,25,2,10,28,Unfurnished,2.6,3.5,4.1,5.4,76.2
4079,Chennai,Velachery,5,5,2613,16,3,6,8,Furnished,6.1,3.1,2.6,8.1,236.1
4080,Hyderabad,Gachibowli,3,3,1580,12,1,9,14,Semi-Furnished,7,4.4,5.5,3.3,163.6
4081,Hyderabad,Kondapur,1,2,640,20,2,12,20,Semi-Furnished,14.7,4.8,3.6,7.2,49.1
4082,Chennai,Porur,1,2,632,25,1,3,16,Unfurnished,3.9,4.8,3.5,8.4,29.9
4083,Chennai,Porur,3,4,2027,3,2,17,27,Unfurnished,10.6,4.7,6.8,6.3,141.8
4084,Pune,Kharadi,1,1,740,13,3,11,18,Semi-Furnished,6.6,2.9,4.6,5.9,46.3
4085,Chennai,Anna Nagar,1,1,645,15,3,23,23,Semi-Furnished,3.2,4,3.2,2.5,67.2
4086,Chennai,Porur,2,3,1118,24,2,20,25,Semi-Furnished,9.3,3.8,2,7.8,59.2
4087,Pune,Hadapsar,4,5,3212,8,2,26,29,Semi-Furnished,14.8,4.6,7.4,2.8,208.2
4088,Hyderabad,Miyapur,1,1,656,19,2,13,13,Unfurnished,8.3,2.9,6.1,5.5,34.7
4089,Hyderabad,Miyapur,4,3,3261,3,2,11,12,Semi-Furnished,10.2,3.2,6.6,4.2,209.7
4090,Hyderabad,Miyapur,5,5,4438,20,2,25,26,Unfurnished,2,3.7,1.6,1.7,273.9
4091,Pune,Baner,1,1,633,2,1,8,10,Semi-Furnished,12.8,4.6,4.2,6.8,56.9
4092,Pune,Hinjewadi,5,4,2452,23,1,14,16,Semi-Furnished,3.5,2.7,4.7,2,190.3
4093,Bengaluru,Electronic City,4,3,3508,24,0,8,9,Semi-Furnished,4,4.1,4.7,8.2,274
4094,Bengaluru,Indiranagar,2,1,1567,10,0,2,21,Unfurnished,6.6,3.6,0.7,9.4,157.2
4095,Chennai,Tambaram,5,4,3122,10,2,1,26,Furnished,5.9,2.9,5.3,2.4,218
4096,Chennai,Porur,5,6,3881,19,0,22,22,Furnished,4.4,4.4,4.3,9.4,264.4
4097,Bengaluru,Whitefield,2,2,1188,18,3,2,6,Semi-Furnished,9.7,4.4,0.6,4.5,121.2
4098,Bengaluru,Electronic City,2,3,1176,22,1,2,17,Unfurnished,12.7,5,6.4,5.8,73.4
4099,Chennai,Tambaram,1,2,532,19,2,11,20,Furnished,7.7,4.9,6,1.5,38.8
4100,Pune,Hinjewadi,3,4,2524,19,2,7,21,Furnished,11.9,4.7,5.2,4.6,193.2
4101,Pune,Kharadi,5,5,3944,14,3,19,21,Semi-Furnished,11.1,3.3,3.8,4,304.4
4102,Bengaluru,Whitefield,2,3,977,19,1,6,9,Semi-Furnished,3.9,3.9,7.4,7.7,109.5
4103,Chennai,Tambaram,3,3,1737,12,1,16,19,Unfurnished,3.4,2.7,0.9,4.9,105.5
4104,Hyderabad,Kukatpally,3,4,1588,22,1,2,6,Furnished,5.2,3.3,2.7,4.5,137
4105,Bengaluru,Indiranagar,2,1,1113,19,1,21,30,Furnished,13.3,3,0.7,3.6,126.5
4106,Hyderabad,Gachibowli,2,3,1508,23,1,2,5,Semi-Furnished,6.8,4.8,6,5.5,130.7
4107,Hyderabad,Madhapur,2,2,1243,24,3,18,27,Furnished,11.2,4.4,5.1,7.4,109.7
4108,Hyderabad,Gachibowli,2,2,1503,21,1,4,24,Furnished,1.2,3,0.4,3.6,162.3
4109,Chennai,OMR,5,5,2452,23,3,9,27,Semi-Furnished,1.4,4.9,7.9,6.4,207
4110,Bengaluru,Indiranagar,5,6,3528,19,1,4,22,Semi-Furnished,8.5,2.7,4.5,7.2,400
4111,Bengaluru,HSR Layout,5,5,3213,13,3,24,28,Furnished,3.1,4.3,0.8,7.5,384.6
4112,Pune,Kharadi,1,1,636,13,0,23,26,Semi-Furnished,1.8,2.8,0.9,4.6,59.3
4113,Chennai,Velachery,5,5,2922,7,0,19,28,Semi-Furnished,7.7,4.3,7,7.4,235.4
4114,Bengaluru,HSR Layout,1,1,856,1,0,3,5,Unfurnished,2.4,4.5,5.3,8.9,91.2
4115,Pune,Baner,4,4,3440,1,0,24,24,Semi-Furnished,2,3.8,4.4,3.8,302.4
4116,Chennai,Velachery,3,3,2344,9,1,9,13,Semi-Furnished,1.6,3.7,2.9,3.4,194.3
4117,Hyderabad,Madhapur,2,2,1419,21,1,0,7,Semi-Furnished,5.7,4.8,4.9,1.8,128.4
4118,Bengaluru,Marathahalli,4,4,2291,9,0,5,5,Semi-Furnished,2.5,4.6,1.4,1.4,234.9
4119,Pune,Wakad,1,1,642,24,1,17,18,Unfurnished,13.5,4.9,3.9,8.1,27.9
4120,Pune,Hinjewadi,4,5,3097,17,3,5,27,Semi-Furnished,6.4,4.3,0.5,2.5,253.1
4121,Chennai,Porur,1,1,497,22,2,0,7,Semi-Furnished,8,4.9,2.9,6.3,22.7
4122,Hyderabad,Kukatpally,3,2,1587,15,3,5,22,Furnished,5,2.8,7.1,9,129.5
4123,Hyderabad,Gachibowli,3,4,1400,11,2,18,18,Unfurnished,12.7,3.8,5.3,6.3,124.8
4124,Hyderabad,Kukatpally,1,1,514,25,0,9,29,Semi-Furnished,12.6,4.7,6.7,6,24.1
4125,Chennai,Velachery,4,4,2129,5,2,1,14,Unfurnished,10.2,3.3,5.3,8.8,160.1
4126,Hyderabad,Gachibowli,2,3,1666,15,0,1,5,Unfurnished,3.4,3.9,1.8,8.2,151.2
4127,Pune,Wakad,4,4,3170,2,2,1,20,Furnished,14.1,4.7,4.4,2.5,256.8
4128,Hyderabad,Kondapur,1,2,501,9,1,8,15,Unfurnished,10.8,4,1.2,7.8,42.3
4129,Bengaluru,Electronic City,3,3,2276,23,2,13,25,Semi-Furnished,10.9,3,2.1,3.5,164.7
4130,Hyderabad,Kondapur,5,4,4301,3,2,16,26,Furnished,3.7,2.5,7,2.1,392.5
4131,Hyderabad,Miyapur,5,5,2508,18,2,7,29,Semi-Furnished,3.1,3,1.7,9.9,187.7
4132,Bengaluru,Marathahalli,4,4,2488,12,2,1,26,Furnished,13.4,2.5,4.4,4.4,235.8
4133,Chennai,Tambaram,5,5,4092,19,2,3,7,Furnished,14.3,4.4,3.4,1.7,249.3
4134,Chennai,Porur,1,1,672,3,1,0,6,Semi-Furnished,0.8,3.6,7.3,9.4,42.1
4135,Hyderabad,Kukatpally,4,3,3441,21,3,1,25,Unfurnished,0.7,4.3,5.9,8,237.3
4136,Pune,Wakad,3,4,1765,5,0,11,16,Unfurnished,11.5,4.6,6.4,8.8,115.2
4137,Hyderabad,Kukatpally,3,3,2468,12,0,5,30,Furnished,2.5,5,7.2,6.8,189.8
4138,Bengaluru,Electronic City,5,5,4273,22,2,2,22,Semi-Furnished,5.3,4.1,1.7,6,357.8
4139,Chennai,OMR,5,6,3773,20,3,16,27,Semi-Furnished,13.1,4.8,3,6.7,286.3
4140,Hyderabad,Madhapur,4,4,2171,3,2,4,23,Furnished,10.7,3.2,3.3,3.1,238.8
4141,Chennai,Anna Nagar,4,5,3131,18,1,20,20,Semi-Furnished,9.3,4.6,6,2.8,277.6
4142,Bengaluru,Whitefield,3,3,1514,25,2,20,28,Semi-Furnished,11.9,4.5,7,2.7,154.3
4143,Hyderabad,Kondapur,2,2,1538,8,0,16,16,Furnished,10.4,3.8,2.6,3,142.2
4144,Bengaluru,Whitefield,3,2,1642,19,0,0,12,Unfurnished,1.8,4.2,0.4,6.5,149
4145,Chennai,OMR,4,4,2565,18,3,13,22,Unfurnished,12.8,4.8,2.2,3.8,184.7
4146,Chennai,Velachery,1,1,559,9,2,20,29,Furnished,14.6,4.7,0.5,5.6,50.7
4147,Bengaluru,Marathahalli,5,4,3864,2,1,2,19,Semi-Furnished,5,3.8,6.9,1.3,350.1
4148,Bengaluru,Indiranagar,1,1,644,7,2,9,15,Unfurnished,4.7,4.5,6.6,2.9,84.6
4149,Pune,Wakad,1,1,893,5,1,7,21,Semi-Furnished,11.3,3.7,2.7,3.4,64.9
4150,Bengaluru,Indiranagar,3,2,1677,12,2,10,15,Semi-Furnished,4.1,3.9,0.7,3.1,209.7
4151,Hyderabad,Gachibowli,5,4,4315,11,2,17,28,Semi-Furnished,12.3,4.4,6.4,3.3,403.2
4152,Bengaluru,Indiranagar,2,3,1551,24,2,1,23,Semi-Furnished,4,3.2,7.9,5.8,176.7
4153,Hyderabad,Madhapur,2,2,1677,1,3,1,9,Semi-Furnished,14.5,2.7,2,3.3,141.5
4154,Bengaluru,Indiranagar,1,1,891,24,2,11,15,Semi-Furnished,11.3,3.5,2.5,5.9,88.2
4155,Hyderabad,Kondapur,4,5,3160,3,0,14,28,Furnished,8.6,2.9,5.4,9.4,295.4
4156,Pune,Kharadi,3,3,2440,20,2,3,27,Semi-Furnished,1.8,2.5,6.1,9.3,187.2
4157,Pune,Baner,3,4,1913,11,3,4,16,Furnished,0.5,3.6,1.8,3,202.3
4158,Bengaluru,Indiranagar,3,3,2115,24,1,3,20,Unfurnished,4.5,3.1,4.1,6.8,202
4159,Chennai,Porur,2,1,1163,5,3,2,11,Unfurnished,0.9,3.5,5.6,9.5,77.6
4160,Pune,Baner,3,3,2160,12,3,5,12,Furnished,1.7,2.5,2.2,1.4,212.3
4161,Pune,Baner,1,1,841,21,1,9,13,Semi-Furnished,10.4,3.2,6.5,6.4,39
4162,Bengaluru,Marathahalli,3,4,1685,25,0,10,28,Unfurnished,10.6,3.5,6.7,5.1,120.5
4163,Bengaluru,Indiranagar,4,3,1983,6,3,1,7,Semi-Furnished,6.7,3,1.4,7.3,243
4164,Pune,Baner,5,5,2524,9,2,15,20,Semi-Furnished,0.6,3.2,2,3,251.7
4165,Pune,Hadapsar,4,3,3225,13,1,12,19,Unfurnished,12.2,3.1,3.5,9.1,185.5
4166,Bengaluru,Whitefield,1,2,751,16,1,11,11,Unfurnished,11.6,4.3,4.8,1.7,63.9
4167,Bengaluru,Electronic City,4,4,3074,5,0,8,8,Furnished,8.4,4.4,6,2.3,282.5
4168,Pune,Kharadi,2,2,1657,21,0,2,6,Furnished,12,4.1,3.9,3.7,130.4
4169,Pune,Hadapsar,3,2,1425,19,2,19,19,Semi-Furnished,7,4.2,7,2.5,97.5
4170,Pune,Hinjewadi,4,5,3570,4,0,14,22,Semi-Furnished,13.2,3.9,4.5,8.9,256.1
4171,Pune,Kharadi,4,5,2272,19,3,7,17,Furnished,2.1,3.1,0.4,8.1,211.3
4172,Chennai,OMR,3,2,2683,17,2,3,8,Furnished,3.6,3.8,0.7,1.6,208.9
4173,Bengaluru,Marathahalli,2,1,1730,20,3,0,24,Furnished,7.4,4.1,4.8,5.5,159.9
4174,Pune,Hinjewadi,5,5,3780,13,0,13,18,Unfurnished,13.3,3.9,0.3,9,257.9
4175,Bengaluru,HSR Layout,2,2,1201,12,3,6,7,Semi-Furnished,7.2,4.6,4.6,4.6,146.8
4176,Pune,Baner,4,3,2411,6,1,9,11,Unfurnished,14.8,4.2,4.3,1.2,188.4
4177,Hyderabad,Madhapur,4,3,2732,12,2,17,23,Semi-Furnished,6.8,4.7,1.6,2.9,259.8
4178,Chennai,OMR,4,3,3279,10,2,4,19,Unfurnished,9.4,3.6,6.8,4.5,209.6
4179,Bengaluru,Marathahalli,4,5,3268,19,2,3,20,Semi-Furnished,12.6,2.7,3.6,5.9,276.3
4180,Hyderabad,Gachibowli,1,1,679,18,3,12,20,Semi-Furnished,10.1,2.6,1.5,1.2,64.6
4181,Pune,Baner,2,2,1423,5,1,5,12,Semi-Furnished,2.3,4,1.1,9.9,134.3
4182,Pune,Wakad,1,1,829,0,1,8,16,Furnished,9.8,2.6,2.2,1.7,54.7
4183,Pune,Baner,3,3,1676,10,2,7,8,Semi-Furnished,4.9,4.3,4.6,4.8,160.8
4184,Chennai,OMR,5,5,3919,4,3,15,16,Unfurnished,14.5,4.2,1.8,9.1,259.8
4185,Bengaluru,Whitefield,4,3,2413,7,1,16,21,Furnished,14.1,3.9,2.5,1.4,267.9
4186,Hyderabad,Kukatpally,5,4,2776,7,3,0,7,Unfurnished,8.8,3.7,5.4,3,205.2
4187,Pune,Hadapsar,5,4,3826,22,3,10,21,Semi-Furnished,0.6,4,1.4,8.2,270.6
4188,Pune,Hadapsar,1,1,547,21,3,2,15,Semi-Furnished,7.7,4.6,2.9,7.6,28.4
4189,Bengaluru,Marathahalli,4,3,2270,18,3,24,28,Semi-Furnished,3.2,4.9,0.3,1.3,236.4
4190,Chennai,Velachery,2,3,1646,21,2,9,25,Unfurnished,0.3,3.2,1.3,2.8,115.2
4191,Hyderabad,Gachibowli,5,6,3742,17,3,3,10,Furnished,4,3.7,0.8,3.1,408.9
4192,Hyderabad,Gachibowli,3,4,2670,9,3,10,19,Furnished,7.4,2.9,2.7,7.4,266.5
4193,Chennai,Tambaram,1,2,547,2,1,3,13,Unfurnished,11,3.6,7.7,3.3,30.5
4194,Pune,Hinjewadi,4,4,1899,7,2,22,25,Unfurnished,0.8,4.4,7.3,5.7,159.8
4195,Pune,Wakad,4,4,2355,1,3,15,23,Furnished,4.1,3.1,6.3,4.5,205.5
4196,Hyderabad,Gachibowli,3,2,2479,20,1,9,9,Semi-Furnished,0.9,2.9,0.9,3,239.3
4197,Hyderabad,Kondapur,3,2,1793,20,3,3,5,Unfurnished,4.6,2.6,1.4,5.1,146.3
4198,Chennai,OMR,2,2,1746,3,3,21,26,Furnished,8.1,3.3,4.5,5.5,141.9
4199,Hyderabad,Kukatpally,1,1,692,16,3,11,11,Semi-Furnished,8.1,3.6,3.5,8.9,45.5
4200,Hyderabad,Madhapur,5,4,3922,19,2,5,15,Furnished,1.8,4.2,4.9,4,386.5
4201,Hyderabad,Kondapur,4,5,2766,22,2,14,24,Semi-Furnished,3.3,2.7,8,8.5,236
4202,Hyderabad,Gachibowli,3,3,1785,17,2,5,25,Unfurnished,9.4,3.3,6.7,3.6,150.1
4203,Chennai,Anna Nagar,3,3,2580,16,0,1,17,Semi-Furnished,8.8,3.9,4.3,5.9,213.8
4204,Chennai,Porur,5,5,3396,0,3,1,6,Semi-Furnished,8.8,4.8,4.7,4.3,241
4205,Chennai,Velachery,1,1,545,0,3,15,19,Unfurnished,8.1,4.7,7.1,4,40.4
4206,Bengaluru,HSR Layout,2,3,1716,14,3,2,6,Unfurnished,7.5,2.8,2.1,3.8,170.1
4207,Bengaluru,Indiranagar,5,4,3168,4,2,3,12,Unfurnished,5.5,4.4,4.2,3.3,354.5
4208,Hyderabad,Kondapur,1,2,538,15,2,2,10,Unfurnished,10.1,2.8,6,7.9,37.9
4209,Chennai,Anna Nagar,3,3,1381,4,2,13,29,Semi-Furnished,0.5,4.2,3.3,5.8,157.7
4210,Pune,Hinjewadi,2,3,1396,21,3,0,12,Furnished,9.6,3.3,1,3.7,122.3
4211,Pune,Hinjewadi,4,4,3572,15,1,2,6,Unfurnished,9.6,4.9,6.4,1.1,244.5
4212,Hyderabad,Gachibowli,2,1,1355,17,2,6,18,Furnished,11.4,3,0.8,4,132.5
4213,Hyderabad,Madhapur,5,4,3279,7,0,8,10,Furnished,8.1,3.6,3.8,4.1,328
4214,Bengaluru,Indiranagar,2,2,1681,4,0,9,23,Semi-Furnished,1.6,3.8,3,1.8,203.8
4215,Hyderabad,Miyapur,4,3,1937,24,2,3,17,Furnished,7.2,4.9,6.3,7.3,146.4
4216,Bengaluru,Marathahalli,2,2,1718,12,3,7,22,Unfurnished,14.5,4.5,2.5,4,124.6
4217,Bengaluru,HSR Layout,2,2,1547,6,3,13,23,Furnished,10.9,4.9,5.5,7.1,179.4
4218,Bengaluru,HSR Layout,4,4,2323,18,1,5,24,Semi-Furnished,3.9,2.8,7.6,9.3,237.1
4219,Pune,Hadapsar,3,4,1391,11,3,4,23,Furnished,3.9,3.4,7.4,7.5,116.2
4220,Chennai,Porur,2,3,985,13,0,4,11,Furnished,9.5,3.8,6.1,2.4,68.9
4221,Hyderabad,Madhapur,3,4,1696,2,3,7,13,Semi-Furnished,4.6,3.2,2.6,3.4,177
4222,Pune,Baner,4,4,2665,2,3,2,6,Semi-Furnished,3.8,4.7,0.5,2.4,251.1
4223,Pune,Kharadi,1,1,846,22,1,3,7,Semi-Furnished,7.3,3.8,3.9,5.3,51
4224,Bengaluru,Indiranagar,4,5,3414,5,2,23,29,Unfurnished,4,3.7,2.7,7.2,358.1
4225,Pune,Kharadi,1,1,836,23,1,3,18,Unfurnished,12.6,4,7,6,35.4
4226,Chennai,Porur,1,1,804,1,3,17,27,Unfurnished,12.7,3.4,7.7,7.5,33.9
4227,Hyderabad,Miyapur,4,5,3506,6,1,12,15,Semi-Furnished,4.1,2.7,3.2,2.4,242.2
4228,Pune,Baner,4,4,3088,24,3,2,15,Furnished,0.6,3.2,3,2.2,272.2
4229,Pune,Hadapsar,4,4,2751,24,3,0,5,Semi-Furnished,8.8,5,7.4,9,176.2
4230,Bengaluru,HSR Layout,4,4,2806,0,3,7,16,Semi-Furnished,1.3,4.5,4.5,4,326.4
4231,Bengaluru,HSR Layout,3,3,1812,11,0,9,10,Furnished,4.8,3.9,4.7,4.7,221
4232,Chennai,Porur,3,3,1944,1,2,0,6,Unfurnished,4.9,2.7,6.4,1.2,128.5
4233,Pune,Kharadi,1,1,734,16,0,10,23,Semi-Furnished,9.7,3,5.2,6.9,29.3
4234,Bengaluru,HSR Layout,2,2,1746,15,0,1,10,Unfurnished,8.2,3.5,7.8,8.4,143.4
4235,Bengaluru,Marathahalli,1,1,764,16,3,13,16,Furnished,8.9,4.6,6.7,5.3,60.7
4236,Chennai,Anna Nagar,5,5,3822,25,0,24,28,Unfurnished,3.8,3.1,7.6,4.5,299.7
4237,Chennai,Anna Nagar,5,5,3408,14,2,0,12,Unfurnished,9.7,3.6,7.6,5.9,278.4
4238,Chennai,Tambaram,4,3,2023,24,2,12,16,Semi-Furnished,1.3,3.5,0.3,9.8,125.2
4239,Hyderabad,Kondapur,4,5,3539,13,3,5,5,Furnished,7.2,3.9,5.5,6.6,334.4
4240,Chennai,Tambaram,2,1,1363,9,0,7,9,Semi-Furnished,11,4.2,7.6,9.1,58.8
4241,Hyderabad,Miyapur,5,6,3498,12,2,25,30,Furnished,1.8,3.2,3.2,4.5,275.1
4242,Chennai,Velachery,5,6,3461,9,1,17,27,Unfurnished,6,3.8,1.1,3.7,261.3
4243,Chennai,Anna Nagar,4,4,2932,2,2,13,25,Semi-Furnished,8.8,4,3.9,2.2,260.4
4244,Pune,Hinjewadi,2,1,1028,25,1,7,10,Furnished,6.2,4,1,7.4,82.6
4245,Chennai,Porur,4,4,3379,18,3,16,17,Semi-Furnished,10.5,3.4,7.3,3.7,215.7
4246,Hyderabad,Miyapur,1,2,632,7,2,4,6,Semi-Furnished,14.8,3.9,5.2,5,39.3
4247,Chennai,OMR,1,2,611,13,1,9,30,Furnished,1.1,2.6,1.2,6.3,59.8
4248,Bengaluru,Indiranagar,5,6,3969,15,1,24,29,Semi-Furnished,14.9,4.2,6.7,3.2,437.3
4249,Bengaluru,Indiranagar,2,3,1104,2,3,16,30,Unfurnished,3.1,4,7.6,7.8,140.6
4250,Hyderabad,Kukatpally,4,5,2123,13,3,5,8,Furnished,8.9,4.1,5.9,5.2,195.4
4251,Hyderabad,Madhapur,5,5,3296,21,2,1,14,Furnished,5.9,3.5,4.1,2,327.7
4252,Pune,Kharadi,3,3,2473,10,1,0,6,Unfurnished,5.7,4.2,4.2,4.6,190.4
4253,Chennai,Porur,2,2,1055,4,0,3,5,Furnished,5.3,4.2,7.2,6.8,76.7
4254,Hyderabad,Kondapur,3,3,2657,1,0,21,21,Furnished,3.3,3.2,1.4,7.5,258
4255,Pune,Wakad,1,2,464,8,3,16,18,Furnished,9.7,2.6,5.4,7.5,34.3
4256,Hyderabad,Kukatpally,5,6,2830,3,0,15,18,Unfurnished,3.7,3.2,5.7,5.6,225.9
4257,Pune,Baner,5,4,2643,13,3,3,16,Furnished,6.4,3.5,1.6,7.9,243.7
4258,Hyderabad,Miyapur,4,3,3202,0,1,3,8,Furnished,10.7,3.4,7,9.3,228.2
4259,Chennai,Tambaram,5,5,3456,16,0,8,27,Semi-Furnished,11.4,5,4.6,3.3,209.1
4260,Hyderabad,Kukatpally,5,5,3100,9,2,12,14,Unfurnished,14.6,4.6,3.2,8.6,207.8
4261,Pune,Wakad,1,1,537,7,1,11,24,Unfurnished,13.8,4.9,4.8,8.3,20
4262,Bengaluru,HSR Layout,1,2,623,25,0,14,22,Unfurnished,10.1,4.2,7,4,38.2
4263,Hyderabad,Miyapur,2,2,1595,1,0,5,13,Semi-Furnished,1.5,4.2,3.9,2.7,129.9
4264,Bengaluru,Whitefield,3,3,1417,2,2,1,23,Semi-Furnished,2.6,3.1,0.9,5.9,172.7
4265,Chennai,Tambaram,4,4,2180,8,0,8,10,Semi-Furnished,5.2,2.6,2.2,8.6,133.4
4266,Hyderabad,Gachibowli,5,5,3014,5,1,9,13,Unfurnished,13.2,3.1,6.9,1.2,275.3
4267,Pune,Hinjewadi,3,3,1612,4,0,15,23,Furnished,10.6,3.2,4.5,1.6,133.7
4268,Bengaluru,Electronic City,3,2,1953,7,1,2,30,Semi-Furnished,10.7,2.9,3,7.6,157
4269,Hyderabad,Miyapur,2,1,1439,20,0,13,22,Unfurnished,14.3,4.8,0.3,5.4,65.1
4270,Chennai,Velachery,5,5,4061,6,1,2,13,Furnished,13.4,4.2,3.1,1.5,329.5
4271,Chennai,Porur,3,3,1997,15,0,5,20,Semi-Furnished,7.3,4.1,4.7,6.4,131.7
4272,Pune,Hadapsar,5,4,2534,23,3,1,9,Semi-Furnished,3.6,2.6,5.7,7.5,176.6
4273,Hyderabad,Kukatpally,4,4,3473,15,0,2,9,Semi-Furnished,1.4,4.5,3.5,1.9,264.1
4274,Hyderabad,Miyapur,2,2,919,24,0,11,14,Unfurnished,2,3.9,4.4,8.5,50.5
4275,Hyderabad,Kondapur,2,1,1593,2,1,0,12,Semi-Furnished,3.6,3.1,3.9,6.1,136.6
4276,Bengaluru,Marathahalli,4,5,1949,6,0,2,14,Furnished,7.7,4.2,4.2,1.2,216.9
4277,Hyderabad,Kukatpally,4,5,2376,5,3,1,19,Semi-Furnished,7,4.5,1.4,3.2,215
4278,Hyderabad,Madhapur,5,5,3513,2,1,7,8,Semi-Furnished,4.1,3.8,5.3,8.3,328.6
4279,Chennai,Anna Nagar,3,3,1806,6,2,0,13,Unfurnished,10.8,4.1,7.6,8.1,153.6
4280,Hyderabad,Miyapur,5,5,2673,14,0,4,5,Semi-Furnished,4.2,3.3,0.9,6.4,200.5
4281,Pune,Baner,4,3,2945,23,3,4,26,Furnished,5.2,3.7,4.1,5.5,253
4282,Hyderabad,Kukatpally,4,4,2554,6,1,7,13,Semi-Furnished,12.2,4.3,0.4,9.3,201.1
4283,Pune,Wakad,1,2,580,24,2,18,18,Semi-Furnished,3.2,3.5,5.6,8.3,42.4
4284,Chennai,OMR,4,4,3061,3,0,1,20,Semi-Furnished,13.6,3.4,4.9,4.4,224.7
4285,Bengaluru,HSR Layout,1,2,805,13,0,30,30,Semi-Furnished,1.9,4.1,6.3,9.6,90.6
4286,Chennai,Velachery,3,3,1900,13,3,3,8,Unfurnished,10.8,4.9,6.5,8.4,134.1
4287,Bengaluru,Marathahalli,1,2,630,6,2,20,22,Semi-Furnished,3.2,4.3,7.7,4,71.6
4288,Chennai,OMR,2,2,1131,2,3,19,28,Semi-Furnished,4.2,2.8,1.7,4.7,91.9
4289,Chennai,OMR,4,5,2929,16,1,15,26,Furnished,7.2,4.5,6.2,3.8,247.1
4290,Pune,Hinjewadi,5,5,2830,14,0,12,28,Semi-Furnished,6.5,3.5,7.5,4.2,221
4291,Bengaluru,Marathahalli,3,2,1766,8,3,12,18,Unfurnished,5.7,3.2,6.8,1,152.9
4292,Chennai,Velachery,3,3,1680,16,1,7,17,Unfurnished,9.5,3.9,0.9,6.8,125.8
4293,Pune,Wakad,1,1,740,17,1,0,28,Furnished,0.7,2.6,3,4.9,55.5
4294,Pune,Wakad,2,3,1583,3,3,1,28,Unfurnished,12.4,2.7,1.1,8.7,107
4295,Pune,Baner,1,2,753,10,0,30,30,Semi-Furnished,13.7,3.8,2.7,3.7,52.9
4296,Pune,Wakad,3,2,1832,25,0,16,21,Semi-Furnished,7,3.2,3.3,2.6,129.7
4297,Chennai,Anna Nagar,4,4,3482,7,3,0,18,Furnished,13.2,3.1,1.4,9.1,321
4298,Pune,Hadapsar,2,1,1020,17,1,18,22,Unfurnished,0.6,4.3,0.9,2.4,69.4
4299,Hyderabad,Kondapur,5,4,3336,14,3,1,26,Semi-Furnished,5.8,3.1,7.2,1.3,289.5
4300,Pune,Kharadi,5,5,3339,6,2,20,30,Semi-Furnished,12.9,3.2,4.2,6.5,262.2
4301,Bengaluru,Indiranagar,2,2,1124,0,0,11,12,Unfurnished,7,3.5,3.4,8.9,114.5
4302,Bengaluru,Electronic City,2,1,1023,4,0,9,23,Unfurnished,0.3,2.7,4.8,2.2,87.7
4303,Hyderabad,Miyapur,4,4,2000,9,3,13,16,Furnished,9.8,3.6,4.1,6.7,164.6
4304,Bengaluru,Indiranagar,2,3,1620,11,0,3,13,Semi-Furnished,3.7,3.3,6,4.9,176.7
4305,Bengaluru,Marathahalli,3,4,2178,12,0,4,6,Semi-Furnished,11.8,4.8,4.7,6.2,201
4306,Hyderabad,Madhapur,4,3,3042,7,2,3,22,Semi-Furnished,4.6,3.9,7,6.6,290.3
4307,Hyderabad,Gachibowli,3,4,2036,13,0,8,22,Semi-Furnished,5.7,4.2,4.9,3.8,199.1
4308,Pune,Kharadi,3,3,2227,24,0,3,10,Unfurnished,0.9,2.7,5.7,2.2,160.2
4309,Chennai,OMR,1,1,463,15,3,9,10,Semi-Furnished,4.2,2.6,1.4,2,31.4
4310,Bengaluru,Whitefield,5,5,3161,8,1,0,10,Semi-Furnished,2.2,4.9,8,7.1,337.5
4311,Chennai,Tambaram,4,5,2232,9,0,22,26,Unfurnished,6.8,3,5.8,5.1,130.2
4312,Hyderabad,Madhapur,4,3,2826,14,3,9,13,Semi-Furnished,13.7,4,1.9,8.8,254
4313,Bengaluru,Electronic City,5,5,3261,25,2,10,15,Unfurnished,4.2,4.9,2.2,9.4,251.9
4314,Pune,Wakad,3,3,1354,17,2,12,22,Semi-Furnished,6.5,3.2,1.2,9.5,96.2
4315,Bengaluru,Electronic City,1,2,746,6,1,15,29,Semi-Furnished,7.4,4.2,1.1,9.6,72.1
4316,Hyderabad,Kukatpally,2,2,1433,9,2,5,13,Unfurnished,4.9,4.3,5.3,9.7,100.6
4317,Chennai,Velachery,4,3,3533,8,3,16,18,Furnished,9.2,3.4,6.9,5.9,287.3
4318,Hyderabad,Kondapur,1,1,591,9,0,7,10,Semi-Furnished,4.1,3.7,0.7,9.2,43
4319,Chennai,OMR,2,2,1338,18,1,17,17,Unfurnished,0.7,4.7,1.2,3.4,99.8
4320,Hyderabad,Kondapur,4,3,2608,11,1,10,14,Semi-Furnished,0.5,3.6,7,9.2,222.6
4321,Hyderabad,Kukatpally,4,3,2565,23,2,14,20,Furnished,12.8,3.9,2.3,4,191.8
4322,Pune,Wakad,2,2,982,19,1,2,7,Semi-Furnished,10.8,3.9,1.2,9.7,50.9
4323,Pune,Kharadi,2,1,934,14,3,30,30,Semi-Furnished,11.8,3.8,6.9,7.2,66.4
4324,Pune,Hinjewadi,4,5,2680,16,2,3,11,Furnished,6.6,2.6,4.5,3,227.8
4325,Bengaluru,Indiranagar,2,2,1520,23,0,4,8,Unfurnished,4.7,5,2.1,4.4,159.5
4326,Chennai,Tambaram,2,2,1154,18,2,7,11,Unfurnished,5.6,3.8,1,9.2,68.3
4327,Chennai,Porur,3,4,1662,0,0,2,11,Furnished,0.7,2.5,7.3,6.5,130.3
4328,Pune,Hinjewadi,1,2,567,16,2,11,15,Semi-Furnished,0.9,2.7,4.5,8.4,51.9
4329,Pune,Kharadi,1,1,531,12,3,4,9,Semi-Furnished,6.3,3.7,5.7,8.4,41.9
4330,Hyderabad,Gachibowli,1,1,477,20,1,12,25,Furnished,9.3,3,2.8,6.3,29.2
4331,Chennai,Tambaram,3,3,2111,4,3,6,15,Unfurnished,7.4,4,0.8,4.3,126
4332,Bengaluru,Electronic City,4,4,2588,7,1,6,20,Furnished,3,3.3,4.6,1.7,239
4333,Hyderabad,Gachibowli,2,2,1081,0,0,4,30,Semi-Furnished,5.8,2.6,7.7,9.9,91.4
4334,Chennai,Tambaram,5,6,3461,9,0,2,8,Semi-Furnished,4.8,3.2,1,9.8,208.8
4335,Pune,Baner,2,1,1626,19,2,5,6,Semi-Furnished,4.5,4.7,4.6,6.1,138.2
4336,Hyderabad,Madhapur,4,5,2026,13,0,13,25,Semi-Furnished,4.6,4,6.8,6.7,210.2
4337,Hyderabad,Madhapur,4,4,3213,16,1,19,19,Semi-Furnished,4.7,4.1,6.4,1,298.5
4338,Bengaluru,HSR Layout,1,2,473,7,1,8,27,Furnished,13.7,3.9,6.1,5.5,44.9
4339,Pune,Wakad,3,3,1976,12,1,21,30,Unfurnished,4.1,3.1,3.6,4,126.9
4340,Hyderabad,Gachibowli,1,1,848,11,1,1,10,Furnished,9.5,2.7,7.1,6.3,77.1
4341,Hyderabad,Madhapur,2,3,1716,23,3,1,17,Semi-Furnished,8.4,2.9,1.4,9.4,134.7
4342,Bengaluru,Marathahalli,3,3,1703,10,2,21,23,Semi-Furnished,5.6,2.5,0.9,4.6,163.9
4343,Hyderabad,Gachibowli,2,2,1184,15,0,6,20,Unfurnished,1.7,2.7,1.7,3,104.3
4344,Chennai,Anna Nagar,3,3,2681,3,3,7,29,Semi-Furnished,3.1,2.7,2.9,9.9,239.9
4345,Pune,Kharadi,3,4,2436,2,2,18,28,Unfurnished,6,4.9,7.2,4.2,196.4
4346,Hyderabad,Kukatpally,2,3,1156,4,0,6,29,Semi-Furnished,13.4,3.7,1,9.4,89.8
4347,Bengaluru,HSR Layout,2,2,1238,6,0,12,23,Semi-Furnished,4.9,3.5,6.4,8.9,121.9
4348,Hyderabad,Kondapur,3,2,1407,16,2,7,28,Semi-Furnished,12.2,2.5,5.4,3.5,106.1
4349,Pune,Hadapsar,4,3,3225,19,0,19,25,Semi-Furnished,8.2,4,2.8,6.2,197.2
4350,Hyderabad,Gachibowli,5,6,2340,21,3,2,21,Semi-Furnished,13.6,4.2,7.5,2.1,245.9
4351,Hyderabad,Kukatpally,3,4,2316,1,3,15,18,Furnished,8.3,3.3,5.9,6,181.7
4352,Chennai,Velachery,5,5,4167,19,2,1,30,Unfurnished,12.9,4.9,2.5,7.3,286.3
4353,Hyderabad,Kukatpally,5,5,2616,3,0,6,7,Semi-Furnished,11.6,3.7,6.8,5.4,201.1
4354,Hyderabad,Miyapur,3,2,1866,19,3,14,18,Semi-Furnished,10,4.2,3.2,3.8,115.9
4355,Bengaluru,Whitefield,2,2,1088,21,3,6,22,Semi-Furnished,11.7,3.5,5.1,5.2,108.5
4356,Chennai,Tambaram,1,1,504,13,2,2,16,Semi-Furnished,2.7,3.2,5.2,1.6,30.7
4357,Pune,Hadapsar,5,5,2431,6,0,11,14,Semi-Furnished,14.2,2.6,0.3,4.6,179.1
4358,Bengaluru,Indiranagar,2,2,1054,11,2,7,11,Semi-Furnished,2,2.5,4.7,8.7,115.5
4359,Pune,Wakad,4,4,3432,1,3,14,17,Semi-Furnished,4.3,4,0.4,9.4,253.4
4360,Hyderabad,Madhapur,4,4,3164,7,3,8,29,Semi-Furnished,11.9,4.2,0.8,5.6,298.4
4361,Bengaluru,Whitefield,4,4,2954,8,0,1,19,Unfurnished,8.8,3.5,1.4,3.7,271.6
4362,Hyderabad,Miyapur,1,2,895,6,3,19,27,Semi-Furnished,14.1,2.6,6.1,5,37.6
4363,Bengaluru,HSR Layout,5,6,4249,0,3,1,20,Furnished,4.9,2.9,6,7.2,508.8
4364,Chennai,Velachery,1,1,514,19,1,4,30,Unfurnished,13.5,5,3.9,8.7,27.6
4365,Hyderabad,Miyapur,2,2,1742,24,2,7,9,Unfurnished,8.9,3,5.6,5.6,80.1
4366,Hyderabad,Madhapur,3,3,1410,14,0,13,14,Semi-Furnished,8.4,3,0.6,4,144.3
4367,Chennai,OMR,5,5,4273,20,2,19,26,Semi-Furnished,10.7,3.8,8,1.9,311.3
4368,Chennai,Porur,5,5,3955,20,3,8,13,Furnished,2.7,2.9,4.4,9.7,268.1
4369,Chennai,OMR,3,4,1920,14,0,26,27,Semi-Furnished,11.8,3.2,3.3,8.3,132.7
4370,Chennai,OMR,4,5,3425,2,1,5,13,Unfurnished,1.2,4.2,6.5,2.4,253.5
4371,Hyderabad,Miyapur,1,1,803,13,0,12,19,Unfurnished,1.7,4,6.6,6.5,55.2
4372,Bengaluru,Indiranagar,2,1,1285,17,2,5,20,Semi-Furnished,2.5,3.4,0.8,3.8,155.4
4373,Bengaluru,Electronic City,3,3,1722,18,2,28,28,Furnished,0.3,3.4,3.7,5.8,162.5
4374,Bengaluru,Marathahalli,4,3,3249,15,1,8,29,Semi-Furnished,11.4,4.8,1.4,5.4,276.6
4375,Pune,Hinjewadi,4,3,2432,8,3,0,9,Unfurnished,4.4,3.2,3,1.7,191.6
4376,Pune,Kharadi,2,2,1615,4,0,2,13,Furnished,1.7,2.6,5.4,8,142.5
4377,Pune,Kharadi,3,3,2564,0,3,1,6,Semi-Furnished,3.5,3.9,1.6,2,227.8
4378,Chennai,Velachery,3,4,1466,13,2,21,26,Semi-Furnished,2.1,2.8,5.7,8.2,129
4379,Pune,Baner,1,1,593,16,2,4,10,Unfurnished,3.5,3.2,6.7,7.3,42.5
4380,Pune,Baner,4,5,2246,19,3,0,7,Furnished,2.3,4.8,3.3,3.2,237.9
4381,Pune,Baner,5,6,3368,19,3,12,15,Semi-Furnished,6.4,3.4,3.5,4.4,298.1
4382,Chennai,Porur,1,1,604,22,0,8,17,Furnished,3.3,3.3,1.4,2,49
4383,Chennai,Anna Nagar,2,2,1793,21,2,9,28,Semi-Furnished,2.2,3.3,1,1.1,158.6
4384,Bengaluru,Electronic City,5,4,2466,10,0,19,29,Furnished,3,3.4,6.2,4.6,229.3
4385,Hyderabad,Miyapur,2,3,1322,11,1,14,24,Semi-Furnished,0.7,3.3,7.9,2.9,95.2
4386,Hyderabad,Miyapur,1,2,633,1,2,5,6,Furnished,3.3,3.3,7.3,4.4,51.8
4387,Pune,Baner,1,1,821,22,2,2,10,Semi-Furnished,0.8,4.2,2.9,3.9,79.2
4388,Hyderabad,Madhapur,1,1,622,18,2,19,23,Furnished,11.2,3.9,1.6,3.4,56.6
4389,Pune,Hinjewadi,4,5,2492,10,1,1,17,Unfurnished,1.5,4.1,6.2,2.8,201.1
4390,Bengaluru,HSR Layout,3,3,2450,6,3,4,7,Unfurnished,12.4,4.3,1.2,6.2,246.1
4391,Pune,Baner,1,1,877,17,0,1,7,Furnished,12.9,4.7,3.4,5.5,55
4392,Hyderabad,Gachibowli,4,4,2779,0,1,5,8,Unfurnished,12.5,4.7,3,8.8,244.9
4393,Pune,Kharadi,2,1,1103,21,0,1,9,Unfurnished,13,4.4,7.8,9.1,50.6
4394,Bengaluru,Electronic City,4,5,3227,12,1,3,24,Furnished,13.8,4.5,7.8,1.7,278.6
4395,Chennai,Anna Nagar,1,2,451,2,2,3,18,Semi-Furnished,0.3,4.3,4.6,6.4,57.3
4396,Pune,Baner,2,2,1335,1,0,9,20,Semi-Furnished,13.8,4.6,1.8,3.1,122.2
4397,Bengaluru,Indiranagar,5,5,2508,14,2,8,8,Unfurnished,0.2,4.2,3.3,5.8,290
4398,Chennai,Anna Nagar,5,5,4323,13,3,2,7,Unfurnished,15,3.4,4.3,6.5,338.3
4399,Hyderabad,Kukatpally,2,1,1619,23,0,4,20,Semi-Furnished,14.3,4.2,2.7,9.8,82.7
4400,Pune,Kharadi,4,4,2000,6,3,5,28,Semi-Furnished,6.1,3,4.7,4,179.7
4401,Hyderabad,Gachibowli,2,1,1194,6,2,23,24,Unfurnished,9.3,3.9,1.5,5,100
4402,Bengaluru,Marathahalli,5,4,3688,13,2,19,28,Semi-Furnished,5.9,3.2,1.7,6.9,325.2
4403,Pune,Kharadi,1,2,593,17,0,3,11,Semi-Furnished,7.9,4.8,5.1,6.3,37.1
4404,Chennai,Velachery,2,2,1693,1,3,16,22,Semi-Furnished,11.4,3.1,6.5,7,127.2
4405,Pune,Hinjewadi,4,4,3586,13,1,22,22,Unfurnished,9.4,4,4.8,5.2,246.8
4406,Pune,Baner,3,3,2087,13,0,10,11,Unfurnished,9.6,4.8,3.5,9.1,151.3
4407,Bengaluru,Indiranagar,5,5,4364,3,1,20,24,Semi-Furnished,5,4.8,4.3,9.9,492.2
4408,Pune,Hinjewadi,5,5,2580,20,0,23,24,Semi-Furnished,1.8,4.3,3.4,3.8,220.3
4409,Bengaluru,Marathahalli,1,1,727,16,2,0,14,Semi-Furnished,1.9,3.1,6.3,1,60.2
4410,Bengaluru,Whitefield,5,6,2701,15,1,16,16,Furnished,2.2,4.2,2.3,3.4,328.2
4411,Pune,Hinjewadi,5,4,3333,11,2,2,24,Furnished,13.9,4.7,5,4.4,270.8
4412,Pune,Baner,3,4,2116,13,1,10,17,Unfurnished,7.7,4.5,3.9,3.7,159.8
4413,Bengaluru,HSR Layout,4,3,3143,22,1,0,16,Semi-Furnished,7.7,2.8,7.7,1.1,328.2
4414,Chennai,Porur,1,1,844,19,3,21,24,Semi-Furnished,9.4,4.6,7.2,9.6,43
4415,Chennai,Anna Nagar,2,2,932,11,2,18,21,Semi-Furnished,3.6,4.4,4.9,8.1,93.7
4416,Chennai,Anna Nagar,2,2,1514,4,3,1,20,Unfurnished,9.5,4.5,2.5,6,124.1
4417,Chennai,Anna Nagar,2,2,1761,1,2,11,14,Furnished,10.9,3.6,1.7,8.1,166.6
4418,Hyderabad,Madhapur,5,6,4084,7,1,11,25,Semi-Furnished,10.4,3.6,6.8,4.9,368.4
4419,Bengaluru,Whitefield,1,1,675,2,2,15,16,Semi-Furnished,3,4,3.2,8.5,73.7
4420,Pune,Wakad,1,1,803,13,3,12,13,Semi-Furnished,5.8,3.7,6.6,1.5,60.9
4421,Bengaluru,Indiranagar,4,4,3558,16,3,22,26,Unfurnished,5.9,3.8,6.7,7.1,359.2
4422,Chennai,OMR,3,3,1486,17,3,10,15,Unfurnished,7.7,4.1,3.3,2.1,108.2
4423,Chennai,Tambaram,1,1,575,9,0,2,5,Furnished,14.1,3.9,6.5,5.1,28.9
4424,Chennai,OMR,4,3,3006,18,2,23,26,Semi-Furnished,6.8,3.3,6.8,9.9,207.9
4425,Hyderabad,Kukatpally,3,3,1453,25,3,2,26,Semi-Furnished,10.3,3.1,2.5,4.8,96.8
4426,Chennai,Anna Nagar,2,2,1544,0,1,17,19,Furnished,11,2.6,3.1,1.6,137.9
4427,Hyderabad,Miyapur,2,2,1095,3,0,13,29,Semi-Furnished,5,4.2,6.5,4.2,77.5
4428,Bengaluru,Electronic City,3,2,2477,18,3,5,5,Semi-Furnished,7.3,2.7,6,3,198.4
4429,Pune,Kharadi,4,3,3146,17,0,0,17,Semi-Furnished,14,4.3,0.8,4.8,225.7
4430,Hyderabad,Gachibowli,5,5,2979,17,2,5,5,Semi-Furnished,10,4.3,0.6,6.6,289.5
4431,Bengaluru,Electronic City,2,1,1365,6,1,6,14,Unfurnished,13.6,3.4,1.5,6.9,82.1
4432,Bengaluru,Electronic City,1,1,899,17,0,6,9,Semi-Furnished,8.6,4.7,3.3,5.9,57.7
4433,Bengaluru,Indiranagar,2,2,1769,23,3,16,30,Semi-Furnished,6.2,4.3,3.5,9.2,192.2
4434,Chennai,Tambaram,5,5,4048,1,1,5,7,Semi-Furnished,10.1,3.6,4.7,2.6,248.7
4435,Chennai,Anna Nagar,5,5,3141,0,3,22,25,Semi-Furnished,5.1,4.6,4.2,3.3,309.7
4436,Hyderabad,Madhapur,2,1,1391,15,0,9,30,Semi-Furnished,12.4,4.8,0.5,10,120.8
4437,Pune,Hinjewadi,1,1,709,7,3,2,18,Unfurnished,1.3,4.8,4.5,6.4,56.6
4438,Bengaluru,Indiranagar,5,4,2710,3,0,7,14,Unfurnished,9.9,3.2,5.7,3.3,289.2
4439,Bengaluru,HSR Layout,3,4,2312,4,0,2,27,Semi-Furnished,11.8,2.7,7.1,1.1,237.7
4440,Bengaluru,Indiranagar,3,3,1495,13,2,2,16,Semi-Furnished,6.6,4.2,7,8.7,166.3
4441,Pune,Kharadi,3,2,1981,7,3,5,19,Unfurnished,7.7,3.3,7.6,8.1,150.6
4442,Bengaluru,Whitefield,3,3,2077,9,0,1,28,Semi-Furnished,7.5,2.9,3.5,9.3,203.1
4443,Hyderabad,Miyapur,5,4,3220,14,3,7,19,Unfurnished,0.3,2.9,6.7,7.2,205.1
4444,Pune,Baner,5,5,3103,10,2,5,8,Semi-Furnished,9.5,3.9,0.6,1.2,270.7
4445,Pune,Kharadi,2,2,1501,14,0,8,8,Furnished,2.3,4.4,6.1,1.4,132.9
4446,Hyderabad,Kondapur,5,5,3553,17,3,1,29,Unfurnished,5.7,4.2,7.3,4.7,293.3
4447,Pune,Kharadi,2,2,1760,11,2,12,23,Semi-Furnished,13.5,4.8,6.3,2.6,135.5
4448,Bengaluru,Indiranagar,2,2,1463,0,2,3,19,Furnished,1.9,4.6,6,8.3,200.7
4449,Bengaluru,Marathahalli,4,5,2869,20,1,7,20,Unfurnished,7.9,4.7,5.3,3.4,239.1
4450,Chennai,Anna Nagar,3,4,1356,20,3,16,21,Semi-Furnished,14.1,4.9,5,8.9,130.8
4451,Hyderabad,Miyapur,1,1,546,23,0,4,13,Unfurnished,7.3,3.3,1.9,9.6,20
4452,Chennai,Tambaram,3,3,1378,9,2,5,18,Unfurnished,12.9,3.3,6.2,9.5,68.5
4453,Hyderabad,Kukatpally,2,1,1334,23,3,24,29,Unfurnished,1.6,2.6,0.8,3,91.2
4454,Chennai,Tambaram,3,3,1589,4,0,12,18,Unfurnished,13.1,4.4,0.5,8.5,97.3
4455,Pune,Hadapsar,1,1,820,17,0,15,25,Unfurnished,13.2,3.8,3.7,2.3,27.3
4456,Hyderabad,Kukatpally,3,3,1386,24,3,4,19,Unfurnished,12.6,3.6,7.9,4.5,87.5
4457,Chennai,Porur,3,4,1477,2,2,1,27,Unfurnished,5.7,3.9,6.1,6.2,115.1
4458,Pune,Baner,1,2,704,25,1,2,8,Semi-Furnished,10.8,4.9,2.8,4.7,49.4
4459,Pune,Kharadi,1,2,708,7,3,0,9,Furnished,11.6,3.1,5.3,3.8,53.1
4460,Hyderabad,Madhapur,2,2,1581,10,0,18,27,Semi-Furnished,3.3,3.9,1,1.2,144.6
4461,Bengaluru,Indiranagar,2,2,1557,12,0,10,26,Unfurnished,11.3,4.3,6.9,3.2,149.2
4462,Hyderabad,Miyapur,4,5,2138,9,0,6,13,Semi-Furnished,0.6,2.7,3.6,7.2,172.2
4463,Hyderabad,Miyapur,3,2,2119,2,1,4,27,Semi-Furnished,8.2,3.3,8,9.9,139.6
4464,Chennai,Anna Nagar,1,1,733,2,3,11,22,Furnished,14.4,4.5,2.6,7.4,63.7
4465,Hyderabad,Madhapur,3,2,1933,5,3,8,8,Furnished,10.2,2.8,0.8,8.3,182.7
4466,Bengaluru,Whitefield,5,5,3119,17,3,0,11,Unfurnished,5.9,4.5,5.3,8.4,303.9
4467,Pune,Hadapsar,3,4,1815,14,3,13,16,Furnished,11.2,4.8,7.4,6.8,128.8
4468,Chennai,Anna Nagar,2,1,1390,4,2,8,24,Semi-Furnished,3.1,3.5,4.8,7.2,118.4
4469,Bengaluru,Whitefield,5,5,3558,11,1,4,27,Furnished,5,4.9,5.1,3.3,393.3
4470,Chennai,OMR,3,2,1831,24,3,6,28,Unfurnished,13.2,3.8,3.6,2,109.3
4471,Bengaluru,HSR Layout,1,1,668,3,1,1,8,Unfurnished,9.9,3.1,1.4,2.9,74.2
4472,Pune,Kharadi,5,4,4345,5,0,11,11,Furnished,10.9,2.9,7.4,1.7,351.1
4473,Hyderabad,Miyapur,5,4,4499,6,0,15,21,Semi-Furnished,3.4,3,0.7,6.9,289.7
4474,Hyderabad,Miyapur,5,6,2336,5,0,26,29,Furnished,2.5,3.9,5.4,7,203.3
4475,Hyderabad,Miyapur,1,1,570,6,2,25,25,Furnished,7.9,2.9,4.5,8.9,31.6
4476,Hyderabad,Kondapur,5,6,4240,21,3,1,21,Semi-Furnished,8.4,3.9,1.7,3.6,360.3
4477,Bengaluru,HSR Layout,3,4,1906,16,2,5,5,Semi-Furnished,11.8,3,6.2,1.3,194.8
4478,Hyderabad,Kukatpally,3,3,1646,25,1,8,25,Semi-Furnished,8.4,2.7,3.9,5.9,112
4479,Bengaluru,Indiranagar,2,1,1243,19,3,16,16,Semi-Furnished,10.2,4.3,1.1,1.5,136.1
4480,Chennai,Porur,3,3,1917,10,1,14,18,Semi-Furnished,13.3,3,6.1,9.2,103.8
4481,Chennai,Anna Nagar,4,3,2837,21,0,7,7,Semi-Furnished,12.5,4,3.4,1.8,239.9
4482,Chennai,Tambaram,4,4,2863,21,2,1,23,Semi-Furnished,9.2,4.8,3,2.1,175.8
4483,Pune,Hinjewadi,1,1,894,0,1,10,10,Unfurnished,9.7,4.7,7.3,4.8,60.3
4484,Chennai,Porur,3,3,1705,5,2,4,5,Semi-Furnished,4.5,3.6,6.5,3.4,127.6
4485,Chennai,Porur,4,3,2891,3,3,5,14,Semi-Furnished,4.9,3.5,7.6,4.9,191
4486,Pune,Hadapsar,1,1,709,18,3,10,12,Semi-Furnished,3.5,3.4,5,8.7,32.3
4487,Pune,Baner,4,5,3457,8,1,4,11,Furnished,8.6,4.2,0.7,4,319.3
4488,Hyderabad,Madhapur,2,2,1735,24,2,11,12,Unfurnished,11.5,4.3,7.8,5.4,122.2
4489,Pune,Wakad,1,1,570,23,2,1,5,Semi-Furnished,2,4.2,1.2,7.7,47.5
4490,Bengaluru,Indiranagar,2,2,1113,2,0,16,19,Furnished,9.5,3.3,3.9,7.2,131.2
4491,Bengaluru,Whitefield,3,3,1625,0,0,6,7,Semi-Furnished,7.8,3.7,3.4,7.7,162.5
4492,Hyderabad,Kondapur,5,6,4051,23,2,8,8,Furnished,12.4,4.2,1.3,1.7,371.2
4493,Hyderabad,Madhapur,1,1,719,5,1,13,19,Semi-Furnished,4.2,4.5,2.3,3.1,76.8
4494,Hyderabad,Miyapur,5,6,4451,24,1,8,15,Semi-Furnished,3.6,3.7,2.9,2,307.2
4495,Pune,Wakad,4,4,3180,23,3,6,24,Unfurnished,10.4,4.5,4.5,5,193.9
4496,Bengaluru,Indiranagar,4,3,3200,4,0,11,15,Unfurnished,12,2.9,2,3.2,326.9
4497,Pune,Kharadi,1,1,797,3,2,10,27,Furnished,8.2,4.8,0.9,4.6,71.2
4498,Bengaluru,Electronic City,5,4,3882,7,1,14,21,Semi-Furnished,11.4,4.9,5.8,5.5,309
4499,Hyderabad,Kondapur,2,1,1724,0,3,22,23,Semi-Furnished,5.1,3.5,0.3,7.1,150.7
4500,Pune,Kharadi,4,4,3484,18,1,17,20,Semi-Furnished,3.1,4.1,0.5,8,281.7
4501,Pune,Hadapsar,5,4,4244,23,1,3,5,Semi-Furnished,11,3.8,2.1,9.8,258.7
4502,Hyderabad,Gachibowli,1,1,656,4,2,4,5,Semi-Furnished,1.4,3.3,5.5,7.4,72.2
4503,Chennai,Tambaram,4,4,3591,8,2,6,18,Semi-Furnished,12.6,2.9,5.3,7.6,186.5
4504,Chennai,Tambaram,4,4,2825,17,0,26,29,Furnished,8.8,3.2,2.5,1.1,172.4
4505,Bengaluru,HSR Layout,3,3,2277,3,2,4,10,Unfurnished,7.6,3.8,6.4,3.2,233.7
4506,Bengaluru,Electronic City,5,5,4443,17,2,6,6,Semi-Furnished,8.7,4,3.5,5.4,358.2
4507,Chennai,Velachery,4,4,3523,3,1,0,9,Semi-Furnished,1.5,4.6,6.4,7.1,280
4508,Hyderabad,Kondapur,4,3,2163,5,1,7,13,Semi-Furnished,3.6,4.1,8,1.8,212.1
4509,Bengaluru,Indiranagar,5,4,2493,12,2,4,5,Semi-Furnished,4.3,5,4.7,3.1,322.3
4510,Chennai,Anna Nagar,3,2,2248,20,1,0,10,Unfurnished,10.7,3.8,5.4,8.2,155.4
4511,Hyderabad,Madhapur,1,2,881,3,0,11,21,Semi-Furnished,12.2,2.6,1.2,2.7,68.9
4512,Pune,Baner,1,1,880,3,0,4,21,Unfurnished,4.5,3.1,5.8,2.5,70.9
4513,Chennai,OMR,1,1,515,7,1,11,11,Unfurnished,14.6,4.5,2,6.2,32.4
4514,Chennai,Porur,1,1,545,15,1,1,15,Unfurnished,1.7,3.2,7.5,6.6,26.6
4515,Hyderabad,Gachibowli,1,1,564,21,1,0,7,Semi-Furnished,7.3,4.1,8,8.1,45.2
4516,Hyderabad,Kondapur,2,2,1760,3,2,22,27,Unfurnished,12.9,3.7,5,5.8,121.7
4517,Pune,Wakad,1,1,754,20,0,5,8,Unfurnished,13.8,4.3,6.6,7.2,34.3
4518,Hyderabad,Kondapur,1,1,604,21,1,3,5,Unfurnished,5.3,4.9,5.3,1.3,40.3
4519,Bengaluru,HSR Layout,4,4,2687,24,2,9,9,Furnished,9.2,2.8,7.9,7.6,287.8
4520,Chennai,Tambaram,3,4,2300,19,0,13,29,Semi-Furnished,12.6,4.7,1.4,8.4,136.4
4521,Chennai,Anna Nagar,1,1,566,0,2,14,23,Unfurnished,12,3.1,6.1,3.8,44.6
4522,Pune,Hinjewadi,4,4,1833,12,3,16,22,Semi-Furnished,8.4,3.6,1.2,2.6,172
4523,Hyderabad,Madhapur,2,2,1195,1,2,1,5,Semi-Furnished,1.6,4.7,6.3,5.7,125.8
4524,Hyderabad,Gachibowli,3,4,2686,4,1,8,15,Semi-Furnished,9.4,2.5,0.4,4,255.3
4525,Bengaluru,Indiranagar,5,4,3409,15,0,13,15,Semi-Furnished,11.7,4.2,6.8,2.3,375.8
4526,Pune,Hadapsar,5,4,3534,7,1,5,13,Unfurnished,8.3,4.5,0.5,6.7,228.5
4527,Pune,Hadapsar,5,5,3107,3,0,5,27,Furnished,14.1,3.8,5.6,1.4,233.5
4528,Chennai,Anna Nagar,5,4,3024,8,2,2,6,Semi-Furnished,5.5,3.4,5,4.3,279.6
4529,Pune,Baner,2,2,935,8,2,22,29,Furnished,9.6,3.3,7,9.8,79.4
4530,Bengaluru,Whitefield,5,5,3396,10,2,9,13,Unfurnished,11.4,3,6.7,8.3,313.5
4531,Chennai,Porur,3,3,1619,5,1,9,9,Semi-Furnished,5.2,3.8,3.8,8.9,109.5
4532,Pune,Wakad,1,1,764,10,2,4,5,Furnished,13.1,4.9,4.4,7.1,54.3
4533,Hyderabad,Kukatpally,2,2,1418,21,0,5,5,Furnished,10.9,3.9,1.5,1.9,95.2
4534,Chennai,Tambaram,2,2,1007,2,3,11,17,Furnished,12.6,3.5,7.2,4.8,61.6
4535,Hyderabad,Kondapur,2,2,1227,18,0,5,7,Semi-Furnished,4.6,3.6,7.2,4.3,110.5
4536,Chennai,Tambaram,5,5,2625,8,3,14,28,Furnished,5.2,4.9,1.4,5.5,207.9
4537,Pune,Wakad,3,4,2286,8,0,12,26,Unfurnished,12.3,3.6,6.6,4.7,140.3
4538,Chennai,Tambaram,4,4,1827,12,1,6,12,Semi-Furnished,7.7,2.8,1.2,1.5,127.9
4539,Pune,Kharadi,5,6,3173,19,1,9,13,Semi-Furnished,14,3.1,2.5,4.8,258.5
4540,Chennai,OMR,3,4,1730,22,1,19,20,Semi-Furnished,6.8,4.1,0.8,7.6,126
4541,Bengaluru,Indiranagar,1,1,477,15,3,12,20,Semi-Furnished,0.9,3,6,4,53.6
4542,Hyderabad,Kukatpally,3,3,2601,23,0,21,25,Semi-Furnished,7.8,3.3,2.6,8.1,170.5
4543,Hyderabad,Miyapur,3,4,2151,9,3,26,30,Unfurnished,12.8,4.7,1.9,2.5,141.4
4544,Pune,Kharadi,2,2,1411,3,1,7,7,Unfurnished,5.9,4.9,7.8,4.8,107
4545,Hyderabad,Kukatpally,1,2,531,15,3,5,29,Furnished,10.1,3.5,5.8,4.7,47.7
4546,Pune,Kharadi,4,4,3219,25,3,3,25,Semi-Furnished,0.6,2.9,3.3,9.5,253
4547,Bengaluru,HSR Layout,3,3,2044,23,3,4,10,Semi-Furnished,9,2.7,3.6,5.8,215.5
4548,Pune,Hinjewadi,3,2,1402,18,2,15,25,Semi-Furnished,1.3,3.9,1.9,6.7,110.8
4549,Hyderabad,Madhapur,2,1,1259,12,3,0,20,Semi-Furnished,12.4,4.1,6.7,1.4,117.3
4550,Hyderabad,Miyapur,5,5,4474,21,3,3,6,Semi-Furnished,10.4,3.3,5.1,9.6,278
4551,Hyderabad,Gachibowli,1,1,456,17,3,16,16,Semi-Furnished,8.4,4.1,0.5,3.3,53.1
4552,Chennai,OMR,4,3,2611,12,0,0,11,Semi-Furnished,5.1,3.8,1.8,9.4,183.6
4553,Hyderabad,Kondapur,5,4,4359,17,0,15,15,Furnished,14.9,4.2,4.3,7.4,375
4554,Chennai,OMR,2,2,1681,18,1,14,21,Unfurnished,3.4,4,6.1,5.1,112.9
4555,Chennai,Anna Nagar,3,3,2039,25,0,14,15,Furnished,3.2,2.7,1.3,7.7,178.8
4556,Pune,Hinjewadi,3,3,2261,20,1,5,14,Semi-Furnished,6.1,3.1,1.9,4.2,160.2
4557,Hyderabad,Kukatpally,2,3,1532,18,3,1,12,Furnished,3.8,4.4,1.8,8.8,134.1
4558,Pune,Hadapsar,2,3,1484,24,2,1,19,Semi-Furnished,9.6,2.6,1.2,7.1,92.6
4559,Bengaluru,Electronic City,2,1,1769,13,1,5,24,Unfurnished,5,3,6.9,3.4,115.6
4560,Chennai,Tambaram,1,1,458,10,3,9,14,Unfurnished,1.2,4.1,3.6,4.4,34.6
4561,Pune,Wakad,5,6,2386,4,2,12,16,Semi-Furnished,10.4,4.7,2.1,2.1,213.5
4562,Pune,Kharadi,5,4,4206,0,0,21,29,Semi-Furnished,0.8,3.9,3.9,3.4,349.3
4563,Chennai,Porur,2,2,1272,20,3,6,7,Semi-Furnished,1.9,4.7,7.1,6.8,87.6
4564,Bengaluru,Indiranagar,1,2,797,2,0,22,29,Semi-Furnished,12.7,4.2,1.9,2.6,82.4
4565,Pune,Kharadi,2,3,1415,9,3,0,12,Semi-Furnished,6.3,4.9,1.8,1.3,138.2
4566,Chennai,Velachery,1,2,524,16,2,16,28,Semi-Furnished,4.3,3.2,7.6,4,50
4567,Hyderabad,Gachibowli,4,4,2997,5,0,4,7,Semi-Furnished,9.6,3.7,3,5.1,279.3
4568,Chennai,Tambaram,4,5,2677,23,3,4,21,Semi-Furnished,1,2.6,4.1,5.2,163.5
4569,Pune,Kharadi,3,4,1900,7,2,4,5,Semi-Furnished,2.7,4.2,0.5,3.4,182.5
4570,Chennai,Anna Nagar,3,3,2492,7,2,16,25,Semi-Furnished,7.3,3.1,1.1,6.2,210.6
4571,Hyderabad,Kondapur,3,4,2559,20,2,16,28,Semi-Furnished,3.6,4.7,4.3,8.5,227.1
4572,Hyderabad,Kukatpally,3,3,2524,7,2,12,29,Semi-Furnished,11.5,3.6,0.4,1.3,192.2
4573,Chennai,Velachery,4,3,3008,16,1,13,24,Semi-Furnished,5.2,4.3,6.9,8.9,223.8
4574,Chennai,Velachery,2,1,1648,11,1,7,18,Unfurnished,11.9,4.1,7.5,7.2,96.3
4575,Hyderabad,Kondapur,4,3,2505,20,2,5,13,Semi-Furnished,8.9,3.4,1.7,3.4,206.6
4576,Hyderabad,Miyapur,4,4,2468,18,1,8,8,Semi-Furnished,1.6,4.3,3,9,175.8
4577,Pune,Hadapsar,3,4,1484,17,2,6,7,Semi-Furnished,7.6,3.2,5.4,9.1,106.4
4578,Chennai,OMR,1,1,655,13,1,6,9,Furnished,12.7,3.6,7.5,1.3,48.4
4579,Chennai,Tambaram,5,6,3630,7,2,17,20,Semi-Furnished,6,4.8,3.6,8,229.3
4580,Bengaluru,Whitefield,1,1,591,10,3,5,7,Furnished,7.3,3.9,4.2,9,69.4
4581,Hyderabad,Miyapur,3,2,2574,19,3,6,21,Semi-Furnished,7.3,3.5,1.4,8.5,167.9
4582,Hyderabad,Miyapur,2,2,1396,3,0,13,16,Unfurnished,2.6,3.1,5,1.2,95.9
4583,Bengaluru,HSR Layout,4,4,2063,8,1,24,27,Semi-Furnished,4.9,3.9,5.8,1.9,241.2
4584,Chennai,Porur,4,5,1932,16,2,1,7,Unfurnished,13.6,3.6,3.9,2.1,121.9
4585,Chennai,Porur,2,1,1508,25,3,7,9,Semi-Furnished,6,4.5,1,7.7,81.9
4586,Bengaluru,Marathahalli,2,2,1691,24,2,6,6,Unfurnished,9.7,4.6,5.4,9,115.7
4587,Pune,Baner,2,2,1561,9,0,16,29,Semi-Furnished,11.7,3.9,1.5,1,127.6
4588,Chennai,Anna Nagar,5,5,4313,15,3,10,19,Semi-Furnished,4.9,4.4,3.5,6,371.1
4589,Chennai,Velachery,5,5,3506,2,1,28,28,Unfurnished,3.2,4.5,7.7,6.9,270.8
4590,Hyderabad,Miyapur,3,3,1936,17,0,4,29,Unfurnished,4.6,4.5,2.1,6.5,118
4591,Bengaluru,Whitefield,3,4,2388,13,2,8,27,Semi-Furnished,12.4,2.9,7.6,1.7,222.9
4592,Chennai,Velachery,5,6,2362,1,0,1,23,Semi-Furnished,14.8,3.6,6.1,2.4,210.2
4593,Bengaluru,HSR Layout,3,4,1664,8,2,7,12,Semi-Furnished,2.5,4,1.5,9.9,188
4594,Pune,Baner,3,3,2199,20,3,15,30,Unfurnished,3,4.9,3.7,1.6,172
4595,Chennai,Anna Nagar,4,4,2278,16,1,14,15,Semi-Furnished,10.4,3.6,7.8,5.3,202.7
4596,Chennai,Tambaram,5,4,2506,22,3,2,22,Semi-Furnished,7.4,3.3,6.4,7.9,151.5
4597,Hyderabad,Miyapur,4,4,2283,19,1,16,19,Unfurnished,7.7,3.7,4.7,5.3,143.1
4598,Pune,Wakad,1,1,475,0,2,2,20,Semi-Furnished,11.4,2.6,5.3,9.1,24.5
4599,Hyderabad,Gachibowli,2,3,904,17,3,4,7,Semi-Furnished,3.2,2.7,1.4,8.7,95.9
4600,Bengaluru,HSR Layout,4,4,2713,20,3,3,9,Unfurnished,13,3.2,0.3,1.8,256.7
4601,Hyderabad,Kondapur,4,4,3078,4,3,5,17,Furnished,5.9,2.6,1,10,283.6
4602,Hyderabad,Kondapur,5,6,4040,7,0,9,9,Semi-Furnished,15,5,1.1,6,341.5
4603,Pune,Hadapsar,5,5,3036,11,0,11,11,Semi-Furnished,7.7,4.2,2.2,9.2,220.2
4604,Pune,Hadapsar,5,5,3466,10,0,16,24,Semi-Furnished,1.9,3,4.7,8.1,234.8
4605,Bengaluru,Marathahalli,5,5,3171,19,1,22,27,Furnished,4.9,2.7,1.9,5.8,302.1
4606,Chennai,Anna Nagar,3,2,2037,22,2,10,20,Semi-Furnished,2.9,5,7.4,4.8,187.1
4607,Hyderabad,Kukatpally,1,1,821,20,2,19,23,Furnished,4.3,2.8,5.6,8.8,48.5
4608,Pune,Hadapsar,5,6,4280,24,2,6,28,Semi-Furnished,13.7,2.5,6.7,9.6,266.1
4609,Chennai,Anna Nagar,4,4,2086,15,2,7,12,Unfurnished,3.3,4.8,6.8,7.2,193.7
4610,Bengaluru,Indiranagar,2,2,1219,8,3,3,28,Unfurnished,2.6,4.8,2.7,1.7,154.1
4611,Bengaluru,Indiranagar,5,5,2440,1,0,4,29,Furnished,10.8,3.8,2.1,3.8,333.1
4612,Bengaluru,Marathahalli,4,3,2840,18,2,8,12,Furnished,10.7,3.7,7.5,7,251.3
4613,Bengaluru,Indiranagar,3,4,2373,17,1,7,18,Furnished,5.8,2.8,3.4,1.1,296.9
4614,Bengaluru,Whitefield,5,4,3456,21,2,15,29,Semi-Furnished,14.8,3.3,6.4,9.9,318.5
4615,Hyderabad,Kondapur,5,5,2302,13,0,5,12,Semi-Furnished,11.8,2.9,7.8,9,189.7
4616,Chennai,OMR,1,1,698,25,0,20,24,Semi-Furnished,6.7,3.9,1,5.3,43.8
4617,Hyderabad,Miyapur,5,5,4189,18,3,6,16,Unfurnished,10.3,2.8,6,3.6,258.6
4618,Hyderabad,Kukatpally,3,3,1849,22,1,17,21,Unfurnished,12.7,4.6,7.7,1.4,119.3
4619,Hyderabad,Miyapur,5,6,2812,24,3,11,28,Semi-Furnished,1.6,4.2,4.5,5.1,209.3
4620,Bengaluru,Whitefield,4,4,3220,11,3,13,22,Furnished,1.6,3.3,4.6,1.9,365.9
4621,Hyderabad,Gachibowli,5,5,2909,5,0,9,18,Semi-Furnished,0.5,4.1,4.1,6.5,303.3
4622,Pune,Hinjewadi,5,5,2587,23,0,8,10,Semi-Furnished,10.5,2.9,3.4,7.5,195.5
4623,Hyderabad,Madhapur,4,4,3351,19,1,17,29,Unfurnished,1.3,2.8,7.2,2.5,277.6
4624,Hyderabad,Kukatpally,4,4,2991,20,1,14,16,Semi-Furnished,6.5,4.9,4.4,2.1,216.4
4625,Bengaluru,HSR Layout,3,3,2221,1,0,1,7,Semi-Furnished,1.8,3,7.2,9.3,238.1
4626,Hyderabad,Gachibowli,2,2,989,4,2,6,25,Semi-Furnished,11.4,4.5,3.5,9.5,106.4
4627,Hyderabad,Gachibowli,1,1,676,25,2,5,15,Furnished,0.9,3.4,0.7,6.3,68.2
4628,Hyderabad,Miyapur,4,3,2458,16,0,11,21,Semi-Furnished,1.4,4.2,6.7,8.7,177.6
4629,Hyderabad,Kondapur,1,1,873,5,2,6,6,Unfurnished,14.6,4.8,3.8,7.9,56.2
4630,Bengaluru,Indiranagar,4,3,2199,18,0,15,23,Unfurnished,0.3,4,1,6.4,237.2
4631,Hyderabad,Miyapur,1,1,591,11,0,1,14,Unfurnished,10.6,3.8,8,8.1,20
4632,Pune,Hinjewadi,1,1,734,7,2,7,22,Semi-Furnished,9,4.5,3.9,8.9,62.1
4633,Bengaluru,Electronic City,4,3,2524,5,1,6,26,Furnished,10,3.3,2.9,8.2,228.6
4634,Hyderabad,Kukatpally,5,5,3708,23,3,10,11,Semi-Furnished,12.6,4.6,7.9,9.4,264.6
4635,Chennai,Porur,5,4,2661,17,2,14,16,Semi-Furnished,7.2,2.6,6.8,4.2,177
4636,Pune,Wakad,4,3,1919,25,3,0,8,Unfurnished,11.7,2.6,0.5,2.9,128.4
4637,Chennai,Velachery,5,6,4416,4,0,14,15,Semi-Furnished,0.3,3.7,6.9,8.7,339.6
4638,Hyderabad,Kukatpally,5,4,2504,16,2,4,12,Semi-Furnished,5,2.7,3.7,9.7,184
4639,Chennai,Anna Nagar,2,2,1187,13,1,12,17,Unfurnished,11.6,4,2.9,6.3,93.1
4640,Hyderabad,Madhapur,5,5,3022,8,2,5,7,Furnished,13.5,3.9,6.8,6.6,304.4
4641,Pune,Kharadi,1,1,639,17,3,6,8,Unfurnished,1.4,2.8,2.2,9.7,51.2
4642,Pune,Hadapsar,4,3,3440,17,3,19,26,Semi-Furnished,10.1,3.8,6.8,2.5,229.3
4643,Hyderabad,Miyapur,1,2,691,4,2,9,22,Unfurnished,11.9,4,0.3,4.7,41.3
4644,Chennai,OMR,5,5,3922,22,3,12,26,Unfurnished,13.3,4.7,3.5,6.1,266.9
4645,Bengaluru,Electronic City,3,3,2385,16,3,7,11,Semi-Furnished,4.1,3.6,0.4,9,198.4
4646,Bengaluru,Electronic City,1,2,797,24,0,14,20,Furnished,3,3.7,5.2,7.9,50.7
4647,Hyderabad,Kondapur,2,2,1678,1,0,18,26,Unfurnished,2,4.6,7.9,3.5,133.6
4648,Chennai,Anna Nagar,1,1,554,2,1,14,29,Furnished,11.4,4.3,5.8,8.5,39.5
4649,Chennai,Tambaram,3,2,1796,15,0,0,15,Unfurnished,4,3.8,7.2,2.3,102.5
4650,Hyderabad,Gachibowli,2,1,1047,22,0,4,15,Semi-Furnished,12.9,2.6,5.4,7.1,69.6
4651,Pune,Hadapsar,3,4,1991,21,3,8,8,Semi-Furnished,9.1,5,1.4,1.1,140
4652,Pune,Wakad,4,4,3414,16,3,22,30,Semi-Furnished,8.8,4,1.4,9,229
4653,Chennai,OMR,1,1,898,20,0,15,30,Semi-Furnished,1.4,3.1,6.8,1.6,60.6
4654,Bengaluru,Indiranagar,4,3,2791,13,2,16,21,Unfurnished,11.8,4.7,6.6,8.2,290
4655,Hyderabad,Kukatpally,1,2,489,4,2,1,15,Furnished,5.3,3.2,1.8,2.1,57.2
4656,Bengaluru,Indiranagar,3,2,2470,6,2,8,26,Semi-Furnished,4.3,3,4.3,4,289.8
4657,Chennai,Porur,5,4,2481,16,3,3,19,Semi-Furnished,12.5,3.4,5.6,3.8,171
4658,Bengaluru,Marathahalli,1,2,839,16,1,0,10,Unfurnished,14.4,3,6,4.5,55.6
4659,Bengaluru,Indiranagar,1,1,512,4,3,19,30,Semi-Furnished,8,3.6,1.4,3.4,75.9
4660,Pune,Hinjewadi,5,5,3520,17,3,20,20,Semi-Furnished,0.8,3.1,0.5,6.6,292.1
4661,Bengaluru,Electronic City,3,3,1512,3,2,15,29,Unfurnished,14.2,4.4,2.9,2.6,127.1
4662,Hyderabad,Kukatpally,5,5,3926,13,3,13,16,Semi-Furnished,3.9,3.2,5.2,8.5,292.3
4663,Hyderabad,Madhapur,4,4,2994,14,1,9,18,Semi-Furnished,7.5,2.7,6.6,7.3,260.4
4664,Pune,Kharadi,3,2,2008,11,3,26,28,Semi-Furnished,2,3.1,7.4,1.6,177.9
4665,Hyderabad,Madhapur,5,6,4402,7,0,8,10,Unfurnished,6.9,3.7,1.7,8,370.2
4666,Hyderabad,Gachibowli,2,2,928,20,1,6,11,Semi-Furnished,11.3,4,6.6,3.6,74.2
4667,Bengaluru,Indiranagar,4,5,2371,9,3,2,11,Furnished,5.1,2.8,7.4,9.2,311.1
4668,Chennai,Anna Nagar,5,6,4462,8,3,7,10,Semi-Furnished,0.8,2.7,5.9,9.1,383.4
4669,Pune,Hinjewadi,4,3,2588,18,2,4,13,Unfurnished,14.2,3,3.2,9.5,157.4
4670,Pune,Hinjewadi,1,1,535,18,2,8,15,Furnished,7.1,2.8,0.7,5,47
4671,Hyderabad,Kukatpally,5,4,4448,1,3,17,30,Unfurnished,2.3,4,4.9,6.7,307.8
4672,Pune,Baner,2,2,1538,18,1,3,23,Semi-Furnished,10.6,3.4,4.7,4.3,112.8
4673,Hyderabad,Miyapur,3,3,1914,13,2,24,26,Unfurnished,13,3.8,6.8,7.5,108.5
4674,Hyderabad,Gachibowli,4,3,3338,13,1,8,22,Semi-Furnished,7.8,2.6,5.6,3.2,310.1
4675,Pune,Wakad,1,1,468,17,1,6,9,Unfurnished,3.9,2.6,2.5,3.6,27.5
4676,Chennai,Porur,1,1,693,11,1,0,14,Semi-Furnished,0.3,3.6,3.1,3.6,56.5
4677,Chennai,Tambaram,5,4,3431,2,1,15,20,Unfurnished,12.6,4.3,2.1,9.6,191.2
4678,Bengaluru,Marathahalli,2,2,1508,3,1,8,12,Semi-Furnished,11.1,2.7,4.6,5.4,133.4
4679,Hyderabad,Gachibowli,4,4,2257,24,1,5,17,Semi-Furnished,11,3.1,1.6,3,211.8
4680,Hyderabad,Madhapur,3,4,2320,4,2,2,13,Unfurnished,7.3,4.6,1.5,4.8,220.4
4681,Bengaluru,Marathahalli,2,2,1124,9,1,10,10,Semi-Furnished,11.6,4.8,5.5,2.6,97.5
4682,Pune,Baner,4,3,2821,20,2,6,21,Semi-Furnished,4.2,4.8,6.6,3,240.8
4683,Hyderabad,Miyapur,1,1,597,23,1,1,13,Furnished,2.7,3.6,2,8.3,35.8
4684,Bengaluru,HSR Layout,5,5,2860,0,1,15,23,Semi-Furnished,9.3,2.6,0.5,8.1,312
4685,Bengaluru,Indiranagar,4,5,2892,11,0,5,13,Semi-Furnished,11.6,4,2.5,7.6,319.2
4686,Pune,Wakad,4,4,2677,17,1,3,10,Unfurnished,12.1,3.8,1.9,7.1,166.2
4687,Pune,Wakad,4,4,1989,7,1,1,7,Furnished,14.6,3.3,1.2,8.7,152.5
4688,Chennai,Tambaram,5,6,4071,11,3,2,6,Semi-Furnished,12.4,3.7,3.1,6.8,244.4
4689,Bengaluru,HSR Layout,2,2,1274,12,1,20,29,Semi-Furnished,5.7,2.5,1.9,7.9,125.8
4690,Hyderabad,Madhapur,3,2,1509,7,3,10,11,Unfurnished,14,4.1,1.3,1.3,147.1
4691,Pune,Wakad,5,5,2766,20,3,1,29,Furnished,6.1,3.5,7.8,9.9,221.1
4692,Pune,Kharadi,2,1,1668,15,0,19,24,Furnished,12.1,3.9,4.5,8.2,127.2
4693,Pune,Baner,4,3,2979,5,2,2,23,Unfurnished,0.5,4,4.3,6.2,233.8
4694,Bengaluru,Electronic City,1,1,524,14,2,2,11,Semi-Furnished,6,3.2,4.2,4.6,48.1
4695,Bengaluru,Whitefield,1,1,821,24,0,10,17,Semi-Furnished,3.2,3.1,5.6,4.5,73.9
4696,Hyderabad,Gachibowli,5,6,3807,9,0,5,7,Unfurnished,11.3,3.2,5.7,7,320.8
4697,Pune,Baner,5,5,3035,19,3,11,29,Furnished,9,3.9,3.6,1.2,285.3
4698,Hyderabad,Kondapur,4,3,2207,5,1,1,18,Semi-Furnished,12.4,3.8,6.9,3.8,202.1
4699,Bengaluru,Marathahalli,1,1,805,8,3,1,12,Furnished,12.4,4.9,1.9,5.7,80.1
4700,Bengaluru,Whitefield,2,1,1218,23,2,8,10,Furnished,12.3,3.1,3.5,4.9,117.1
4701,Hyderabad,Miyapur,4,4,3328,17,1,17,27,Unfurnished,2.1,4.4,5.2,1.4,224.8
4702,Hyderabad,Gachibowli,4,3,3543,23,3,16,30,Semi-Furnished,7.3,2.6,7.5,6.8,315.8
4703,Pune,Kharadi,4,5,3173,7,0,0,6,Semi-Furnished,4.8,3,4.9,8.7,259.4
4704,Chennai,Velachery,2,2,1292,10,1,7,10,Unfurnished,13.4,3.7,5.6,6.8,75.4
4705,Pune,Kharadi,2,2,1133,4,3,1,16,Semi-Furnished,4.2,3.3,7.1,3.3,97.4
4706,Pune,Baner,5,5,3950,0,0,2,17,Semi-Furnished,7.8,4.9,6.3,7.4,327.1
4707,Hyderabad,Kukatpally,2,3,1066,4,2,11,20,Semi-Furnished,8.1,3.5,4.9,5,79.9
4708,Bengaluru,Marathahalli,5,4,2274,4,2,17,19,Semi-Furnished,2.8,4.2,7.5,3.1,247.3
4709,Chennai,Porur,4,4,2238,8,1,4,26,Unfurnished,4.5,4.4,1.4,3.7,150
4710,Chennai,Anna Nagar,2,2,905,11,3,10,17,Semi-Furnished,6.9,2.5,6.2,2,86.9
4711,Chennai,OMR,4,4,2287,9,1,0,8,Semi-Furnished,3.7,4,6.7,9.4,187.2
4712,Hyderabad,Madhapur,1,2,759,13,2,13,17,Furnished,0.4,4.9,6.7,4.5,96.9
4713,Pune,Baner,5,5,2704,20,0,13,19,Semi-Furnished,14.9,4.3,1.2,3.5,236.5
4714,Pune,Hadapsar,3,4,2124,13,2,13,30,Semi-Furnished,13.8,3.4,5.5,6.7,126.1
4715,Bengaluru,Indiranagar,4,4,2640,19,2,17,27,Unfurnished,10.8,4.5,3.9,3.2,274
4716,Pune,Hadapsar,2,1,948,3,1,12,20,Semi-Furnished,5.6,4.8,1.5,7.6,80.7
4717,Hyderabad,Madhapur,4,4,3183,8,1,1,29,Furnished,6.4,3.4,7.7,3.8,307.2
4718,Pune,Hinjewadi,3,4,1625,12,3,18,19,Semi-Furnished,13.3,4.5,0.7,7.5,124.8
4719,Hyderabad,Kondapur,2,2,949,25,3,18,19,Furnished,10.9,4.1,1.3,1.8,86.3
4720,Bengaluru,HSR Layout,2,2,963,18,2,10,16,Unfurnished,12.1,4.6,4,6,82.4
4721,Bengaluru,Whitefield,5,5,3416,8,0,12,18,Semi-Furnished,11,3.2,7.8,2.3,343.1
4722,Hyderabad,Kukatpally,3,2,2167,11,0,6,9,Semi-Furnished,13.1,4.8,6.8,5.3,143.7
4723,Hyderabad,Kondapur,1,1,523,7,3,16,19,Semi-Furnished,1.1,2.6,4.7,4.1,62.1
4724,Hyderabad,Kukatpally,5,5,3644,20,3,7,17,Semi-Furnished,7.8,4.1,1.7,9,276.2
4725,Bengaluru,HSR Layout,4,3,2604,4,0,7,11,Furnished,1,4.1,0.6,5.5,318.9
4726,Pune,Wakad,4,5,3494,17,0,1,12,Semi-Furnished,9.2,3.6,0.4,7.4,227.2
4727,Pune,Kharadi,1,1,622,10,1,2,28,Semi-Furnished,4.3,5,7.8,3.4,60.7
4728,Hyderabad,Kukatpally,1,1,766,1,1,17,30,Semi-Furnished,10.5,4.7,3.5,2.6,70.5
4729,Chennai,Anna Nagar,4,4,3394,3,2,11,28,Furnished,14.4,2.6,5.2,6.5,303.3
4730,Hyderabad,Madhapur,4,4,2344,0,0,24,27,Semi-Furnished,14.6,4.8,4.7,2.1,237.2
4731,Bengaluru,HSR Layout,4,4,2396,10,1,0,22,Unfurnished,3.4,2.9,6.1,3.3,241.7
4732,Chennai,Porur,1,2,604,18,2,3,18,Semi-Furnished,13.2,4.1,3.5,2,43.9
4733,Hyderabad,Kondapur,4,5,2417,20,0,15,25,Semi-Furnished,8.9,3.9,3.7,7.2,210.6
4734,Hyderabad,Kukatpally,1,1,521,11,3,3,6,Unfurnished,10.5,3.8,1.6,2.3,46.4
4735,Pune,Hinjewadi,3,4,1455,13,3,12,16,Furnished,0.7,4.5,0.4,7.1,141.1
4736,Hyderabad,Miyapur,4,5,3380,24,3,12,14,Semi-Furnished,0.3,3.3,4.6,7,221.3
4737,Chennai,Tambaram,1,1,608,13,3,5,9,Semi-Furnished,8.8,2.7,6.8,1.6,36
4738,Bengaluru,Marathahalli,1,1,645,3,2,2,10,Furnished,13.8,4.2,4.1,4.5,59.1
4739,Chennai,OMR,2,3,1440,2,2,17,29,Unfurnished,4.3,4.3,2.1,4,118.8
4740,Hyderabad,Gachibowli,2,3,1732,4,0,3,19,Unfurnished,1.8,2.8,1.7,1.4,171.3
4741,Chennai,OMR,5,5,3850,20,1,6,17,Unfurnished,3.5,4.2,4.8,4.8,263.7
4742,Hyderabad,Miyapur,2,2,1031,3,1,10,22,Unfurnished,2.7,4,1.2,1.6,96.6
4743,Bengaluru,Whitefield,1,1,896,9,3,22,23,Semi-Furnished,11,4.6,2.3,6.6,88.6
4744,Bengaluru,Whitefield,2,1,1287,21,0,7,15,Semi-Furnished,13.1,3.3,6.1,2.5,106
4745,Chennai,OMR,2,2,1448,14,2,1,11,Unfurnished,4.5,4.7,2.3,9.9,99.3
4746,Chennai,Velachery,4,4,1809,0,1,6,6,Semi-Furnished,8.1,4.7,0.8,8,168
4747,Bengaluru,HSR Layout,5,5,3362,1,0,6,8,Unfurnished,7.7,2.6,6.3,5.9,323.9
4748,Pune,Wakad,2,1,1734,18,3,1,16,Semi-Furnished,2.4,3.8,6.7,6.6,106
4749,Pune,Baner,1,1,667,11,2,4,12,Furnished,13.9,2.6,1.5,7.1,41.2
4750,Pune,Hinjewadi,4,4,3440,14,3,7,15,Semi-Furnished,12.9,4.8,2.3,2.9,253.9
4751,Pune,Hinjewadi,1,2,752,16,0,12,13,Semi-Furnished,2.7,4.7,4.2,6.2,62.6
4752,Bengaluru,Whitefield,1,1,796,8,1,9,10,Unfurnished,12,3.9,3.9,6.7,59.3
4753,Pune,Hinjewadi,1,1,687,1,0,0,7,Furnished,2.5,4.8,6.4,3.1,71.5
4754,Pune,Kharadi,3,3,2319,3,2,15,15,Unfurnished,0.8,3.2,5.3,5.9,187
4755,Hyderabad,Kukatpally,4,5,3189,21,1,15,25,Unfurnished,7.4,3.4,4.8,7.4,205.4
4756,Bengaluru,Electronic City,5,5,2745,5,0,11,27,Unfurnished,14,2.6,4.9,6.4,202.5
4757,Bengaluru,Electronic City,5,6,2634,6,0,0,8,Unfurnished,5,3.8,3.8,8.8,214.6
4758,Hyderabad,Madhapur,1,1,817,10,1,15,21,Semi-Furnished,9.2,4.8,2,6.9,68.2
4759,Chennai,Anna Nagar,4,3,3069,13,3,3,10,Furnished,10.9,2.6,1.8,5,276.9
4760,Pune,Baner,4,3,2861,2,2,0,7,Furnished,11.9,3.7,7,3,260.6
4761,Bengaluru,Indiranagar,1,1,804,22,2,8,17,Furnished,12.6,4.9,3.8,9,72.2
4762,Hyderabad,Madhapur,4,5,2944,19,3,13,14,Furnished,7.2,3.6,0.8,5.7,307.8
4763,Bengaluru,Electronic City,3,3,2619,3,3,6,16,Semi-Furnished,12.3,3.9,2.4,3.3,207.9
4764,Chennai,Porur,4,5,2877,9,1,5,19,Semi-Furnished,5.1,4.4,7,2.7,209.4
4765,Bengaluru,Electronic City,1,1,546,1,0,2,9,Furnished,11.2,3.2,5,1.9,50.6
4766,Chennai,OMR,1,1,526,21,1,9,23,Unfurnished,10,4.2,4.8,1.6,29.6
4767,Hyderabad,Gachibowli,4,5,3491,23,2,20,24,Furnished,8.6,4.8,1.9,3.7,355.4
4768,Hyderabad,Gachibowli,1,2,808,22,3,5,5,Furnished,13.3,4.1,0.9,4.7,80.5
4769,Bengaluru,Electronic City,4,5,2748,13,1,15,24,Unfurnished,13.7,3.6,1.9,1,219.7
4770,Bengaluru,Whitefield,4,4,1950,20,1,19,20,Semi-Furnished,10.8,2.6,6,6.9,197.6
4771,Pune,Baner,2,3,1153,9,2,14,26,Furnished,3,5,4.2,7.6,115.1
4772,Hyderabad,Gachibowli,2,2,1195,23,1,12,15,Semi-Furnished,4.9,4.5,7.4,3.8,106.9
4773,Bengaluru,HSR Layout,5,4,3780,12,0,6,11,Semi-Furnished,3.4,3.1,5.4,2.3,408.8
4774,Chennai,Tambaram,1,1,647,21,3,0,14,Semi-Furnished,4.5,4.4,7.5,8.4,37.8
4775,Hyderabad,Miyapur,4,5,2009,25,3,0,24,Semi-Furnished,4,2.7,7.5,9.9,139.6
4776,Hyderabad,Gachibowli,3,3,2360,10,0,6,19,Furnished,6.5,4.6,6.7,2.7,241.3
4777,Pune,Wakad,2,2,1098,12,1,16,25,Furnished,9.7,4.3,7.5,8.3,77.2
4778,Hyderabad,Gachibowli,1,1,463,15,1,12,18,Unfurnished,11.4,4,3.4,9.1,28.6
4779,Pune,Hadapsar,4,3,2579,5,3,15,17,Unfurnished,4.2,3.6,4.5,4.7,180.8
4780,Pune,Hinjewadi,1,2,560,5,0,4,30,Semi-Furnished,10.1,4.8,1,4.2,56.5
4781,Pune,Hinjewadi,5,6,2879,14,1,6,8,Semi-Furnished,12.5,4.9,5.1,6,228.7
4782,Pune,Kharadi,5,6,2627,14,2,2,5,Semi-Furnished,5.4,5,1.2,1.2,239.3
4783,Pune,Hadapsar,4,4,2762,0,0,4,13,Semi-Furnished,12.8,4.6,3.8,1.9,202
4784,Chennai,Porur,5,5,4267,17,0,4,28,Semi-Furnished,9,3.1,5.8,6.1,261.8
4785,Pune,Hadapsar,2,3,1413,13,2,1,10,Semi-Furnished,1.4,4.3,5.7,4.5,119.8
4786,Hyderabad,Madhapur,5,5,4212,15,2,11,17,Unfurnished,8.6,3.9,1.9,5.4,356.8
4787,Pune,Wakad,2,3,1672,9,1,13,18,Semi-Furnished,6.8,2.6,2.3,2.2,112.6
4788,Bengaluru,Indiranagar,5,5,3230,9,0,2,19,Semi-Furnished,13.5,3.5,6.2,5.4,362.8
4789,Pune,Hadapsar,3,4,1407,20,2,8,17,Furnished,1.9,2.7,0.5,4.6,127.5
4790,Hyderabad,Madhapur,5,6,2837,19,2,3,15,Unfurnished,11,4.7,0.3,6.3,247.8
4791,Chennai,Porur,1,2,733,2,0,10,18,Furnished,12.5,3.4,0.3,2.8,49.1
4792,Bengaluru,HSR Layout,4,4,2264,15,2,2,5,Furnished,12.6,3.2,1.5,2.7,264.5
4793,Bengaluru,Indiranagar,5,5,3843,22,1,13,14,Unfurnished,13.5,3.8,7.6,8.3,380.6
4794,Chennai,Anna Nagar,5,6,2472,25,1,0,11,Semi-Furnished,11.9,2.6,2.8,3.8,224.8
4795,Pune,Kharadi,3,2,2113,16,3,19,20,Semi-Furnished,2.1,4.3,5.2,5.5,170.2
4796,Hyderabad,Kondapur,3,2,2279,10,3,8,18,Semi-Furnished,5.8,3.1,6.3,2.6,191.6
4797,Hyderabad,Miyapur,4,4,2140,8,0,12,14,Unfurnished,5.6,4.4,0.9,10,153.2
4798,Pune,Hinjewadi,1,1,812,4,1,10,18,Furnished,6.4,4.7,5.1,4.8,64.4
4799,Bengaluru,Electronic City,1,2,853,17,0,8,14,Semi-Furnished,0.8,4,7.6,4.2,75.5
4800,Pune,Hinjewadi,3,4,2605,4,0,2,27,Furnished,3.5,4.2,4.4,7.8,220.9
4801,Hyderabad,Madhapur,2,3,1338,15,0,8,26,Unfurnished,13.9,4.5,4.4,6.1,106.9
4802,Bengaluru,Marathahalli,1,1,468,17,0,13,21,Unfurnished,11,4.4,5.8,3.9,32.6
4803,Pune,Hinjewadi,3,3,2306,1,1,1,7,Semi-Furnished,14,2.7,2.9,6.9,172
4804,Bengaluru,Electronic City,2,2,1636,9,0,6,10,Semi-Furnished,10.5,4.9,0.6,6.1,128.6
4805,Pune,Hinjewadi,5,4,2873,16,2,9,30,Unfurnished,12.5,4.3,5.2,1.3,208.1
4806,Bengaluru,Indiranagar,1,1,639,25,2,4,28,Semi-Furnished,13.9,3.6,7.1,6.8,37.3
4807,Hyderabad,Kondapur,3,3,2417,17,3,9,18,Semi-Furnished,7.7,3.8,6.5,8.8,188.2
4808,Chennai,Porur,3,3,2129,0,2,3,27,Furnished,11.2,4.9,6.7,7.6,152.4
4809,Hyderabad,Madhapur,4,4,3469,24,0,2,8,Unfurnished,1.3,3.2,4.4,9.5,276
4810,Hyderabad,Madhapur,5,5,3755,8,2,18,29,Semi-Furnished,11.2,4.4,7.4,5,354.1
4811,Bengaluru,Indiranagar,3,4,1427,1,2,4,18,Semi-Furnished,4.5,4.7,1.8,8,185.3
4812,Hyderabad,Miyapur,1,1,668,1,3,9,10,Semi-Furnished,8.6,3.3,6.3,7.7,41.7
4813,Bengaluru,Indiranagar,1,1,855,3,0,0,29,Unfurnished,4,4.1,4.7,2.3,101.6
4814,Hyderabad,Miyapur,4,5,1874,1,3,10,19,Semi-Furnished,1.6,3.4,7.2,4.5,172.9
4815,Bengaluru,Marathahalli,3,4,2202,9,3,19,27,Unfurnished,4.4,3.3,4.2,4.4,199.4
4816,Hyderabad,Miyapur,3,2,2583,23,0,10,23,Semi-Furnished,11.6,2.7,3.2,8.7,146.4
4817,Pune,Kharadi,2,2,1650,3,0,1,12,Semi-Furnished,3.9,3.8,6.6,3.1,125.6
4818,Bengaluru,Electronic City,4,5,2783,13,3,20,22,Semi-Furnished,12.9,4.3,3.6,3.6,227.8
4819,Hyderabad,Miyapur,1,1,690,20,1,19,23,Semi-Furnished,7.5,2.9,6.2,5.7,26.1
4820,Chennai,Tambaram,1,1,582,6,2,18,30,Unfurnished,12.1,2.7,0.7,3.1,30
4821,Chennai,Tambaram,1,1,723,7,1,25,25,Semi-Furnished,9,3.2,5.1,3.6,34.4
4822,Pune,Wakad,4,4,2227,18,1,12,21,Semi-Furnished,5.8,4,5.6,9.3,156.7
4823,Hyderabad,Gachibowli,3,3,2079,13,2,3,30,Semi-Furnished,5.4,2.6,7.6,3.7,199.6
4824,Hyderabad,Kondapur,3,2,2177,18,3,3,16,Unfurnished,2.3,4.6,4.6,5.1,175.3
4825,Bengaluru,Marathahalli,2,1,963,18,1,4,26,Unfurnished,11.7,2.7,3.9,4.3,67.6
4826,Pune,Kharadi,2,1,1624,15,2,1,10,Unfurnished,2.2,4.4,6.4,6.2,119.7
4827,Pune,Hadapsar,2,3,907,18,3,3,6,Unfurnished,9.3,3.4,1.1,1.8,72.4
4828,Pune,Hadapsar,5,6,3046,10,2,2,8,Unfurnished,10.1,3.7,3,7.8,199.8
4829,Bengaluru,Indiranagar,4,3,3044,12,2,2,9,Semi-Furnished,3.3,4.4,0.8,1.3,354.3
4830,Bengaluru,Whitefield,5,4,3478,8,1,6,28,Semi-Furnished,1.4,3.3,2.4,3.2,361.9
4831,Chennai,OMR,3,3,2237,8,1,5,9,Semi-Furnished,2.3,2.8,0.9,6.6,178.8
4832,Hyderabad,Kukatpally,3,3,1510,21,0,10,14,Semi-Furnished,2.6,4.6,5.8,5.6,114.4
4833,Bengaluru,Marathahalli,3,3,1744,16,0,5,29,Semi-Furnished,11.1,4.8,3.6,8.3,159.4
4834,Hyderabad,Gachibowli,5,5,3982,17,3,0,6,Semi-Furnished,1.3,3.4,1,8.8,386.7
4835,Pune,Baner,3,2,1477,1,2,10,13,Furnished,9.7,4.9,5.5,2.1,154.7
4836,Pune,Baner,5,5,3157,4,3,4,10,Semi-Furnished,11.7,4.1,3.1,1.3,290
4837,Bengaluru,Electronic City,4,5,3138,8,2,3,10,Unfurnished,4.9,4.3,4,3.7,247.3
4838,Pune,Kharadi,1,2,597,17,2,12,12,Semi-Furnished,4.4,4.8,5.9,4.6,52.7
4839,Chennai,Anna Nagar,2,2,1263,11,2,18,23,Unfurnished,13.5,4.1,4.7,9.2,84.8
4840,Chennai,Tambaram,4,4,2360,23,2,27,30,Furnished,5.1,4.3,6.1,8.3,147.9
4841,Hyderabad,Madhapur,1,1,524,23,0,1,10,Furnished,11.6,2.8,7.4,7.8,31.7
4842,Pune,Kharadi,2,2,993,24,3,10,11,Unfurnished,0.6,4.5,5.4,5.7,89.6
4843,Bengaluru,Whitefield,2,3,1233,25,1,16,25,Unfurnished,14.9,4.8,2.5,8.7,105.8
4844,Pune,Hinjewadi,1,1,580,16,2,2,6,Semi-Furnished,13.1,4.5,7.1,1.5,45.7
4845,Pune,Kharadi,3,2,1994,6,1,4,17,Unfurnished,13.2,4.4,7.5,9.8,131.8
4846,Pune,Hadapsar,3,3,2512,21,2,11,18,Semi-Furnished,13.5,4.8,1.4,4.3,161
4847,Chennai,OMR,4,4,2107,11,3,2,24,Semi-Furnished,10,4,0.7,5.3,171.1
4848,Pune,Hadapsar,2,2,1090,6,1,4,6,Semi-Furnished,6.2,2.9,7.9,9,66.5
4849,Hyderabad,Kukatpally,1,1,519,24,0,4,5,Unfurnished,7.2,4.8,4.3,2.4,23.5
4850,Bengaluru,Electronic City,5,5,3166,2,3,10,21,Semi-Furnished,7.7,4.2,4,3.5,296
4851,Bengaluru,Marathahalli,4,5,3220,12,3,0,19,Semi-Furnished,13.1,4.7,6.6,5,294
4852,Pune,Wakad,5,4,3081,13,3,4,8,Semi-Furnished,11.2,4.6,1,2.7,229.7
4853,Bengaluru,HSR Layout,2,2,1526,23,3,4,6,Unfurnished,0.9,2.9,1.4,4.3,144.6
4854,Chennai,Anna Nagar,1,1,725,15,3,9,19,Semi-Furnished,11,3.2,4.2,3,54
4855,Hyderabad,Miyapur,5,4,3040,5,0,19,19,Semi-Furnished,4.5,3.8,7,5.3,215.8
4856,Chennai,Velachery,3,3,2580,2,1,11,29,Semi-Furnished,13.8,2.6,0.5,8.8,171.7
4857,Pune,Wakad,4,5,1903,21,1,16,20,Semi-Furnished,14.3,4.9,2.2,9,132
4858,Chennai,Porur,2,3,1113,1,1,27,27,Semi-Furnished,7.8,3.4,6,4.9,91.5
4859,Bengaluru,Indiranagar,1,1,707,21,1,6,12,Unfurnished,8.3,4.1,7.5,4.9,68
4860,Hyderabad,Kukatpally,1,1,815,14,0,16,22,Semi-Furnished,10.2,3.5,5.1,7.2,32.5
4861,Bengaluru,Whitefield,5,4,3378,5,3,6,19,Semi-Furnished,6.8,3.5,6.5,7.5,349
4862,Pune,Baner,4,3,1924,23,3,22,22,Semi-Furnished,2.7,3.6,4.9,6.6,168.8
4863,Chennai,Anna Nagar,5,5,3152,19,0,4,18,Semi-Furnished,4.5,2.8,7.7,2.1,287.4
4864,Chennai,Tambaram,2,2,1142,6,1,6,8,Semi-Furnished,8.8,2.6,3.8,9.3,64.3
4865,Pune,Hinjewadi,5,5,2737,23,2,3,7,Unfurnished,4.6,3.4,7.5,1.3,197.9
4866,Chennai,Porur,2,1,1275,15,0,6,22,Semi-Furnished,2.1,4.1,3.5,8.2,70.7
4867,Bengaluru,Whitefield,4,4,3083,15,0,13,25,Semi-Furnished,2.4,4,6.3,4.6,303.3
4868,Chennai,Tambaram,5,4,2929,6,1,26,30,Unfurnished,6.4,2.6,1.8,5.9,174.5
4869,Bengaluru,Electronic City,4,4,3184,2,0,14,14,Unfurnished,2.7,2.7,1.9,1.4,252.7
4870,Hyderabad,Kondapur,1,1,685,13,0,15,19,Semi-Furnished,1.7,4.6,7.5,6.3,54.5
4871,Bengaluru,Electronic City,3,3,1631,21,1,23,29,Unfurnished,10,4.4,5.5,5.7,129.8
4872,Bengaluru,Whitefield,3,3,2323,13,2,13,25,Semi-Furnished,12.5,3.7,1.5,7.2,229.7
4873,Pune,Wakad,3,2,1634,2,2,1,10,Furnished,5.8,2.8,6.9,8.9,136.7
4874,Pune,Baner,3,3,2380,5,0,5,5,Semi-Furnished,11.4,4.2,6.4,3.3,184.7
4875,Hyderabad,Miyapur,3,4,2031,7,3,4,5,Unfurnished,11.2,4.2,5,5.7,129.4
4876,Bengaluru,HSR Layout,2,2,1628,12,3,0,19,Semi-Furnished,8.6,3.4,7,9.9,157.6
4877,Hyderabad,Kukatpally,1,1,548,25,2,17,21,Furnished,10.2,2.8,3.2,7.8,20
4878,Bengaluru,Electronic City,5,5,2255,24,3,3,8,Unfurnished,1.7,2.7,4.6,9.6,182.5
4879,Hyderabad,Gachibowli,2,1,1576,4,3,0,8,Semi-Furnished,10.5,2.5,5.6,1.4,148.6
4880,Pune,Kharadi,3,4,2566,15,3,0,21,Unfurnished,8.7,3,3.7,3.1,186.8
4881,Bengaluru,Electronic City,5,5,3750,11,3,9,14,Unfurnished,5.3,3.2,7.1,1.8,292.5
4882,Chennai,Anna Nagar,4,4,2868,18,3,3,13,Unfurnished,10.8,4.4,4.8,3.1,238
4883,Hyderabad,Kondapur,5,6,2257,18,1,20,27,Semi-Furnished,5.9,3.1,0.7,2.3,214.1
4884,Chennai,Porur,2,2,920,3,2,1,9,Semi-Furnished,3.3,2.8,0.8,5.7,77.7
4885,Pune,Wakad,2,2,1191,25,3,5,8,Semi-Furnished,5.3,4.9,7.9,6.3,93.8
4886,Pune,Kharadi,2,1,1094,3,3,14,23,Semi-Furnished,12.6,2.8,4.5,8,75.8
4887,Chennai,OMR,4,4,3423,9,1,0,7,Furnished,11.8,3.9,5.1,7.3,254.4
4888,Pune,Kharadi,3,4,1474,2,2,22,27,Semi-Furnished,13.9,4.7,1.3,7,133.6
4889,Chennai,Anna Nagar,4,5,3596,20,1,6,6,Furnished,10.9,4.2,3.5,5.9,327
4890,Hyderabad,Miyapur,5,6,3369,7,2,24,27,Furnished,12.7,2.9,1.1,5.2,251.1
4891,Hyderabad,Madhapur,5,5,3283,23,0,5,7,Unfurnished,0.2,4,1.5,5.4,281.2
4892,Pune,Wakad,4,5,2165,1,3,25,25,Semi-Furnished,2.4,2.8,7.7,3.5,191
4893,Pune,Kharadi,3,3,1377,14,0,4,18,Unfurnished,2.5,4.7,1.3,7.1,122.6
4894,Chennai,Anna Nagar,4,4,2709,13,0,2,8,Furnished,12.6,2.6,3.1,8.6,243.7
4895,Chennai,Velachery,1,1,460,15,2,10,11,Furnished,3.2,3.6,7.1,5,29
4896,Chennai,Porur,2,2,1260,19,1,2,14,Unfurnished,4.6,3.9,7.9,3.2,67.6
4897,Hyderabad,Gachibowli,4,3,1875,12,1,16,20,Furnished,10.4,4.9,4.5,5.7,205.9
4898,Bengaluru,Marathahalli,2,2,1687,8,1,10,13,Semi-Furnished,11.6,4.2,0.9,8.5,137.4
4899,Bengaluru,Marathahalli,3,2,2103,17,3,0,30,Unfurnished,9.3,4.9,1,2.8,169.8
4900,Pune,Wakad,2,2,1657,6,2,5,8,Unfurnished,6.3,2.9,6.8,3.7,96.1
4901,Chennai,Porur,2,2,1148,6,1,16,19,Semi-Furnished,10.1,3.1,6,1.5,82
4902,Bengaluru,Marathahalli,5,5,4313,2,2,17,21,Unfurnished,14.2,3.3,3,4.7,342.7
4903,Chennai,Velachery,2,3,1103,1,0,7,18,Semi-Furnished,7.1,3.2,4.3,1.5,103.7
4904,Hyderabad,Kondapur,5,4,2827,19,2,8,25,Semi-Furnished,3.4,4.1,3.8,7.9,256.7
4905,Bengaluru,Marathahalli,1,1,849,14,0,3,8,Furnished,3.1,3.6,6.9,9.2,71.7
4906,Hyderabad,Kukatpally,5,6,2337,25,2,18,19,Furnished,10.2,3,0.5,1.5,196.7
4907,Hyderabad,Madhapur,4,4,3480,5,2,15,16,Semi-Furnished,1.3,3.9,2.2,2.2,327.5
4908,Bengaluru,Marathahalli,5,6,2528,17,3,0,18,Furnished,0.4,4.5,0.9,7.8,277.4
4909,Pune,Wakad,3,2,2191,17,2,16,28,Furnished,9.6,3.4,6.4,7.5,152.5
4910,Hyderabad,Gachibowli,3,3,1983,0,2,4,12,Semi-Furnished,4.4,3,6.6,8.4,204.3
4911,Hyderabad,Miyapur,1,1,691,23,1,5,13,Semi-Furnished,1.3,3.1,5.4,8.5,43.9
4912,Bengaluru,Indiranagar,4,4,3547,21,2,11,12,Unfurnished,5.8,3.3,4.7,6.1,355.3
4913,Hyderabad,Madhapur,4,3,2449,5,1,7,19,Semi-Furnished,12.9,2.9,1.4,4.7,232
4914,Pune,Hinjewadi,4,3,2578,17,0,8,11,Furnished,5.2,2.8,4.1,1.9,217.7
4915,Bengaluru,Electronic City,3,2,1734,10,3,17,25,Unfurnished,4.8,2.7,1.2,7.3,130.3
4916,Chennai,Tambaram,5,6,2625,9,2,0,14,Unfurnished,7,3.9,5,3.7,164.7
4917,Chennai,Velachery,2,3,1627,19,0,0,8,Semi-Furnished,4.7,3.4,7.5,4.7,120.9
4918,Bengaluru,Whitefield,2,1,926,13,3,11,30,Semi-Furnished,3,2.6,1.3,1.2,98.9
4919,Bengaluru,Electronic City,4,3,2335,5,2,10,21,Unfurnished,1.3,3.5,1.4,4,201.7
4920,Bengaluru,HSR Layout,1,1,720,10,3,4,15,Unfurnished,8.6,2.9,5,3.5,62.8
4921,Bengaluru,Whitefield,1,1,751,3,1,4,5,Semi-Furnished,9.9,4.8,1.9,4.2,71.8
4922,Pune,Hadapsar,4,4,1826,16,1,18,19,Semi-Furnished,9.3,3.1,1.9,6.1,132.1
4923,Pune,Baner,2,3,1414,19,0,7,8,Semi-Furnished,1.6,3.7,2.4,8.6,107.2
4924,Hyderabad,Kukatpally,5,4,3715,14,1,13,18,Semi-Furnished,0.4,5,6,6,278.2
4925,Hyderabad,Gachibowli,2,1,1784,16,0,19,27,Semi-Furnished,1.1,3.3,3.4,9.7,152
4926,Chennai,OMR,5,5,2294,6,3,1,10,Furnished,8.7,2.6,6.9,6,191
4927,Chennai,Porur,2,3,917,22,2,5,18,Unfurnished,11.8,3.7,6.9,3.7,43.5
4928,Hyderabad,Kondapur,4,4,3416,9,1,22,24,Semi-Furnished,12.8,2.9,3,8.4,275.2
4929,Chennai,Anna Nagar,4,4,2229,22,1,20,30,Semi-Furnished,5.5,3.3,3.7,3.8,206.2
4930,Bengaluru,Electronic City,1,2,626,22,2,3,7,Semi-Furnished,12.3,5,3.9,8.5,48.6
4931,Bengaluru,HSR Layout,5,6,2791,22,0,2,10,Furnished,2,2.9,5.5,5.1,338.7
4932,Bengaluru,HSR Layout,2,3,1714,1,1,23,26,Semi-Furnished,1.1,3.4,0.8,8.6,186.3
4933,Chennai,OMR,1,2,839,18,3,20,20,Semi-Furnished,3,2.8,4.5,2.7,65.5
4934,Pune,Wakad,4,4,2097,3,3,10,22,Semi-Furnished,13.1,4.2,1.5,2.5,174.5
4935,Hyderabad,Kondapur,2,3,1516,2,3,9,28,Furnished,3,3,7.3,7.8,151.7
4936,Pune,Hadapsar,1,1,717,1,0,9,20,Semi-Furnished,10.6,4.3,6.2,6.7,43.2
4937,Hyderabad,Gachibowli,3,2,1419,5,1,6,12,Semi-Furnished,8.5,3.2,0.9,4.5,145.9
4938,Pune,Kharadi,1,1,732,19,1,23,26,Unfurnished,3.5,4.2,7.3,4.8,44
4939,Hyderabad,Madhapur,4,4,2722,2,3,16,21,Semi-Furnished,2.4,4.1,0.9,1.3,272.6
4940,Hyderabad,Miyapur,3,3,1906,0,2,15,29,Semi-Furnished,4.4,3.7,0.5,3,153
4941,Pune,Hinjewadi,4,4,2790,9,0,26,30,Semi-Furnished,9.3,3.1,4.3,2.8,221.5
4942,Bengaluru,Indiranagar,2,2,925,22,2,14,29,Semi-Furnished,13.9,4.5,0.7,8.6,89.7
4943,Pune,Hadapsar,2,1,1445,22,2,16,30,Semi-Furnished,2.8,4.3,1.1,5.7,90.3
4944,Bengaluru,Marathahalli,3,4,1787,18,2,17,26,Semi-Furnished,3,3.1,5.9,6.3,168.1
4945,Bengaluru,Electronic City,2,3,1673,24,1,7,18,Furnished,4.7,3.2,1.9,3.3,151.8
4946,Chennai,Anna Nagar,3,4,1372,2,1,14,25,Semi-Furnished,13.2,3.9,7.9,3.9,136
4947,Pune,Hadapsar,1,2,549,9,2,22,27,Semi-Furnished,7,2.8,3.9,5.1,28.5
4948,Chennai,Anna Nagar,1,1,668,9,3,2,9,Unfurnished,4.1,3.5,2.6,2.4,55.9
4949,Pune,Kharadi,3,4,2524,13,3,14,29,Semi-Furnished,1.4,3,2.1,3.7,206.7
4950,Pune,Kharadi,2,2,1306,22,3,7,18,Semi-Furnished,13.5,3.6,1.7,9.6,93
4951,Chennai,Porur,4,5,3384,13,3,20,28,Furnished,3.9,3.1,3,8.3,237.3
4952,Bengaluru,Electronic City,1,1,494,11,2,10,18,Furnished,12.1,2.9,6.9,5.1,31.6
4953,Bengaluru,Indiranagar,2,2,1597,17,0,22,29,Unfurnished,7.3,4.8,2,2.8,160.1
4954,Chennai,OMR,2,3,1473,12,1,12,26,Unfurnished,10.2,2.8,7.3,3.1,96
4955,Hyderabad,Madhapur,5,6,4395,10,0,13,14,Unfurnished,0.4,4.8,0.9,6.2,383.4
4956,Pune,Wakad,4,4,2158,21,1,9,19,Furnished,7.1,2.8,2.9,5.8,161.5
4957,Pune,Wakad,5,5,2289,0,0,0,7,Semi-Furnished,2.3,2.9,0.5,9.1,190.4
4958,Pune,Kharadi,5,6,2665,19,3,12,29,Unfurnished,3.2,3.8,3.8,2.8,215.5
4959,Pune,Baner,4,5,1851,6,0,3,6,Semi-Furnished,3,3.4,2.1,4.7,172.8
4960,Chennai,OMR,2,3,1709,24,2,18,20,Semi-Furnished,0.4,3.6,1.4,6.5,133.7
4961,Bengaluru,Electronic City,2,2,973,4,0,16,24,Semi-Furnished,12.5,3.4,7.5,4.6,82.8
4962,Hyderabad,Gachibowli,3,4,2074,21,3,6,6,Furnished,14.9,4.5,4.3,9.9,201.3
4963,Bengaluru,Electronic City,1,1,650,6,3,0,7,Unfurnished,8,2.6,3.2,4.1,56.7
4964,Bengaluru,Indiranagar,5,4,2435,25,2,1,18,Semi-Furnished,6.2,4.5,7.6,8.2,276.2
4965,Pune,Wakad,5,5,2683,25,2,7,13,Unfurnished,9.4,4.3,4.1,2.5,181.2
4966,Hyderabad,Miyapur,2,2,1392,13,2,8,11,Semi-Furnished,3,3.4,5.7,2,97.3
4967,Pune,Hadapsar,4,4,2003,17,1,16,19,Semi-Furnished,11.6,4.1,3.5,5.2,149.2
4968,Pune,Kharadi,2,3,1604,19,2,17,17,Semi-Furnished,0.7,4.9,2.8,7.2,141
4969,Pune,Kharadi,3,3,1592,12,1,20,27,Semi-Furnished,8,3.9,6.6,7.7,138.3
4970,Hyderabad,Gachibowli,1,1,509,20,0,9,21,Furnished,2.3,4.4,3.2,3.7,60
4971,Bengaluru,HSR Layout,1,1,723,7,2,10,23,Semi-Furnished,11.6,3.8,5.7,3,64.9
4972,Bengaluru,Indiranagar,2,2,1352,12,0,14,18,Unfurnished,2.3,5,7.5,1.7,155.4
4973,Bengaluru,Indiranagar,1,1,766,22,0,10,24,Furnished,10.6,4.5,5.3,6.5,80
4974,Bengaluru,HSR Layout,2,3,1402,22,1,10,17,Semi-Furnished,10.9,4.9,0.9,6.1,150.5
4975,Bengaluru,Whitefield,1,1,844,5,0,4,28,Furnished,2.7,2.8,2.2,1.6,90.8
4976,Hyderabad,Miyapur,5,5,4493,18,1,14,26,Unfurnished,14.8,4.8,0.4,7.4,264.6
4977,Bengaluru,Electronic City,3,4,2549,5,1,4,30,Semi-Furnished,12,3.6,2.3,6.2,207.7
4978,Pune,Kharadi,2,1,1789,14,2,6,9,Semi-Furnished,3.3,4.8,5.1,2.6,145.4
4979,Hyderabad,Gachibowli,2,2,1557,15,0,24,25,Furnished,10.2,4.7,0.5,8.2,160.7
4980,Bengaluru,Whitefield,3,2,2288,21,1,27,27,Unfurnished,1.9,3.1,2,5.9,203.6
4981,Chennai,Anna Nagar,3,4,2069,2,2,3,10,Semi-Furnished,10.3,3.9,3.7,4.1,201.2
4982,Pune,Kharadi,1,1,522,4,1,0,19,Semi-Furnished,13.3,2.8,2.7,4.5,28.2
4983,Bengaluru,Marathahalli,1,1,618,21,1,9,12,Furnished,8.5,4.6,7.5,7.2,52.8
4984,Pune,Baner,1,1,510,5,0,9,21,Semi-Furnished,8.1,3.1,3.3,4,47.1
4985,Hyderabad,Madhapur,1,1,648,14,0,6,25,Unfurnished,8.5,2.6,5.1,1.2,40.1
4986,Hyderabad,Madhapur,1,2,880,9,3,6,9,Semi-Furnished,3.3,4.6,7.9,5.9,98.1
4987,Pune,Kharadi,2,3,1693,10,1,13,22,Semi-Furnished,9,3.7,0.7,5,140.4
4988,Chennai,Velachery,1,1,822,24,1,6,8,Furnished,9.2,2.8,7.1,8,43.3
4989,Chennai,Velachery,3,3,2650,0,2,12,18,Semi-Furnished,14.4,3.1,3.1,8.4,186.5
4990,Chennai,Tambaram,3,3,2622,24,0,7,16,Semi-Furnished,13.9,4.5,3.4,1.1,129.4
4991,Chennai,Tambaram,1,1,505,0,0,5,8,Unfurnished,9.4,4.5,6,2.5,29.3
4992,Pune,Wakad,4,3,2655,14,2,4,30,Furnished,5.5,3.1,6.2,7.6,206.8
4993,Chennai,OMR,3,4,1672,7,3,2,13,Unfurnished,7.1,3.2,5.3,5.9,118.3
4994,Chennai,Porur,4,4,2677,10,0,17,23,Unfurnished,10.3,3.4,1.9,7.7,163.8
4995,Hyderabad,Madhapur,2,2,1587,17,3,19,22,Semi-Furnished,10.5,4.8,1.3,7.9,144.8
4996,Chennai,Velachery,5,5,4306,0,1,1,11,Semi-Furnished,14.9,4.7,0.6,9.7,319.7
4997,Hyderabad,Gachibowli,2,1,1196,5,3,22,23,Semi-Furnished,8.2,3.9,7.1,3.1,115.7
4998,Hyderabad,Miyapur,5,6,4315,23,2,1,25,Semi-Furnished,1.2,2.7,1.2,2.4,287.7
4999,Hyderabad,Kukatpally,2,3,1332,12,3,12,13,Furnished,2.6,3.1,7.4,3,125.8
5000,Chennai,Anna Nagar,3,4,1490,2,3,23,23,Semi-Furnished,4.9,4,3.1,7.7,162.2
